CustomerKey,Segment,StoreCity,StoreState,StoreCountry
1,Consumer,Brownsville,TX,United States
2,Consumer,Littleton,CO,United States
3,Consumer,Caguas,PR,Puerto Rico
4,Consumer,San Marcos,CA,United States
5,Home Office,Caguas,PR,Puerto Rico
6,Consumer,Passaic,NJ,United States
7,Corporate,Caguas,PR,Puerto Rico
8,Corporate,Lawrence,MA,United States
9,Consumer,Caguas,PR,Puerto Rico
10,Corporate,Stafford,VA,United States
11,Consumer,Caguas,PR,Puerto Rico
12,Corporate,San Antonio,TX,United States
13,Home Office,Caguas,PR,Puerto Rico
14,Corporate,Pico Rivera,CA,United States
15,Corporate,Fontana,CA,United States
16,Corporate,Caguas,PR,Puerto Rico
17,Consumer,Taylor,MI,United States
18,Consumer,Martinez,CA,United States
19,Home Office,Caguas,PR,Puerto Rico
20,Consumer,West New York,NJ,United States
21,Consumer,Caguas,PR,Puerto Rico
22,Corporate,North Bergen,NJ,United States
23,Corporate,San Juan,PR,Puerto Rico
24,Home Office,Caguas,PR,Puerto Rico
25,Home Office,Peoria,AZ,United States
26,Consumer,Glenview,IL,United States
27,Consumer,Caguas,PR,Puerto Rico
28,Consumer,Longview,WA,United States
29,Consumer,Fort Worth,TX,United States
30,Home Office,Caguas,PR,Puerto Rico
31,Consumer,Albuquerque,NM,United States
32,Corporate,Caguas,PR,Puerto Rico
33,Consumer,Norfolk,VA,United States
34,Corporate,Caguas,PR,Puerto Rico
35,Consumer,Oceanside,CA,United States
36,Corporate,Caguas,PR,Puerto Rico
37,Consumer,Norfolk,VA,United States
38,Consumer,Opelousas,LA,United States
39,Consumer,Caguas,PR,Puerto Rico
40,Consumer,Long Beach,CA,United States
41,Consumer,Brooklyn,NY,United States
42,Consumer,Duluth,GA,United States
43,Corporate,Caguas,PR,Puerto Rico
44,Corporate,Napa,CA,United States
45,Consumer,Denver,CO,United States
46,Consumer,Freeport,NY,United States
47,Home Office,Caguas,PR,Puerto Rico
48,Consumer,Strongsville,OH,United States
49,Consumer,Caguas,PR,Puerto Rico
50,Consumer,San Bernardino,CA,United States
51,Home Office,Caguas,PR,Puerto Rico
52,Corporate,Chicago,IL,United States
53,Corporate,Roswell,GA,United States
54,Home Office,Caguas,PR,Puerto Rico
55,Home Office,Phoenix,AZ,United States
56,Consumer,Caguas,PR,Puerto Rico
57,Consumer,Baltimore,MD,United States
58,Consumer,Caguas,PR,Puerto Rico
59,Consumer,Sunnyvale,CA,United States
60,Home Office,Webster,NY,United States
61,Home Office,Caguas,PR,Puerto Rico
62,Consumer,Brooklyn,NY,United States
63,Home Office,Caguas,PR,Puerto Rico
64,Corporate,Chicago,IL,United States
65,Consumer,Princeton,NJ,United States
66,Home Office,Caguas,PR,Puerto Rico
67,Corporate,Chicago,IL,United States
68,Consumer,Peoria,AZ,United States
69,Consumer,Caguas,PR,Puerto Rico
70,Corporate,Los Angeles,CA,United States
71,Corporate,Philadelphia,PA,United States
72,Consumer,Vista,CA,United States
73,Home Office,Caguas,PR,Puerto Rico
74,Corporate,Jacksonville,NC,United States
75,Consumer,Caguas,PR,Puerto Rico
76,Consumer,Los Angeles,CA,United States
77,Corporate,Caguas,PR,Puerto Rico
78,Home Office,Parkville,MD,United States
79,Consumer,Knoxville,TN,United States
80,Corporate,Caguas,PR,Puerto Rico
81,Home Office,Ithaca,NY,United States
82,Consumer,San Antonio,TX,United States
83,Corporate,Caguas,PR,Puerto Rico
84,Consumer,Tampa,FL,United States
85,Consumer,Caguas,PR,Puerto Rico
86,Corporate,Fort Worth,TX,United States
87,Corporate,Caguas,PR,Puerto Rico
88,Corporate,Atlanta,GA,United States
89,Consumer,Escondido,CA,United States
90,Consumer,Caguas,PR,Puerto Rico
91,Consumer,Spring,TX,United States
92,Home Office,Caguas,PR,Puerto Rico
93,Corporate,Annapolis,MD,United States
94,Corporate,Caguas,PR,Puerto Rico
95,Corporate,Hyattsville,MD,United States
96,Home Office,Caguas,PR,Puerto Rico
97,Corporate,Phoenix,AZ,United States
98,Consumer,Caguas,PR,Puerto Rico
99,Consumer,Las Vegas,NV,United States
100,Consumer,Caguas,PR,Puerto Rico
101,Corporate,Dorchester Center,MA,United States
102,Corporate,Caguas,PR,Puerto Rico
103,Corporate,Broomfield,CO,United States
104,Home Office,Saint Paul,MN,United States
105,Consumer,Caguas,PR,Puerto Rico
106,Corporate,Napa,CA,United States
107,Consumer,Caguas,PR,Puerto Rico
108,Consumer,Bronx,NY,United States
109,Corporate,Caguas,PR,Puerto Rico
110,Corporate,Beaverton,OR,United States
111,Corporate,Caguas,PR,Puerto Rico
112,Consumer,Middletown,OH,United States
113,Consumer,Caguas,PR,Puerto Rico
114,Home Office,Bellflower,CA,United States
115,Consumer,West Covina,CA,United States
116,Home Office,Caguas,PR,Puerto Rico
117,Consumer,La Crosse,WI,United States
118,Consumer,Ogden,UT,United States
119,Consumer,Caguas,PR,Puerto Rico
120,Consumer,Bronx,NY,United States
121,Corporate,Caguas,PR,Puerto Rico
122,Consumer,Cincinnati,OH,United States
123,Corporate,Bend,OR,United States
124,Consumer,Caguas,PR,Puerto Rico
125,Consumer,Oxnard,CA,United States
126,Home Office,Amarillo,TX,United States
127,Home Office,Caguas,PR,Puerto Rico
128,Consumer,Augusta,GA,United States
129,Home Office,Caguas,PR,Puerto Rico
130,Home Office,Aurora,IL,United States
131,Consumer,Methuen,MA,United States
132,Corporate,Caguas,PR,Puerto Rico
133,Consumer,Brooklyn,NY,United States
134,Consumer,Brooklyn,NY,United States
135,Consumer,Caguas,PR,Puerto Rico
136,Corporate,Lynn,MA,United States
137,Consumer,Broken Arrow,OK,United States
138,Consumer,Caguas,PR,Puerto Rico
139,Home Office,San Diego,CA,United States
140,Corporate,Caguas,PR,Puerto Rico
141,Consumer,Brooklyn,NY,United States
142,Consumer,Opa Locka,FL,United States
143,Corporate,Caguas,PR,Puerto Rico
144,Corporate,Bronx,NY,United States
145,Consumer,Dayton,OH,United States
146,Home Office,Caguas,PR,Puerto Rico
147,Home Office,Hanover,PA,United States
148,Consumer,Caguas,PR,Puerto Rico
149,Home Office,Colton,CA,United States
150,Corporate,Union,NJ,United States
151,Consumer,Richmond,TX,United States
152,Consumer,Caguas,PR,Puerto Rico
153,Home Office,Hollywood,FL,United States
154,Corporate,Brandon,FL,United States
155,Consumer,Caguas,PR,Puerto Rico
156,Consumer,Los Angeles,CA,United States
157,Corporate,Citrus Heights,CA,United States
158,Corporate,Caguas,PR,Puerto Rico
159,Corporate,Corona,NY,United States
160,Home Office,Brooklyn,NY,United States
161,Corporate,Hialeah,FL,United States
162,Corporate,Caguas,PR,Puerto Rico
163,Consumer,Rio Rancho,NM,United States
164,Consumer,Caguas,PR,Puerto Rico
165,Consumer,Antioch,CA,United States
166,Consumer,Florissant,MO,United States
167,Corporate,Columbus,OH,United States
168,Consumer,Caguas,PR,Puerto Rico
169,Corporate,Bronx,NY,United States
170,Corporate,Broomfield,CO,United States
171,Consumer,Caguas,PR,Puerto Rico
172,Home Office,Chino,CA,United States
173,Consumer,Lombard,IL,United States
174,Home Office,Caguas,PR,Puerto Rico
175,Home Office,Los Angeles,CA,United States
176,Corporate,Dundalk,MD,United States
177,Consumer,Caguas,PR,Puerto Rico
179,Consumer,Los Angeles,CA,United States
180,Corporate,Caguas,PR,Puerto Rico
181,Home Office,Irwin,PA,United States
182,Consumer,Caguas,PR,Puerto Rico
183,Consumer,Hayward,CA,United States
184,Consumer,Lindenhurst,NY,United States
185,Consumer,Louisville,KY,United States
186,Home Office,Caguas,PR,Puerto Rico
187,Consumer,Antioch,CA,United States
188,Consumer,Los Angeles,CA,United States
189,Corporate,San Marcos,TX,United States
190,Corporate,Caguas,PR,Puerto Rico
191,Home Office,Portland,OR,United States
192,Home Office,Caguas,PR,Puerto Rico
193,Corporate,Gaithersburg,MD,United States
194,Consumer,Caguas,PR,Puerto Rico
195,Corporate,Modesto,CA,United States
196,Home Office,Dearborn,MI,United States
197,Consumer,Caguas,PR,Puerto Rico
198,Home Office,Lancaster,PA,United States
199,Home Office,Caguas,PR,Puerto Rico
200,Consumer,Lynn,MA,United States
201,Consumer,Jacksonville,FL,United States
202,Home Office,Caguas,PR,Puerto Rico
203,Home Office,Phoenix,AZ,United States
204,Consumer,Las Vegas,NV,United States
205,Corporate,Caguas,PR,Puerto Rico
206,Consumer,Pompano Beach,FL,United States
207,Corporate,Caguas,PR,Puerto Rico
208,Home Office,Bayamon,PR,Puerto Rico
209,Consumer,Fort Worth,TX,United States
210,Corporate,Caguas,PR,Puerto Rico
211,Corporate,Lawrenceville,GA,United States
212,Consumer,South Ozone Park,NY,United States
213,Corporate,Enfield,CT,United States
214,Home Office,Caguas,PR,Puerto Rico
215,Home Office,Flushing,NY,United States
216,Home Office,Visalia,CA,United States
217,Corporate,Caguas,PR,Puerto Rico
218,Consumer,La Puente,CA,United States
220,Consumer,Salinas,CA,United States
221,Consumer,Columbus,OH,United States
222,Corporate,Carol Stream,IL,United States
223,Home Office,Caguas,PR,Puerto Rico
224,Corporate,Wheeling,WV,United States
225,Corporate,Caguas,PR,Puerto Rico
226,Consumer,Oxnard,CA,United States
227,Home Office,Tempe,AZ,United States
228,Consumer,Caguas,PR,Puerto Rico
229,Consumer,Jacksonville,FL,United States
230,Consumer,Caguas,PR,Puerto Rico
231,Consumer,Wyoming,MI,United States
232,Corporate,Caguas,PR,Puerto Rico
233,Corporate,Glendale,AZ,United States
234,Consumer,Miami,FL,United States
235,Consumer,Piscataway,NJ,United States
236,Home Office,Caguas,PR,Puerto Rico
237,Consumer,San Jose,CA,United States
238,Corporate,Caguas,PR,Puerto Rico
239,Corporate,Mcallen,TX,United States
240,Consumer,Caguas,PR,Puerto Rico
241,Corporate,Hamilton,OH,United States
242,Corporate,Mililani,HI,United States
243,Consumer,Caguas,PR,Puerto Rico
244,Home Office,Long Beach,CA,United States
245,Consumer,Yonkers,NY,United States
246,Consumer,Oak Lawn,IL,United States
247,Consumer,Caguas,PR,Puerto Rico
248,Corporate,Houston,TX,United States
249,Consumer,Portland,OR,United States
250,Consumer,Caguas,PR,Puerto Rico
251,Corporate,Saint Paul,MN,United States
252,Corporate,Richardson,TX,United States
253,Consumer,Caguas,PR,Puerto Rico
254,Consumer,San Antonio,TX,United States
255,Corporate,Caguas,PR,Puerto Rico
256,Consumer,Chicago,IL,United States
257,Consumer,Humacao,PR,Puerto Rico
258,Corporate,Philadelphia,PA,United States
259,Consumer,Caguas,PR,Puerto Rico
260,Corporate,North Hollywood,CA,United States
261,Corporate,Cerritos,CA,United States
262,Home Office,Chicago,IL,United States
263,Consumer,Caguas,PR,Puerto Rico
264,Corporate,Goleta,CA,United States
265,Home Office,Dubuque,IA,United States
266,Corporate,Caguas,PR,Puerto Rico
267,Consumer,Columbus,OH,United States
268,Home Office,Caguas,PR,Puerto Rico
269,Consumer,Chicago,IL,United States
270,Consumer,Caguas,PR,Puerto Rico
271,Corporate,Fremont,CA,United States
272,Corporate,Caguas,PR,Puerto Rico
273,Corporate,Jamaica,NY,United States
274,Consumer,San Antonio,TX,United States
275,Consumer,Caguas,PR,Puerto Rico
276,Corporate,West Covina,CA,United States
277,Corporate,Caguas,PR,Puerto Rico
278,Consumer,Brooklyn,NY,United States
279,Consumer,Bayamon,PR,Puerto Rico
280,Corporate,Caguas,PR,Puerto Rico
281,Corporate,Juana Diaz,PR,Puerto Rico
282,Home Office,Caguas,PR,Puerto Rico
283,Consumer,Wilmington,CA,United States
284,Consumer,Caguas,PR,Puerto Rico
285,Consumer,Lancaster,CA,United States
286,Corporate,Santa Cruz,CA,United States
287,Consumer,Caguas,PR,Puerto Rico
288,Consumer,San Juan,PR,Puerto Rico
289,Corporate,Morristown,NJ,United States
290,Consumer,Caguas,PR,Puerto Rico
291,Corporate,Bristol,CT,United States
292,Home Office,Columbus,OH,United States
293,Corporate,Caguas,PR,Puerto Rico
294,Consumer,Newark,DE,United States
295,Home Office,Caguas,PR,Puerto Rico
296,Corporate,Detroit,MI,United States
297,Corporate,Caguas,PR,Puerto Rico
298,Corporate,Chicago,IL,United States
299,Consumer,Troy,MI,United States
300,Consumer,Plano,TX,United States
301,Home Office,Caguas,PR,Puerto Rico
302,Corporate,Fullerton,CA,United States
303,Consumer,Caguas,PR,Puerto Rico
304,Home Office,New Haven,CT,United States
305,Consumer,Caguas,PR,Puerto Rico
306,Home Office,Phoenix,AZ,United States
307,Consumer,Baltimore,MD,United States
308,Home Office,South Ozone Park,NY,United States
309,Corporate,Caguas,PR,Puerto Rico
310,Corporate,York,PA,United States
311,Home Office,Austin,TX,United States
312,Consumer,Houston,TX,United States
313,Consumer,Caguas,PR,Puerto Rico
314,Consumer,Milwaukee,WI,United States
315,Home Office,Modesto,CA,United States
316,Consumer,Caguas,PR,Puerto Rico
317,Consumer,Wayne,NJ,United States
318,Consumer,Caguas,PR,Puerto Rico
319,Corporate,Chicago,IL,United States
320,Consumer,Chicago,IL,United States
321,Consumer,Ann Arbor,MI,United States
322,Consumer,Caguas,PR,Puerto Rico
323,Consumer,New York,NY,United States
324,Corporate,Pico Rivera,CA,United States
325,Corporate,Washington,DC,United States
326,Consumer,Caguas,PR,Puerto Rico
327,Consumer,Carrollton,TX,United States
328,Consumer,Caguas,PR,Puerto Rico
329,Consumer,Miami,FL,United States
330,Corporate,Caguas,PR,Puerto Rico
331,Home Office,Tempe,AZ,United States
332,Consumer,Placentia,CA,United States
333,Consumer,Caguas,PR,Puerto Rico
334,Consumer,Tracy,CA,United States
335,Consumer,Caguas,PR,Puerto Rico
336,Consumer,New York,NY,United States
337,Corporate,New Haven,CT,United States
338,Consumer,Caguas,PR,Puerto Rico
340,Consumer,Denton,TX,United States
341,Consumer,Carlsbad,CA,United States
342,Home Office,Caguas,PR,Puerto Rico
343,Corporate,San Antonio,TX,United States
344,Consumer,Caguas,PR,Puerto Rico
345,Corporate,Chicago,IL,United States
346,Consumer,Caguas,PR,Puerto Rico
347,Home Office,Dallas,TX,United States
348,Home Office,Caguas,PR,Puerto Rico
349,Consumer,Florissant,MO,United States
350,Consumer,Caguas,PR,Puerto Rico
351,Corporate,Stockton,CA,United States
352,Home Office,Caguas,PR,Puerto Rico
353,Home Office,San Antonio,TX,United States
354,Home Office,Caguas,PR,Puerto Rico
355,Consumer,Carmichael,CA,United States
356,Consumer,Catonsville,MD,United States
357,Home Office,Caguas,PR,Puerto Rico
358,Consumer,San Antonio,TX,United States
359,Consumer,Caguas,PR,Puerto Rico
361,Consumer,Caguas,PR,Puerto Rico
362,Corporate,Diamond Bar,CA,United States
363,Consumer,Caguas,PR,Puerto Rico
364,Home Office,Tulare,CA,United States
365,Consumer,Garden Grove,CA,United States
366,Corporate,Caguas,PR,Puerto Rico
367,Corporate,San Francisco,CA,United States
368,Corporate,Caguas,PR,Puerto Rico
369,Corporate,Chicago,IL,United States
370,Consumer,Caguas,PR,Puerto Rico
371,Corporate,San Antonio,TX,United States
372,Home Office,Caguas,PR,Puerto Rico
373,Consumer,Union City,NJ,United States
374,Home Office,Mesa,AZ,United States
375,Home Office,Dallas,TX,United States
376,Home Office,Caguas,PR,Puerto Rico
377,Consumer,Lancaster,CA,United States
378,Home Office,Roswell,GA,United States
379,Home Office,Wyandotte,MI,United States
380,Corporate,Caguas,PR,Puerto Rico
381,Consumer,Fairfield,OH,United States
382,Consumer,Caguas,PR,Puerto Rico
383,Corporate,Huntington Beach,CA,United States
384,Consumer,Las Vegas,NV,United States
385,Consumer,Caguas,PR,Puerto Rico
386,Consumer,Richmond,TX,United States
387,Consumer,Caguas,PR,Puerto Rico
388,Consumer,Los Angeles,CA,United States
389,Consumer,Modesto,CA,United States
390,Home Office,Caguas,PR,Puerto Rico
391,Consumer,Saginaw,MI,United States
392,Consumer,Doylestown,PA,United States
393,Corporate,Caguas,PR,Puerto Rico
394,Consumer,Lakewood,OH,United States
395,Home Office,Revere,MA,United States
396,Consumer,Richmond,TX,United States
397,Consumer,Cumberland,MD,United States
398,Corporate,Caguas,PR,Puerto Rico
399,Consumer,Las Vegas,NV,United States
400,Corporate,Caguas,PR,Puerto Rico
401,Consumer,Aurora,CO,United States
402,Consumer,Caguas,PR,Puerto Rico
403,Consumer,Las Vegas,NV,United States
404,Consumer,Caguas,PR,Puerto Rico
405,Corporate,Fort Lauderdale,FL,United States
406,Corporate,Asheboro,NC,United States
407,Consumer,Atlanta,GA,United States
408,Consumer,Caguas,PR,Puerto Rico
409,Consumer,Greensboro,NC,United States
410,Consumer,Caguas,PR,Puerto Rico
411,Consumer,Washington,DC,United States
412,Home Office,Caguas,PR,Puerto Rico
413,Corporate,Potomac,MD,United States
415,Corporate,San Diego,CA,United States
416,Consumer,Caguas,PR,Puerto Rico
417,Corporate,New York,NY,United States
418,Consumer,Gardena,CA,United States
419,Consumer,Caguas,PR,Puerto Rico
420,Consumer,Round Rock,TX,United States
421,Consumer,San Ramon,CA,United States
422,Consumer,Caguas,PR,Puerto Rico
423,Consumer,Huntington Beach,CA,United States
424,Consumer,Carlisle,PA,United States
425,Consumer,Caguas,PR,Puerto Rico
426,Home Office,Endicott,NY,United States
427,Corporate,Caguas,PR,Puerto Rico
428,Consumer,Spring Valley,CA,United States
429,Consumer,Caguas,PR,Puerto Rico
430,Consumer,Porterville,CA,United States
431,Consumer,Columbus,OH,United States
432,Consumer,Caguas,PR,Puerto Rico
433,Corporate,Las Vegas,NV,United States
434,Consumer,Caguas,PR,Puerto Rico
435,Consumer,Chicago,IL,United States
436,Corporate,Tampa,FL,United States
437,Consumer,Caguas,PR,Puerto Rico
438,Consumer,Carlsbad,CA,United States
439,Consumer,Caguas,PR,Puerto Rico
440,Consumer,Brooklyn,NY,United States
441,Home Office,Brooklyn,NY,United States
442,Consumer,Allentown,PA,United States
443,Corporate,Caguas,PR,Puerto Rico
444,Corporate,Sunnyvale,CA,United States
445,Corporate,Fort Washington,MD,United States
446,Corporate,Mission Viejo,CA,United States
447,Consumer,Caguas,PR,Puerto Rico
448,Consumer,Modesto,CA,United States
449,Consumer,Columbus,OH,United States
450,Home Office,Caguas,PR,Puerto Rico
451,Consumer,Asheboro,NC,United States
452,Home Office,Caguas,PR,Puerto Rico
453,Corporate,Lancaster,SC,United States
454,Consumer,Caguas,PR,Puerto Rico
455,Consumer,Colorado Springs,CO,United States
456,Consumer,Caguas,PR,Puerto Rico
457,Home Office,Brooklyn,NY,United States
458,Consumer,San Francisco,CA,United States
459,Home Office,Sanford,NC,United States
460,Home Office,Milford,CT,United States
461,Consumer,Caguas,PR,Puerto Rico
462,Corporate,Newark,NJ,United States
463,Corporate,Caguas,PR,Puerto Rico
464,Consumer,Morrisville,PA,United States
465,Consumer,Caguas,PR,Puerto Rico
466,Corporate,Bronx,NY,United States
467,Consumer,Modesto,CA,United States
468,Consumer,Caguas,PR,Puerto Rico
470,Consumer,Far Rockaway,NY,United States
471,Home Office,Caguas,PR,Puerto Rico
472,Consumer,Bellflower,CA,United States
473,Corporate,Elmhurst,IL,United States
474,Consumer,Philadelphia,PA,United States
475,Consumer,Caguas,PR,Puerto Rico
476,Corporate,Eugene,OR,United States
477,Corporate,Caguas,PR,Puerto Rico
478,Corporate,Plainfield,IL,United States
479,Consumer,Caguas,PR,Puerto Rico
480,Consumer,Austin,TX,United States
481,Consumer,Los Angeles,CA,United States
482,Consumer,Caguas,PR,Puerto Rico
483,Consumer,Granada Hills,CA,United States
484,Consumer,Hyattsville,MD,United States
485,Consumer,Caguas,PR,Puerto Rico
486,Home Office,Lancaster,OH,United States
487,Consumer,Caguas,PR,Puerto Rico
488,Consumer,San Francisco,CA,United States
489,Corporate,Portland,OR,United States
490,Corporate,Caguas,PR,Puerto Rico
491,Home Office,Henderson,NV,United States
492,Consumer,Bayamon,PR,Puerto Rico
493,Consumer,Caguas,PR,Puerto Rico
494,Consumer,Greeley,CO,United States
495,Corporate,Caguas,PR,Puerto Rico
496,Corporate,Revere,MA,United States
497,Corporate,Caguas,PR,Puerto Rico
498,Home Office,Chicago,IL,United States
499,Home Office,San Diego,CA,United States
500,Consumer,Michigan City,IN,United States
501,Consumer,Caguas,PR,Puerto Rico
502,Home Office,South Richmond Hill,NY,United States
503,Consumer,Caguas,PR,Puerto Rico
504,Consumer,Orange Park,FL,United States
505,Corporate,Scottsdale,AZ,United States
506,Consumer,Caguas,PR,Puerto Rico
507,Consumer,Simi Valley,CA,United States
508,Consumer,Rancho Cordova,CA,United States
509,Consumer,Caguas,PR,Puerto Rico
510,Home Office,Hialeah,FL,United States
511,Consumer,Caguas,PR,Puerto Rico
512,Consumer,Fremont,CA,United States
513,Home Office,Caguas,PR,Puerto Rico
514,Corporate,La Habra,CA,United States
515,Consumer,Stockbridge,GA,United States
516,Corporate,Caguas,PR,Puerto Rico
517,Corporate,Brooklyn,NY,United States
518,Corporate,Cerritos,CA,United States
519,Home Office,Ogden,UT,United States
520,Consumer,Caguas,PR,Puerto Rico
521,Home Office,Portland,OR,United States
522,Consumer,Caguas,PR,Puerto Rico
523,Consumer,Mission Viejo,CA,United States
524,Corporate,New Bedford,MA,United States
525,Consumer,Caguas,PR,Puerto Rico
526,Home Office,Brownsville,TX,United States
527,Corporate,Taunton,MA,United States
528,Consumer,Caguas,PR,Puerto Rico
529,Consumer,Chicago,IL,United States
530,Corporate,Newark,NJ,United States
531,Corporate,Caguas,PR,Puerto Rico
532,Corporate,Sugar Land,TX,United States
533,Corporate,Caguas,PR,Puerto Rico
534,Home Office,Baldwin Park,CA,United States
535,Consumer,Bronx,NY,United States
536,Consumer,Caguas,PR,Puerto Rico
537,Home Office,Costa Mesa,CA,United States
538,Consumer,Wilmington,CA,United States
539,Home Office,Ventura,CA,United States
540,Consumer,Caguas,PR,Puerto Rico
541,Corporate,Lynwood,CA,United States
542,Home Office,Caguas,PR,Puerto Rico
543,Home Office,Greenville,NC,United States
544,Consumer,Caguas,PR,Puerto Rico
545,Consumer,El Cajon,CA,United States
546,Corporate,Clearfield,UT,United States
547,Corporate,Hyattsville,MD,United States
548,Consumer,Caguas,PR,Puerto Rico
549,Home Office,Sugar Land,TX,United States
550,Home Office,Lancaster,PA,United States
551,Consumer,Caguas,PR,Puerto Rico
552,Corporate,Los Angeles,CA,United States
553,Consumer,Fremont,CA,United States
554,Consumer,Caguas,PR,Puerto Rico
555,Consumer,Compton,CA,United States
556,Corporate,Caguas,PR,Puerto Rico
557,Consumer,Waipahu,HI,United States
558,Consumer,Carlisle,PA,United States
559,Consumer,Caguas,PR,Puerto Rico
560,Consumer,Richmond,VA,United States
561,Corporate,Caguas,PR,Puerto Rico
562,Consumer,Tracy,CA,United States
563,Corporate,Los Angeles,CA,United States
564,Corporate,Caguas,PR,Puerto Rico
565,Home Office,San Francisco,CA,United States
566,Consumer,Dayton,OH,United States
567,Corporate,Las Vegas,NV,United States
568,Consumer,Caguas,PR,Puerto Rico
569,Consumer,Meridian,ID,United States
570,Consumer,Buffalo,NY,United States
571,Consumer,Caguas,PR,Puerto Rico
572,Corporate,Spring Valley,CA,United States
573,Consumer,Washington,DC,United States
574,Corporate,Joliet,IL,United States
575,Corporate,Rancho Cucamonga,CA,United States
576,Home Office,Houston,TX,United States
577,Consumer,Caguas,PR,Puerto Rico
578,Consumer,Kaneohe,HI,United States
579,Consumer,New Orleans,LA,United States
580,Corporate,Caguas,PR,Puerto Rico
581,Consumer,West New York,NJ,United States
582,Corporate,Garland,TX,United States
583,Consumer,San Marcos,TX,United States
584,Consumer,Caguas,PR,Puerto Rico
585,Corporate,New York,NY,United States
586,Home Office,San Marcos,TX,United States
587,Consumer,Ogden,UT,United States
588,Consumer,Caguas,PR,Puerto Rico
589,Corporate,Oxnard,CA,United States
590,Consumer,Meridian,ID,United States
591,Consumer,Caguas,PR,Puerto Rico
592,Corporate,Detroit,MI,United States
593,Consumer,Caguas,PR,Puerto Rico
594,Home Office,Lynnwood,WA,United States
595,Consumer,Caguas,PR,Puerto Rico
596,Corporate,Pompano Beach,FL,United States
597,Corporate,Caguas,PR,Puerto Rico
598,Consumer,Paramount,CA,United States
599,Corporate,Caguas,PR,Puerto Rico
601,Home Office,Caguas,PR,Puerto Rico
602,Consumer,Brooklyn,NY,United States
603,Corporate,Fresno,CA,United States
604,Consumer,Caguas,PR,Puerto Rico
605,Home Office,Brooklyn,NY,United States
606,Consumer,Newark,DE,United States
607,Consumer,Caguas,PR,Puerto Rico
608,Corporate,Fairfield,OH,United States
609,Consumer,Caguas,PR,Puerto Rico
610,Home Office,New York,NY,United States
611,Consumer,El Cajon,CA,United States
612,Home Office,Caguas,PR,Puerto Rico
613,Consumer,South Ozone Park,NY,United States
614,Corporate,Caguas,PR,Puerto Rico
615,Corporate,El Paso,TX,United States
616,Corporate,Smyrna,GA,United States
617,Consumer,Caguas,PR,Puerto Rico
618,Corporate,Jackson Heights,NY,United States
619,Corporate,Houston,TX,United States
620,Consumer,Caguas,PR,Puerto Rico
621,Corporate,Anaheim,CA,United States
622,Corporate,Caguas,PR,Puerto Rico
623,Home Office,Tempe,AZ,United States
624,Corporate,Oceanside,CA,United States
625,Corporate,Caguas,PR,Puerto Rico
626,Corporate,Dallas,TX,United States
627,Consumer,Honolulu,HI,United States
628,Consumer,Caguas,PR,Puerto Rico
629,Corporate,Van Nuys,CA,United States
630,Consumer,Caguas,PR,Puerto Rico
631,Consumer,Brooklyn,NY,United States
632,Home Office,Grand Prairie,TX,United States
633,Home Office,Caguas,PR,Puerto Rico
634,Home Office,Riverside,CA,United States
635,Consumer,Caguas,PR,Puerto Rico
636,Consumer,Long Beach,CA,United States
637,Corporate,Caguas,PR,Puerto Rico
638,Consumer,Bridgeton,NJ,United States
639,Home Office,Caguas,PR,Puerto Rico
640,Corporate,New Castle,DE,United States
641,Consumer,Plainfield,NJ,United States
642,Consumer,Caguas,PR,Puerto Rico
643,Consumer,New Orleans,LA,United States
644,Home Office,Caguas,PR,Puerto Rico
645,Consumer,Cupertino,CA,United States
646,Consumer,Ann Arbor,MI,United States
647,Consumer,Caguas,PR,Puerto Rico
648,Consumer,Arecibo,PR,Puerto Rico
649,Corporate,Stockton,CA,United States
650,Home Office,Caguas,PR,Puerto Rico
651,Consumer,Santa Fe,NM,United States
652,Consumer,Alpharetta,GA,United States
653,Consumer,Caguas,PR,Puerto Rico
654,Corporate,Orange Park,FL,United States
655,Corporate,Caguas,PR,Puerto Rico
656,Corporate,Pomona,CA,United States
657,Corporate,Caguas,PR,Puerto Rico
658,Consumer,Irwin,PA,United States
659,Corporate,Greenville,NC,United States
660,Consumer,Caguas,PR,Puerto Rico
661,Home Office,Detroit,MI,United States
662,Home Office,Caguas,PR,Puerto Rico
663,Consumer,Pacoima,CA,United States
664,Home Office,Holland,MI,United States
665,Consumer,Caguas,PR,Puerto Rico
666,Consumer,Orange Park,FL,United States
667,Corporate,Caguas,PR,Puerto Rico
668,Home Office,Peoria,AZ,United States
669,Consumer,San Jose,CA,United States
670,Corporate,Caguas,PR,Puerto Rico
671,Consumer,Tucson,AZ,United States
672,Corporate,Caguas,PR,Puerto Rico
673,Corporate,Chula Vista,CA,United States
674,Consumer,Morrisville,PA,United States
675,Home Office,Greensboro,NC,United States
676,Consumer,Caguas,PR,Puerto Rico
677,Corporate,Waukegan,IL,United States
678,Consumer,Amarillo,TX,United States
679,Corporate,Caguas,PR,Puerto Rico
680,Home Office,Strongsville,OH,United States
681,Consumer,Caguas,PR,Puerto Rico
682,Corporate,Salinas,CA,United States
683,Consumer,Harlingen,TX,United States
684,Corporate,Highland Park,MI,United States
685,Home Office,Caguas,PR,Puerto Rico
686,Home Office,North Hollywood,CA,United States
687,Consumer,Garden Grove,CA,United States
688,Consumer,Houston,TX,United States
689,Home Office,Caguas,PR,Puerto Rico
690,Home Office,Salt Lake City,UT,United States
691,Consumer,Stafford,VA,United States
692,Home Office,Phoenix,AZ,United States
693,Corporate,Caguas,PR,Puerto Rico
694,Consumer,Elmhurst,NY,United States
695,Corporate,Roswell,NM,United States
696,Consumer,Caguas,PR,Puerto Rico
697,Consumer,Washington,DC,United States
698,Corporate,Caguas,PR,Puerto Rico
699,Corporate,Houston,TX,United States
700,Consumer,Chula Vista,CA,United States
701,Home Office,Hollister,CA,United States
702,Corporate,Bend,OR,United States
703,Consumer,Miami,FL,United States
704,Consumer,Caguas,PR,Puerto Rico
705,Consumer,Atlanta,GA,United States
706,Consumer,Brighton,MA,United States
707,Consumer,Caguas,PR,Puerto Rico
708,Consumer,Phoenix,AZ,United States
709,Consumer,Caguas,PR,Puerto Rico
710,Home Office,Seattle,WA,United States
711,Corporate,Caguas,PR,Puerto Rico
712,Consumer,Vega Baja,PR,Puerto Rico
713,Corporate,Moreno Valley,CA,United States
714,Consumer,Caguas,PR,Puerto Rico
715,Consumer,Dubuque,IA,United States
716,Home Office,Caguas,PR,Puerto Rico
717,Corporate,Albuquerque,NM,United States
718,Consumer,Caguas,PR,Puerto Rico
719,Consumer,Tucson,AZ,United States
720,Consumer,Caguas,PR,Puerto Rico
721,Corporate,Lancaster,SC,United States
722,Consumer,Caguas,PR,Puerto Rico
723,Home Office,Richmond,VA,United States
724,Home Office,Caguas,PR,Puerto Rico
725,Corporate,San Bernardino,CA,United States
726,Consumer,Mililani,HI,United States
727,Consumer,Caguas,PR,Puerto Rico
728,Consumer,Philadelphia,PA,United States
729,Consumer,Caguas,PR,Puerto Rico
730,Corporate,Bronx,NY,United States
731,Home Office,Lilburn,GA,United States
732,Home Office,Caguas,PR,Puerto Rico
733,Consumer,Amarillo,TX,United States
734,Consumer,Caguas,PR,Puerto Rico
735,Consumer,Saint Peters,MO,United States
736,Consumer,Longview,WA,United States
737,Consumer,Pomona,CA,United States
738,Home Office,Caguas,PR,Puerto Rico
739,Home Office,Los Angeles,CA,United States
740,Corporate,Caguas,PR,Puerto Rico
741,Corporate,Brooklyn,NY,United States
742,Corporate,Santa Maria,CA,United States
743,Home Office,Caguas,PR,Puerto Rico
744,Consumer,North Hollywood,CA,United States
745,Consumer,Caguas,PR,Puerto Rico
746,Consumer,Santa Ana,CA,United States
747,Consumer,Paramount,CA,United States
748,Home Office,Del Rio,TX,United States
749,Consumer,Caguas,PR,Puerto Rico
750,Consumer,Chicago,IL,United States
751,Consumer,Los Angeles,CA,United States
752,Corporate,Caguas,PR,Puerto Rico
753,Home Office,New York,NY,United States
754,Consumer,Caguas,PR,Puerto Rico
755,Consumer,Tucson,AZ,United States
756,Corporate,Peabody,MA,United States
757,Consumer,Tempe,AZ,United States
758,Consumer,Caguas,PR,Puerto Rico
759,Consumer,Lawton,OK,United States
760,Consumer,Caguas,PR,Puerto Rico
761,Consumer,Sunnyvale,CA,United States
762,Consumer,Caguas,PR,Puerto Rico
763,Consumer,Chicago,IL,United States
764,Home Office,Mililani,HI,United States
765,Home Office,Caguas,PR,Puerto Rico
766,Consumer,Austin,TX,United States
767,Consumer,Caguas,PR,Puerto Rico
768,Consumer,Indio,CA,United States
770,Corporate,Caguas,PR,Puerto Rico
771,Consumer,Pawtucket,RI,United States
772,Corporate,Caguas,PR,Puerto Rico
773,Consumer,Saint Paul,MN,United States
774,Corporate,Caguas,PR,Puerto Rico
775,Consumer,College Station,TX,United States
776,Consumer,Caguas,PR,Puerto Rico
777,Consumer,Los Angeles,CA,United States
778,Consumer,Caguas,PR,Puerto Rico
779,Corporate,New Haven,CT,United States
780,Home Office,Caguas,PR,Puerto Rico
781,Consumer,Miami,FL,United States
782,Consumer,Dallas,TX,United States
783,Corporate,Broomfield,CO,United States
784,Consumer,Los Angeles,CA,United States
785,Consumer,Caguas,PR,Puerto Rico
786,Corporate,Chicago,IL,United States
787,Corporate,Piscataway,NJ,United States
788,Corporate,Caguas,PR,Puerto Rico
789,Home Office,San Diego,CA,United States
790,Corporate,Honolulu,HI,United States
791,Corporate,Canton,MI,United States
792,Corporate,Caguas,PR,Puerto Rico
793,Consumer,San Antonio,TX,United States
794,Consumer,Orlando,FL,United States
795,Consumer,Caguas,PR,Puerto Rico
796,Corporate,Tallahassee,FL,United States
797,Consumer,Caguas,PR,Puerto Rico
799,Consumer,Pompano Beach,FL,United States
800,Consumer,Caguas,PR,Puerto Rico
801,Consumer,Vista,CA,United States
802,Consumer,Caguas,PR,Puerto Rico
803,Consumer,Miami,FL,United States
804,Consumer,Caguas,PR,Puerto Rico
805,Consumer,Ypsilanti,MI,United States
806,Corporate,Caguas,PR,Puerto Rico
807,Consumer,Elk Grove,CA,United States
808,Consumer,San Benito,TX,United States
809,Consumer,Caguas,PR,Puerto Rico
810,Consumer,Las Vegas,NV,United States
811,Consumer,Caguas,PR,Puerto Rico
812,Corporate,Bronx,NY,United States
813,Corporate,San Francisco,CA,United States
814,Consumer,Chicago,IL,United States
815,Consumer,Caguas,PR,Puerto Rico
816,Consumer,Miami,FL,United States
818,Consumer,San Diego,CA,United States
819,Corporate,Carolina,PR,Puerto Rico
820,Corporate,Caguas,PR,Puerto Rico
821,Corporate,Piscataway,NJ,United States
822,Corporate,Rowland Heights,CA,United States
823,Home Office,Caguas,PR,Puerto Rico
824,Home Office,Hagerstown,MD,United States
825,Home Office,Aurora,CO,United States
826,Home Office,Caguas,PR,Puerto Rico
827,Consumer,New York,NY,United States
828,Consumer,Caguas,PR,Puerto Rico
829,Home Office,West Orange,NJ,United States
830,Consumer,Caguas,PR,Puerto Rico
831,Consumer,Crystal Lake,IL,United States
832,Consumer,Caguas,PR,Puerto Rico
833,Corporate,Dubuque,IA,United States
834,Corporate,Caguas,PR,Puerto Rico
835,Corporate,Santee,CA,United States
836,Consumer,Dearborn,MI,United States
837,Consumer,Caguas,PR,Puerto Rico
838,Consumer,Tinley Park,IL,United States
839,Consumer,Caguas,PR,Puerto Rico
840,Consumer,Sylmar,CA,United States
841,Consumer,Bronx,NY,United States
842,Corporate,New Haven,CT,United States
843,Corporate,Caguas,PR,Puerto Rico
844,Corporate,Las Vegas,NV,United States
845,Consumer,Carlsbad,CA,United States
846,Consumer,Caguas,PR,Puerto Rico
847,Consumer,San Diego,CA,United States
848,Consumer,Los Angeles,CA,United States
849,Consumer,Caguas,PR,Puerto Rico
850,Corporate,North Bergen,NJ,United States
851,Consumer,El Centro,CA,United States
852,Corporate,Caguas,PR,Puerto Rico
853,Consumer,Rowland Heights,CA,United States
854,Consumer,Del Rio,TX,United States
855,Consumer,Caguas,PR,Puerto Rico
856,Consumer,Fountain Valley,CA,United States
857,Consumer,Houston,TX,United States
858,Home Office,Caguas,PR,Puerto Rico
859,Home Office,Greensburg,PA,United States
860,Home Office,Houston,TX,United States
861,Home Office,Caguas,PR,Puerto Rico
862,Home Office,San Antonio,TX,United States
863,Consumer,Caguas,PR,Puerto Rico
864,Consumer,Plano,TX,United States
865,Consumer,Caguas,PR,Puerto Rico
866,Consumer,Quincy,IL,United States
867,Consumer,Caguas,PR,Puerto Rico
868,Consumer,Irvington,NJ,United States
869,Consumer,Ontario,CA,United States
870,Consumer,Caguas,PR,Puerto Rico
871,Consumer,Amarillo,TX,United States
872,Home Office,Caguas,PR,Puerto Rico
873,Home Office,Bay Shore,NY,United States
874,Consumer,Phoenix,AZ,United States
875,Corporate,Caguas,PR,Puerto Rico
876,Home Office,Aurora,CO,United States
877,Corporate,Caguas,PR,Puerto Rico
878,Consumer,West Covina,CA,United States
879,Consumer,Caguas,PR,Puerto Rico
880,Consumer,Marietta,GA,United States
881,Consumer,Memphis,TN,United States
882,Consumer,Caguas,PR,Puerto Rico
883,Consumer,Santa Clara,CA,United States
884,Consumer,Florissant,MO,United States
885,Corporate,Chesapeake,VA,United States
886,Home Office,Caguas,PR,Puerto Rico
887,Home Office,Reseda,CA,United States
888,Home Office,Los Angeles,CA,United States
889,Home Office,San Marcos,CA,United States
890,Home Office,Caguas,PR,Puerto Rico
891,Consumer,Beaverton,OR,United States
892,Home Office,Mesquite,TX,United States
893,Consumer,Ogden,UT,United States
894,Consumer,Caguas,PR,Puerto Rico
895,Consumer,Chicago,IL,United States
896,Consumer,Caguas,PR,Puerto Rico
897,Consumer,Aurora,IL,United States
898,Consumer,Tampa,FL,United States
899,Consumer,Caguas,PR,Puerto Rico
900,Consumer,Holland,MI,United States
901,Consumer,Caguas,PR,Puerto Rico
902,Consumer,Dearborn,MI,United States
903,Corporate,San Jose,CA,United States
904,Corporate,Caguas,PR,Puerto Rico
905,Corporate,Walnut,CA,United States
907,Corporate,North Las Vegas,NV,United States
908,Corporate,Caguas,PR,Puerto Rico
909,Consumer,Kent,WA,United States
910,Consumer,Hilliard,OH,United States
911,Corporate,Caguas,PR,Puerto Rico
912,Corporate,Las Vegas,NV,United States
913,Consumer,Caguas,PR,Puerto Rico
914,Consumer,Bronx,NY,United States
915,Consumer,Broken Arrow,OK,United States
916,Corporate,Caguas,PR,Puerto Rico
917,Corporate,Palatine,IL,United States
918,Corporate,Caguas,PR,Puerto Rico
920,Consumer,New Braunfels,TX,United States
921,Home Office,Caguas,PR,Puerto Rico
922,Consumer,Lancaster,OH,United States
923,Consumer,Norfolk,VA,United States
924,Consumer,Eugene,OR,United States
925,Consumer,Caguas,PR,Puerto Rico
926,Consumer,Wilkes Barre,PA,United States
927,Consumer,Caguas,PR,Puerto Rico
928,Consumer,Brooklyn,NY,United States
929,Corporate,Pompano Beach,FL,United States
930,Consumer,Mission Viejo,CA,United States
931,Home Office,Caguas,PR,Puerto Rico
932,Corporate,Middletown,OH,United States
933,Corporate,Bridgeton,NJ,United States
934,Corporate,Caguas,PR,Puerto Rico
935,Corporate,New York,NY,United States
936,Consumer,Winnetka,CA,United States
937,Consumer,Caguas,PR,Puerto Rico
938,Consumer,Madison,WI,United States
939,Consumer,Caguas,PR,Puerto Rico
940,Corporate,El Paso,TX,United States
941,Consumer,Modesto,CA,United States
942,Consumer,Caguas,PR,Puerto Rico
943,Corporate,Tucson,AZ,United States
944,Corporate,Wyoming,MI,United States
945,Corporate,Indio,CA,United States
946,Corporate,La Mesa,CA,United States
947,Corporate,Caguas,PR,Puerto Rico
948,Corporate,Lawrence,MA,United States
949,Consumer,Caguas,PR,Puerto Rico
950,Home Office,Las Vegas,NV,United States
951,Consumer,Caguas,PR,Puerto Rico
952,Consumer,Hesperia,CA,United States
953,Consumer,Philadelphia,PA,United States
954,Home Office,Richmond,TX,United States
955,Home Office,Caguas,PR,Puerto Rico
956,Corporate,Bronx,NY,United States
957,Corporate,Stockton,CA,United States
958,Corporate,Caguas,PR,Puerto Rico
959,Consumer,Tempe,AZ,United States
960,Consumer,New Bedford,MA,United States
961,Consumer,Caguas,PR,Puerto Rico
962,Consumer,Saint Peters,MO,United States
963,Corporate,Toms River,NJ,United States
964,Corporate,New York,NY,United States
965,Consumer,Jonesboro,AR,United States
966,Consumer,Los Angeles,CA,United States
967,Consumer,Caguas,PR,Puerto Rico
968,Consumer,Cleveland,OH,United States
969,Consumer,Bakersfield,CA,United States
970,Consumer,Caguas,PR,Puerto Rico
971,Consumer,Douglasville,GA,United States
972,Consumer,Caguas,PR,Puerto Rico
973,Consumer,Cleveland,OH,United States
974,Consumer,Fresno,CA,United States
975,Consumer,Saginaw,MI,United States
976,Consumer,Caguas,PR,Puerto Rico
977,Consumer,Garden Grove,CA,United States
978,Consumer,Caguas,PR,Puerto Rico
979,Consumer,Austin,TX,United States
980,Consumer,San Jose,CA,United States
981,Consumer,Caguas,PR,Puerto Rico
982,Consumer,New Albany,IN,United States
983,Corporate,Caguas,PR,Puerto Rico
984,Consumer,Chicago,IL,United States
985,Consumer,Richmond,IN,United States
986,Home Office,Caguas,PR,Puerto Rico
987,Consumer,Albuquerque,NM,United States
988,Consumer,Pittsfield,MA,United States
989,Corporate,Caguas,PR,Puerto Rico
990,Corporate,Merced,CA,United States
991,Home Office,Caguas,PR,Puerto Rico
992,Home Office,New York,NY,United States
993,Home Office,Fairfield,OH,United States
994,Home Office,Caguas,PR,Puerto Rico
995,Home Office,Richmond,IN,United States
996,Consumer,Austin,TX,United States
997,Consumer,Caguas,PR,Puerto Rico
998,Consumer,Anaheim,CA,United States
999,Consumer,Saint Paul,MN,United States
1000,Corporate,Freeport,NY,United States
1001,Corporate,Caguas,PR,Puerto Rico
1002,Corporate,Milpitas,CA,United States
1003,Consumer,Ann Arbor,MI,United States
1004,Corporate,Caguas,PR,Puerto Rico
1005,Home Office,Brooklyn,NY,United States
1006,Home Office,Laredo,TX,United States
1007,Corporate,Caguas,PR,Puerto Rico
1008,Home Office,Sacramento,CA,United States
1009,Home Office,Eagle Pass,TX,United States
1010,Consumer,Walnut,CA,United States
1011,Corporate,Caguas,PR,Puerto Rico
1012,Corporate,Silver Spring,MD,United States
1013,Consumer,Caguas,PR,Puerto Rico
1014,Consumer,Jamaica,NY,United States
1015,Consumer,Glenview,IL,United States
1016,Corporate,Caguas,PR,Puerto Rico
1017,Corporate,Jackson Heights,NY,United States
1018,Consumer,Metairie,LA,United States
1019,Consumer,Caguas,PR,Puerto Rico
1020,Consumer,Quincy,MA,United States
1021,Consumer,Newburgh,NY,United States
1022,Consumer,Ogden,UT,United States
1023,Corporate,Caguas,PR,Puerto Rico
1024,Consumer,Bronx,NY,United States
1025,Home Office,Caguas,PR,Puerto Rico
1026,Home Office,Ontario,CA,United States
1027,Home Office,Caguas,PR,Puerto Rico
1028,Corporate,Austin,TX,United States
1030,Corporate,Colorado Springs,CO,United States
1031,Corporate,Cypress,CA,United States
1032,Corporate,Caguas,PR,Puerto Rico
1033,Corporate,Miami,FL,United States
1034,Consumer,Merced,CA,United States
1035,Consumer,Milford,CT,United States
1036,Consumer,Miami,FL,United States
1037,Consumer,Caguas,PR,Puerto Rico
1038,Corporate,Highland,CA,United States
1039,Corporate,Caguas,PR,Puerto Rico
1040,Corporate,San Francisco,CA,United States
1041,Corporate,Los Angeles,CA,United States
1042,Consumer,Caguas,PR,Puerto Rico
1043,Consumer,Florissant,MO,United States
1044,Consumer,Caguas,PR,Puerto Rico
1045,Consumer,Huntington Station,NY,United States
1046,Consumer,San Antonio,TX,United States
1047,Consumer,Caguas,PR,Puerto Rico
1048,Consumer,Huntington Station,NY,United States
1049,Consumer,Washington,DC,United States
1050,Consumer,Hamtramck,MI,United States
1051,Home Office,Caguas,PR,Puerto Rico
1052,Consumer,Lakewood,NJ,United States
1053,Consumer,Caguas,PR,Puerto Rico
1054,Consumer,Chicago,IL,United States
1055,Home Office,Weslaco,TX,United States
1056,Home Office,Caguas,PR,Puerto Rico
1057,Home Office,Hayward,CA,United States
1058,Home Office,Caguas,PR,Puerto Rico
1059,Home Office,Jacksonville,FL,United States
1060,Corporate,Caguas,PR,Puerto Rico
1061,Corporate,Norcross,GA,United States
1062,Corporate,Caguas,PR,Puerto Rico
1063,Consumer,Dallas,TX,United States
1064,Corporate,Caguas,PR,Puerto Rico
1066,Consumer,Caguas,PR,Puerto Rico
1067,Corporate,Littleton,CO,United States
1068,Home Office,Bristol,CT,United States
1069,Home Office,Stockbridge,GA,United States
1070,Home Office,Caguas,PR,Puerto Rico
1071,Consumer,Chicago,IL,United States
1072,Consumer,New Orleans,LA,United States
1073,Consumer,Caguas,PR,Puerto Rico
1074,Consumer,San Pedro,CA,United States
1075,Consumer,Washington,DC,United States
1076,Consumer,Fort Worth,TX,United States
1077,Consumer,Caguas,PR,Puerto Rico
1078,Consumer,Los Angeles,CA,United States
1079,Corporate,Richmond,KY,United States
1080,Corporate,Caguas,PR,Puerto Rico
1081,Corporate,Sacramento,CA,United States
1082,Corporate,Caguas,PR,Puerto Rico
1083,Corporate,Dorchester Center,MA,United States
1084,Consumer,Caguas,PR,Puerto Rico
1085,Consumer,Frankfort,KY,United States
1086,Home Office,Caguas,PR,Puerto Rico
1087,Home Office,Richardson,TX,United States
1088,Home Office,Caguas,PR,Puerto Rico
1089,Home Office,Raleigh,NC,United States
1090,Consumer,Caguas,PR,Puerto Rico
1091,Consumer,Tucson,AZ,United States
1092,Corporate,Caguas,PR,Puerto Rico
1093,Corporate,Pomona,CA,United States
1094,Consumer,Bloomfield,NJ,United States
1095,Consumer,Caguas,PR,Puerto Rico
1096,Consumer,Newark,DE,United States
1097,Consumer,Hagerstown,MD,United States
1098,Corporate,Columbia,TN,United States
1099,Consumer,Washington,DC,United States
1100,Consumer,Caguas,PR,Puerto Rico
1101,Corporate,Rowland Heights,CA,United States
1102,Corporate,Caguas,PR,Puerto Rico
1103,Corporate,Mentor,OH,United States
1104,Home Office,Caguas,PR,Puerto Rico
1105,Consumer,Wyandotte,MI,United States
1106,Consumer,Caguas,PR,Puerto Rico
1107,Consumer,Waipahu,HI,United States
1108,Corporate,Caguas,PR,Puerto Rico
1109,Consumer,Marrero,LA,United States
1110,Consumer,Caguas,PR,Puerto Rico
1111,Consumer,York,PA,United States
1112,Corporate,Saint Paul,MN,United States
1113,Consumer,Caguas,PR,Puerto Rico
1114,Corporate,El Paso,TX,United States
1115,Consumer,Caguas,PR,Puerto Rico
1116,Consumer,Warren,MI,United States
1117,Consumer,Caguas,PR,Puerto Rico
1118,Corporate,Paramount,CA,United States
1119,Corporate,North Richland Hills,TX,United States
1120,Corporate,Danbury,CT,United States
1121,Corporate,Caguas,PR,Puerto Rico
1122,Corporate,Pico Rivera,CA,United States
1123,Corporate,Caguas,PR,Puerto Rico
1124,Consumer,Granite City,IL,United States
1125,Consumer,Caguas,PR,Puerto Rico
1126,Consumer,New York,NY,United States
1127,Corporate,Chicago,IL,United States
1128,Corporate,Caguas,PR,Puerto Rico
1129,Home Office,San Diego,CA,United States
1130,Corporate,Caguas,PR,Puerto Rico
1131,Corporate,Saint Louis,MO,United States
1132,Corporate,Caguas,PR,Puerto Rico
1133,Corporate,Oxnard,CA,United States
1134,Corporate,San Jose,CA,United States
1135,Corporate,Caguas,PR,Puerto Rico
1136,Corporate,Ballwin,MO,United States
1137,Consumer,Holland,MI,United States
1138,Consumer,Mount Pleasant,MI,United States
1139,Consumer,Caguas,PR,Puerto Rico
1140,Corporate,Highland,CA,United States
1141,Corporate,Howell,MI,United States
1142,Corporate,Columbia,SC,United States
1143,Corporate,Caguas,PR,Puerto Rico
1144,Corporate,Brooklyn,NY,United States
1145,Consumer,Columbus,OH,United States
1146,Consumer,Caguas,PR,Puerto Rico
1147,Consumer,Brooklyn,NY,United States
1148,Consumer,Augusta,GA,United States
1149,Consumer,Caguas,PR,Puerto Rico
1150,Consumer,Clearfield,UT,United States
1151,Consumer,Caguas,PR,Puerto Rico
1152,Consumer,Bronx,NY,United States
1153,Consumer,Woodbridge,VA,United States
1154,Consumer,Caguas,PR,Puerto Rico
1155,Consumer,Greeley,CO,United States
1156,Corporate,Caguas,PR,Puerto Rico
1157,Consumer,Hilliard,OH,United States
1158,Consumer,Caguas,PR,Puerto Rico
1159,Home Office,Stone Mountain,GA,United States
1160,Home Office,Los Angeles,CA,United States
1161,Home Office,Caguas,PR,Puerto Rico
1162,Consumer,Winnetka,CA,United States
1163,Corporate,Caguas,PR,Puerto Rico
1164,Corporate,Elyria,OH,United States
1165,Consumer,Houston,TX,United States
1166,Corporate,Las Vegas,NV,United States
1167,Corporate,Caguas,PR,Puerto Rico
1168,Corporate,Edinburg,TX,United States
1169,Corporate,Oxnard,CA,United States
1170,Corporate,Morristown,NJ,United States
1171,Home Office,Caguas,PR,Puerto Rico
1172,Home Office,Waukegan,IL,United States
1173,Consumer,Caguas,PR,Puerto Rico
1174,Consumer,Memphis,TN,United States
1175,Consumer,Caguas,PR,Puerto Rico
1176,Consumer,Chula Vista,CA,United States
1178,Consumer,Hialeah,FL,United States
1179,Consumer,Broken Arrow,OK,United States
1180,Corporate,Wyandotte,MI,United States
1181,Corporate,Caguas,PR,Puerto Rico
1182,Corporate,Miami,FL,United States
1183,Corporate,Phoenix,AZ,United States
1184,Corporate,Caguas,PR,Puerto Rico
1185,Consumer,Saint Paul,MN,United States
1186,Consumer,Caguas,PR,Puerto Rico
1188,Corporate,Caguas,PR,Puerto Rico
1189,Corporate,Detroit,MI,United States
1190,Corporate,Caguas,PR,Puerto Rico
1191,Consumer,Annandale,VA,United States
1192,Consumer,Washington,PA,United States
1193,Consumer,Caguas,PR,Puerto Rico
1194,Corporate,Riverside,CA,United States
1195,Corporate,Caguas,PR,Puerto Rico
1196,Corporate,Bronx,NY,United States
1197,Consumer,Houston,TX,United States
1198,Consumer,Caguas,PR,Puerto Rico
1199,Consumer,Philadelphia,PA,United States
1200,Home Office,Brooklyn,NY,United States
1201,Consumer,Caguas,PR,Puerto Rico
1202,Corporate,Plainfield,IL,United States
1203,Corporate,Caguas,PR,Puerto Rico
1204,Home Office,Berwyn,IL,United States
1205,Corporate,Miami,FL,United States
1206,Consumer,Caguas,PR,Puerto Rico
1207,Consumer,Diamond Bar,CA,United States
1208,Consumer,Caguas,PR,Puerto Rico
1209,Consumer,San Marcos,TX,United States
1210,Consumer,Caguas,PR,Puerto Rico
1211,Consumer,Los Angeles,CA,United States
1212,Corporate,Caguas,PR,Puerto Rico
1213,Home Office,Eugene,OR,United States
1214,Home Office,Caguas,PR,Puerto Rico
1215,Consumer,Las Vegas,NV,United States
1216,Consumer,Caguas,PR,Puerto Rico
1217,Corporate,Chicago,IL,United States
1218,Corporate,Caguas,PR,Puerto Rico
1219,Corporate,Detroit,MI,United States
1220,Corporate,Muskegon,MI,United States
1221,Corporate,Aurora,CO,United States
1222,Consumer,Caguas,PR,Puerto Rico
1223,Consumer,Bronx,NY,United States
1224,Consumer,Caguas,PR,Puerto Rico
1225,Corporate,Scottsdale,AZ,United States
1226,Corporate,Caguas,PR,Puerto Rico
1227,Home Office,Brooklyn,NY,United States
1228,Consumer,Sunnyvale,CA,United States
1229,Consumer,Caguas,PR,Puerto Rico
1230,Consumer,Ventura,CA,United States
1231,Consumer,Caguas,PR,Puerto Rico
1232,Consumer,Peoria,AZ,United States
1233,Consumer,Winnetka,CA,United States
1234,Consumer,Caguas,PR,Puerto Rico
1235,Home Office,Fairfield,CA,United States
1236,Home Office,Chapel Hill,NC,United States
1237,Consumer,Houston,TX,United States
1238,Home Office,Caguas,PR,Puerto Rico
1239,Home Office,Chicago,IL,United States
1240,Consumer,Raleigh,NC,United States
1241,Corporate,Caguas,PR,Puerto Rico
1242,Consumer,O Fallon,MO,United States
1243,Consumer,Caguas,PR,Puerto Rico
1244,Corporate,Fond Du Lac,WI,United States
1245,Consumer,Caguas,PR,Puerto Rico
1246,Consumer,Everett,WA,United States
1247,Home Office,Caguas,PR,Puerto Rico
1248,Corporate,Reseda,CA,United States
1249,Consumer,San Antonio,TX,United States
1250,Consumer,New Bedford,MA,United States
1251,Consumer,Caguas,PR,Puerto Rico
1252,Consumer,New York,NY,United States
1253,Corporate,Enfield,CT,United States
1254,Corporate,Caguas,PR,Puerto Rico
1255,Consumer,New York,NY,United States
1256,Corporate,West Covina,CA,United States
1257,Corporate,Caguas,PR,Puerto Rico
1258,Corporate,Houston,TX,United States
1259,Corporate,Everett,WA,United States
1260,Consumer,Caguas,PR,Puerto Rico
1261,Consumer,Fullerton,CA,United States
1262,Consumer,Caguas,PR,Puerto Rico
1263,Corporate,Ontario,CA,United States
1264,Corporate,Caguas,PR,Puerto Rico
1265,Corporate,San Francisco,CA,United States
1266,Home Office,Caguas,PR,Puerto Rico
1267,Home Office,Florissant,MO,United States
1268,Home Office,Caguas,PR,Puerto Rico
1269,Home Office,Santa Ana,CA,United States
1270,Corporate,Caguas,PR,Puerto Rico
1271,Corporate,Simi Valley,CA,United States
1272,Consumer,Bolingbrook,IL,United States
1273,Consumer,Caguas,PR,Puerto Rico
1274,Corporate,Virginia Beach,VA,United States
1275,Consumer,Caguas,PR,Puerto Rico
1276,Consumer,Honolulu,HI,United States
1277,Home Office,Beloit,WI,United States
1278,Consumer,San Antonio,TX,United States
1279,Home Office,Caguas,PR,Puerto Rico
1280,Home Office,San Diego,CA,United States
1281,Home Office,Modesto,CA,United States
1282,Consumer,Caguas,PR,Puerto Rico
1283,Consumer,Hawthorne,CA,United States
1284,Consumer,Chino Hills,CA,United States
1285,Home Office,Caguas,PR,Puerto Rico
1286,Home Office,Las Vegas,NV,United States
1287,Home Office,Methuen,MA,United States
1288,Home Office,Caguas,PR,Puerto Rico
1289,Home Office,Virginia Beach,VA,United States
1290,Consumer,Chesapeake,VA,United States
1291,Home Office,Massillon,OH,United States
1292,Consumer,Caguas,PR,Puerto Rico
1293,Corporate,Methuen,MA,United States
1294,Home Office,Caguas,PR,Puerto Rico
1295,Consumer,Winnetka,CA,United States
1296,Consumer,Caguas,PR,Puerto Rico
1297,Consumer,San Diego,CA,United States
1298,Consumer,San Jose,CA,United States
1299,Consumer,Caguas,PR,Puerto Rico
1300,Consumer,Mission,TX,United States
1301,Consumer,Cerritos,CA,United States
1302,Consumer,Caguas,PR,Puerto Rico
1303,Corporate,Dallas,TX,United States
1304,Corporate,Caguas,PR,Puerto Rico
1305,Consumer,Columbia,SC,United States
1306,Consumer,Caguas,PR,Puerto Rico
1307,Consumer,Highland,CA,United States
1308,Consumer,Caguas,PR,Puerto Rico
1309,Consumer,Roswell,NM,United States
1310,Corporate,Indianapolis,IN,United States
1311,Corporate,West Chester,PA,United States
1312,Corporate,Caguas,PR,Puerto Rico
1313,Consumer,Antioch,TN,United States
1314,Corporate,Anaheim,CA,United States
1315,Consumer,Caguas,PR,Puerto Rico
1316,Corporate,Houston,TX,United States
1317,Consumer,Lake Forest,CA,United States
1318,Consumer,Perth Amboy,NJ,United States
1319,Consumer,Caguas,PR,Puerto Rico
1320,Consumer,Los Angeles,CA,United States
1321,Consumer,Santa Clara,CA,United States
1322,Consumer,Memphis,TN,United States
1323,Corporate,Caguas,PR,Puerto Rico
1324,Consumer,Milpitas,CA,United States
1325,Consumer,New Haven,CT,United States
1326,Consumer,Caguas,PR,Puerto Rico
1327,Home Office,Chicago,IL,United States
1328,Home Office,Wayne,NJ,United States
1329,Consumer,Las Vegas,NV,United States
1330,Consumer,Caguas,PR,Puerto Rico
1331,Corporate,Panorama City,CA,United States
1332,Corporate,Baltimore,MD,United States
1333,Consumer,Colorado Springs,CO,United States
1334,Consumer,Caguas,PR,Puerto Rico
1335,Consumer,Winter Park,FL,United States
1336,Home Office,San Diego,CA,United States
1337,Home Office,Caguas,PR,Puerto Rico
1338,Corporate,Conway,AR,United States
1339,Consumer,Caguas,PR,Puerto Rico
1340,Home Office,West Chester,PA,United States
1341,Home Office,Caguas,PR,Puerto Rico
1342,Corporate,Saint Peters,MO,United States
1343,Corporate,Del Rio,TX,United States
1344,Corporate,Caguas,PR,Puerto Rico
1345,Corporate,Mentor,OH,United States
1346,Corporate,Caguas,PR,Puerto Rico
1347,Corporate,Hayward,CA,United States
1348,Corporate,Encinitas,CA,United States
1349,Home Office,Caguas,PR,Puerto Rico
1350,Consumer,Guaynabo,PR,Puerto Rico
1351,Corporate,Caguas,PR,Puerto Rico
1352,Consumer,Lawrence,MA,United States
1353,Consumer,Caguas,PR,Puerto Rico
1354,Consumer,Opelousas,LA,United States
1355,Consumer,Caguas,PR,Puerto Rico
1356,Corporate,San Juan,PR,Puerto Rico
1357,Corporate,Stockton,CA,United States
1358,Corporate,Caguas,PR,Puerto Rico
1359,Corporate,Canyon Country,CA,United States
1360,Home Office,Caguas,PR,Puerto Rico
1361,Home Office,San Francisco,CA,United States
1362,Home Office,Caguas,PR,Puerto Rico
1363,Home Office,Washington,DC,United States
1364,Consumer,Caguas,PR,Puerto Rico
1365,Home Office,Corona,NY,United States
1366,Consumer,Costa Mesa,CA,United States
1367,Consumer,Caguas,PR,Puerto Rico
1368,Consumer,Miami,FL,United States
1369,Consumer,Caguas,PR,Puerto Rico
1370,Home Office,Highland Park,MI,United States
1371,Consumer,Caguas,PR,Puerto Rico
1372,Home Office,Virginia Beach,VA,United States
1373,Consumer,Caguas,PR,Puerto Rico
1374,Consumer,Miami,FL,United States
1375,Corporate,Caguas,PR,Puerto Rico
1376,Corporate,Brooklyn,NY,United States
1377,Corporate,Rio Grande,PR,Puerto Rico
1378,Corporate,Campbell,CA,United States
1379,Corporate,Caguas,PR,Puerto Rico
1380,Consumer,Huntington Beach,CA,United States
1381,Consumer,Campbell,CA,United States
1382,Home Office,Caguas,PR,Puerto Rico
1383,Corporate,Marrero,LA,United States
1384,Corporate,Caguas,PR,Puerto Rico
1385,Corporate,Littleton,CO,United States
1386,Consumer,Beaverton,OR,United States
1387,Consumer,Caguas,PR,Puerto Rico
1388,Consumer,Virginia Beach,VA,United States
1389,Corporate,Modesto,CA,United States
1390,Consumer,Phoenix,AZ,United States
1391,Consumer,Caguas,PR,Puerto Rico
1392,Corporate,Amarillo,TX,United States
1393,Corporate,Caguas,PR,Puerto Rico
1394,Corporate,North Las Vegas,NV,United States
1395,Consumer,Santa Ana,CA,United States
1396,Consumer,Caguas,PR,Puerto Rico
1397,Consumer,Las Vegas,NV,United States
1398,Consumer,Longmont,CO,United States
1399,Consumer,Caguas,PR,Puerto Rico
1400,Consumer,Pompano Beach,FL,United States
1401,Consumer,Lawton,OK,United States
1402,Consumer,Dallas,TX,United States
1403,Consumer,Bountiful,UT,United States
1404,Consumer,Caguas,PR,Puerto Rico
1405,Corporate,Strongsville,OH,United States
1406,Corporate,Caguas,PR,Puerto Rico
1407,Consumer,Bronx,NY,United States
1408,Consumer,Chicago,IL,United States
1410,Consumer,Santa Ana,CA,United States
1411,Consumer,Guaynabo,PR,Puerto Rico
1412,Home Office,Caguas,PR,Puerto Rico
1413,Home Office,Chicago,IL,United States
1414,Home Office,Oxnard,CA,United States
1415,Corporate,Long Beach,CA,United States
1416,Corporate,Atlanta,GA,United States
1417,Corporate,Caguas,PR,Puerto Rico
1418,Corporate,Roswell,NM,United States
1419,Home Office,Brooklyn,NY,United States
1420,Home Office,Las Vegas,NV,United States
1421,Consumer,Caguas,PR,Puerto Rico
1422,Consumer,Compton,CA,United States
1423,Consumer,Caguas,PR,Puerto Rico
1424,Consumer,Mesa,AZ,United States
1425,Consumer,Caguas,PR,Puerto Rico
1426,Consumer,Long Beach,CA,United States
1427,Consumer,Weslaco,TX,United States
1428,Consumer,Frankfort,KY,United States
1429,Home Office,Caguas,PR,Puerto Rico
1430,Home Office,Philadelphia,PA,United States
1431,Home Office,Caguas,PR,Puerto Rico
1432,Home Office,Caguas,PR,Puerto Rico
1433,Home Office,Fairfield,CA,United States
1434,Home Office,Loveland,OH,United States
1435,Corporate,Caguas,PR,Puerto Rico
1436,Consumer,Lewisville,TX,United States
1437,Consumer,Caguas,PR,Puerto Rico
1438,Consumer,Mesa,AZ,United States
1439,Consumer,Caguas,PR,Puerto Rico
1440,Consumer,Bakersfield,CA,United States
1441,Corporate,Houston,TX,United States
1442,Corporate,Caguas,PR,Puerto Rico
1443,Consumer,West Orange,NJ,United States
1444,Corporate,Caguas,PR,Puerto Rico
1445,Consumer,San Diego,CA,United States
1446,Consumer,Memphis,TN,United States
1447,Consumer,Newark,DE,United States
1448,Consumer,Caguas,PR,Puerto Rico
1449,Consumer,Lawrenceville,GA,United States
1450,Consumer,Saint Paul,MN,United States
1451,Home Office,Pompano Beach,FL,United States
1452,Home Office,Plainfield,NJ,United States
1453,Consumer,Caguas,PR,Puerto Rico
1454,Consumer,Palo Alto,CA,United States
1455,Consumer,Caguas,PR,Puerto Rico
1456,Consumer,Spring,TX,United States
1457,Consumer,Caguas,PR,Puerto Rico
1458,Consumer,Philadelphia,PA,United States
1459,Consumer,Caguas,PR,Puerto Rico
1460,Consumer,Santa Cruz,CA,United States
1461,Consumer,Caguas,PR,Puerto Rico
1462,Consumer,Los Angeles,CA,United States
1463,Consumer,Tampa,FL,United States
1464,Consumer,Caguas,PR,Puerto Rico
1465,Consumer,Wayne,NJ,United States
1466,Consumer,Lenoir,NC,United States
1467,Consumer,Phoenix,AZ,United States
1468,Consumer,Caguas,PR,Puerto Rico
1470,Home Office,Caguas,PR,Puerto Rico
1471,Consumer,Costa Mesa,CA,United States
1472,Consumer,Brooklyn,NY,United States
1473,Consumer,Caguas,PR,Puerto Rico
1474,Consumer,Milpitas,CA,United States
1475,Corporate,Rosemead,CA,United States
1476,Home Office,Ewa Beach,HI,United States
1477,Home Office,Caguas,PR,Puerto Rico
1478,Corporate,Rome,NY,United States
1479,Consumer,Caguas,PR,Puerto Rico
1480,Consumer,Chicago,IL,United States
1482,Consumer,Los Angeles,CA,United States
1483,Consumer,Marietta,GA,United States
1484,Corporate,Woodbridge,VA,United States
1485,Home Office,Morristown,NJ,United States
1486,Consumer,Caguas,PR,Puerto Rico
1487,Consumer,Virginia Beach,VA,United States
1488,Consumer,Caguas,PR,Puerto Rico
1489,Consumer,New York,NY,United States
1490,Consumer,Portland,OR,United States
1491,Consumer,Caguas,PR,Puerto Rico
1492,Consumer,Montebello,CA,United States
1493,Consumer,Caguas,PR,Puerto Rico
1494,Consumer,Bend,OR,United States
1495,Consumer,Caguas,PR,Puerto Rico
1496,Consumer,Bridgeton,NJ,United States
1497,Consumer,Caguas,PR,Puerto Rico
1498,Consumer,Houston,TX,United States
1499,Consumer,Fort Lauderdale,FL,United States
1500,Consumer,Caguas,PR,Puerto Rico
1501,Consumer,Elmhurst,IL,United States
1502,Consumer,Caguas,PR,Puerto Rico
1503,Consumer,Las Vegas,NV,United States
1505,Corporate,Santa Ana,CA,United States
1506,Consumer,Hagerstown,MD,United States
1507,Consumer,Caguas,PR,Puerto Rico
1508,Consumer,Brooklyn,NY,United States
1509,Consumer,Freeport,NY,United States
1510,Consumer,Caguas,PR,Puerto Rico
1511,Consumer,Wichita,KS,United States
1512,Corporate,Caguas,PR,Puerto Rico
1513,Corporate,North Hills,CA,United States
1514,Consumer,Caguas,PR,Puerto Rico
1515,Consumer,Massapequa,NY,United States
1516,Consumer,Caguas,PR,Puerto Rico
1517,Consumer,Philadelphia,PA,United States
1518,Consumer,Baltimore,MD,United States
1519,Consumer,San Diego,CA,United States
1520,Consumer,Caguas,PR,Puerto Rico
1521,Corporate,Hawthorne,CA,United States
1522,Corporate,Stamford,CT,United States
1523,Corporate,Van Nuys,CA,United States
1524,Consumer,La Mirada,CA,United States
1525,Corporate,Caguas,PR,Puerto Rico
1526,Consumer,Brooklyn,NY,United States
1527,Consumer,Alameda,CA,United States
1528,Consumer,Reno,NV,United States
1529,Consumer,Caguas,PR,Puerto Rico
1530,Consumer,West Chester,PA,United States
1531,Consumer,Caguas,PR,Puerto Rico
1532,Consumer,Fresno,CA,United States
1533,Home Office,Caguas,PR,Puerto Rico
1534,Home Office,Fountain Valley,CA,United States
1535,Home Office,Caguas,PR,Puerto Rico
1536,Home Office,Fountain Valley,CA,United States
1537,Corporate,Pompano Beach,FL,United States
1538,Consumer,Caguas,PR,Puerto Rico
1539,Corporate,Saint Louis,MO,United States
1540,Consumer,Pittsfield,MA,United States
1541,Consumer,Caguas,PR,Puerto Rico
1542,Consumer,New Orleans,LA,United States
1543,Consumer,Fayetteville,NC,United States
1544,Consumer,Caguas,PR,Puerto Rico
1545,Consumer,Fontana,CA,United States
1546,Consumer,Corona,CA,United States
1547,Consumer,Phoenix,AZ,United States
1548,Consumer,Caguas,PR,Puerto Rico
1549,Corporate,Oregon City,OR,United States
1550,Corporate,Caguas,PR,Puerto Rico
1551,Corporate,Newark,NJ,United States
1552,Consumer,Caguas,PR,Puerto Rico
1553,Consumer,Oakland,CA,United States
1554,Consumer,Caguas,PR,Puerto Rico
1555,Consumer,Staten Island,NY,United States
1556,Home Office,Las Vegas,NV,United States
1557,Home Office,Douglasville,GA,United States
1558,Home Office,Caguas,PR,Puerto Rico
1559,Consumer,Aurora,CO,United States
1560,Consumer,Caguas,PR,Puerto Rico
1561,Corporate,Lewisville,TX,United States
1562,Consumer,Orlando,FL,United States
1563,Corporate,Caguas,PR,Puerto Rico
1564,Consumer,Brooklyn,NY,United States
1565,Consumer,Campbell,CA,United States
1566,Consumer,Caguas,PR,Puerto Rico
1567,Consumer,San Diego,CA,United States
1568,Home Office,Caguas,PR,Puerto Rico
1569,Home Office,San Diego,CA,United States
1570,Consumer,Los Angeles,CA,United States
1571,Consumer,Caguas,PR,Puerto Rico
1572,Consumer,Yuma,AZ,United States
1573,Consumer,Phoenix,AZ,United States
1574,Consumer,Miami,FL,United States
1575,Home Office,Caguas,PR,Puerto Rico
1576,Consumer,San Diego,CA,United States
1577,Home Office,Caguas,PR,Puerto Rico
1578,Consumer,Fort Lauderdale,FL,United States
1579,Consumer,Brighton,MA,United States
1580,Consumer,Caguas,PR,Puerto Rico
1581,Consumer,Saint Louis,MO,United States
1582,Consumer,Caguas,PR,Puerto Rico
1583,Home Office,Sugar Land,TX,United States
1584,Home Office,Miami,FL,United States
1585,Consumer,Dubuque,IA,United States
1586,Corporate,Caguas,PR,Puerto Rico
1587,Corporate,Dearborn,MI,United States
1588,Corporate,Caguas,PR,Puerto Rico
1589,Corporate,Cleveland,OH,United States
1590,Corporate,Katy,TX,United States
1591,Corporate,Caguas,PR,Puerto Rico
1592,Consumer,Silver Spring,MD,United States
1593,Consumer,Wilkes Barre,PA,United States
1594,Consumer,Guaynabo,PR,Puerto Rico
1595,Consumer,Troy,MI,United States
1596,Consumer,Caguas,PR,Puerto Rico
1597,Consumer,Norcross,GA,United States
1598,Consumer,Rego Park,NY,United States
1599,Consumer,Caguas,PR,Puerto Rico
1600,Consumer,El Cajon,CA,United States
1601,Home Office,Caguas,PR,Puerto Rico
1602,Home Office,Santa Ana,CA,United States
1603,Consumer,Laredo,TX,United States
1604,Home Office,Caguas,PR,Puerto Rico
1605,Home Office,Chandler,AZ,United States
1606,Corporate,Caguas,PR,Puerto Rico
1607,Corporate,Piscataway,NJ,United States
1608,Corporate,Fort Lauderdale,FL,United States
1609,Corporate,Caguas,PR,Puerto Rico
1610,Corporate,El Monte,CA,United States
1611,Consumer,Bakersfield,CA,United States
1612,Consumer,Kailua,HI,United States
1613,Consumer,Caguas,PR,Puerto Rico
1614,Corporate,San Diego,CA,United States
1615,Corporate,Martinez,CA,United States
1616,Corporate,Endicott,NY,United States
1617,Corporate,Caguas,PR,Puerto Rico
1618,Corporate,Philadelphia,PA,United States
1619,Consumer,Caguas,PR,Puerto Rico
1620,Consumer,Beloit,WI,United States
1621,Consumer,Caguas,PR,Puerto Rico
1622,Consumer,Alhambra,CA,United States
1623,Consumer,Strongsville,OH,United States
1624,Consumer,Caguas,PR,Puerto Rico
1625,Consumer,Chicago,IL,United States
1626,Consumer,Garden Grove,CA,United States
1627,Consumer,Caguas,PR,Puerto Rico
1628,Consumer,Phoenix,AZ,United States
1629,Consumer,Caguas,PR,Puerto Rico
1630,Home Office,Bend,OR,United States
1631,Consumer,Caguas,PR,Puerto Rico
1632,Consumer,Citrus Heights,CA,United States
1633,Corporate,Caguas,PR,Puerto Rico
1634,Consumer,Morrisville,PA,United States
1635,Consumer,Caguas,PR,Puerto Rico
1636,Consumer,Fort Washington,MD,United States
1637,Corporate,Caguas,PR,Puerto Rico
1638,Corporate,Crystal Lake,IL,United States
1639,Home Office,Caguas,PR,Puerto Rico
1640,Corporate,Bell Gardens,CA,United States
1641,Corporate,Aurora,CO,United States
1642,Home Office,Caguas,PR,Puerto Rico
1643,Consumer,Staten Island,NY,United States
1644,Home Office,Caguas,PR,Puerto Rico
1645,Home Office,New York,NY,United States
1646,Consumer,Miami,FL,United States
1647,Consumer,Caguas,PR,Puerto Rico
1648,Corporate,Cerritos,CA,United States
1649,Consumer,New Brunswick,NJ,United States
1650,Corporate,Princeton,NJ,United States
1651,Corporate,Caguas,PR,Puerto Rico
1652,Corporate,Raleigh,NC,United States
1653,Corporate,Caguas,PR,Puerto Rico
1654,Corporate,El Monte,CA,United States
1655,Home Office,Caguas,PR,Puerto Rico
1656,Consumer,Virginia Beach,VA,United States
1657,Consumer,Caguas,PR,Puerto Rico
1658,Consumer,Los Angeles,CA,United States
1659,Consumer,Weslaco,TX,United States
1660,Corporate,Sun Valley,CA,United States
1661,Corporate,Caguas,PR,Puerto Rico
1662,Corporate,Bronx,NY,United States
1663,Consumer,Caguas,PR,Puerto Rico
1664,Corporate,Jackson,MI,United States
1665,Consumer,Caguas,PR,Puerto Rico
1666,Consumer,Miami,FL,United States
1667,Consumer,Phoenix,AZ,United States
1668,Consumer,Caguas,PR,Puerto Rico
1669,Consumer,New York,NY,United States
1670,Consumer,Opelousas,LA,United States
1671,Consumer,Caguas,PR,Puerto Rico
1672,Home Office,San Bernardino,CA,United States
1673,Home Office,Caguas,PR,Puerto Rico
1674,Home Office,Bellflower,CA,United States
1675,Home Office,Sugar Land,TX,United States
1676,Home Office,Charlotte,NC,United States
1677,Home Office,Caguas,PR,Puerto Rico
1678,Home Office,West Chester,PA,United States
1679,Consumer,Caguas,PR,Puerto Rico
1680,Consumer,Bloomfield,NJ,United States
1681,Consumer,Caguas,PR,Puerto Rico
1682,Corporate,Woodside,NY,United States
1683,Home Office,Dallas,TX,United States
1684,Home Office,Caguas,PR,Puerto Rico
1685,Consumer,Chicago,IL,United States
1686,Home Office,Los Angeles,CA,United States
1687,Home Office,Caguas,PR,Puerto Rico
1688,Home Office,San Francisco,CA,United States
1689,Consumer,Troy,NY,United States
1690,Consumer,Bolingbrook,IL,United States
1691,Corporate,Caguas,PR,Puerto Rico
1692,Corporate,Mayaguez,PR,Puerto Rico
1693,Corporate,Catonsville,MD,United States
1694,Corporate,Caguas,PR,Puerto Rico
1695,Corporate,Saint Paul,MN,United States
1696,Corporate,Los Angeles,CA,United States
1697,Corporate,Caguas,PR,Puerto Rico
1698,Home Office,Detroit,MI,United States
1699,Home Office,Caguas,PR,Puerto Rico
1700,Corporate,Los Angeles,CA,United States
1701,Consumer,Caguas,PR,Puerto Rico
1702,Consumer,Austin,TX,United States
1703,Corporate,Birmingham,AL,United States
1704,Home Office,Caguas,PR,Puerto Rico
1705,Consumer,Orlando,FL,United States
1706,Consumer,Caguas,PR,Puerto Rico
1707,Consumer,Kaneohe,HI,United States
1708,Consumer,Arlington,TX,United States
1709,Corporate,Westland,MI,United States
1710,Home Office,Caguas,PR,Puerto Rico
1711,Corporate,Salem,OR,United States
1712,Home Office,Lansdale,PA,United States
1713,Corporate,Frankfort,KY,United States
1714,Corporate,Crystal Lake,IL,United States
1715,Corporate,Caguas,PR,Puerto Rico
1716,Home Office,Houston,TX,United States
1717,Home Office,Porterville,CA,United States
1718,Corporate,Buffalo,NY,United States
1719,Corporate,Stockton,CA,United States
1720,Corporate,Caguas,PR,Puerto Rico
1721,Corporate,Ventura,CA,United States
1722,Consumer,Caguas,PR,Puerto Rico
1723,Consumer,Moreno Valley,CA,United States
1724,Home Office,Caguas,PR,Puerto Rico
1725,Corporate,Brooklyn,NY,United States
1726,Corporate,Caguas,PR,Puerto Rico
1727,Corporate,Jamaica,NY,United States
1728,Corporate,La Mesa,CA,United States
1729,Consumer,Caguas,PR,Puerto Rico
1730,Corporate,Lake Forest,CA,United States
1731,Corporate,Spring,TX,United States
1732,Consumer,Caguas,PR,Puerto Rico
1733,Consumer,Pharr,TX,United States
1734,Consumer,Caguas,PR,Puerto Rico
1735,Home Office,Carlisle,PA,United States
1736,Home Office,Tempe,AZ,United States
1737,Corporate,Caguas,PR,Puerto Rico
1738,Consumer,Detroit,MI,United States
1739,Consumer,Caguas,PR,Puerto Rico
1740,Consumer,Virginia Beach,VA,United States
1741,Corporate,Mission Viejo,CA,United States
1742,Corporate,Caguas,PR,Puerto Rico
1743,Consumer,New Orleans,LA,United States
1744,Corporate,Caguas,PR,Puerto Rico
1745,Corporate,Rowland Heights,CA,United States
1746,Corporate,Caguas,PR,Puerto Rico
1747,Corporate,Burnsville,MN,United States
1748,Consumer,Caguas,PR,Puerto Rico
1749,Consumer,Cincinnati,OH,United States
1750,Consumer,La Mesa,CA,United States
1751,Consumer,Caguas,PR,Puerto Rico
1752,Consumer,Humacao,PR,Puerto Rico
1753,Consumer,Pekin,IL,United States
1754,Corporate,Caguas,PR,Puerto Rico
1755,Consumer,Bayamon,PR,Puerto Rico
1756,Consumer,Dallas,TX,United States
1757,Consumer,Caguas,PR,Puerto Rico
1758,Consumer,Bronx,NY,United States
1759,Consumer,Astoria,NY,United States
1760,Consumer,Caguas,PR,Puerto Rico
1761,Corporate,Bend,OR,United States
1762,Corporate,Caguas,PR,Puerto Rico
1763,Corporate,Marion,OH,United States
1764,Corporate,Caguas,PR,Puerto Rico
1765,Home Office,Brooklyn,NY,United States
1766,Home Office,Denver,CO,United States
1767,Home Office,Caguas,PR,Puerto Rico
1768,Consumer,Las Vegas,NV,United States
1769,Corporate,Caguas,PR,Puerto Rico
1770,Consumer,Philadelphia,PA,United States
1771,Consumer,Bridgeton,NJ,United States
1772,Corporate,Caguas,PR,Puerto Rico
1773,Home Office,Canton,MI,United States
1774,Consumer,Caguas,PR,Puerto Rico
1775,Consumer,Virginia Beach,VA,United States
1776,Corporate,Glendale,AZ,United States
1777,Corporate,Baytown,TX,United States
1778,Consumer,Caguas,PR,Puerto Rico
1779,Corporate,South Ozone Park,NY,United States
1780,Home Office,Caguas,PR,Puerto Rico
1781,Consumer,Napa,CA,United States
1782,Corporate,Fort Worth,TX,United States
1783,Corporate,Caguas,PR,Puerto Rico
1785,Consumer,Caguas,PR,Puerto Rico
1786,Consumer,Yauco,PR,Puerto Rico
1787,Consumer,Caguas,PR,Puerto Rico
1788,Consumer,Fort Lauderdale,FL,United States
1790,Consumer,Freeport,NY,United States
1791,Consumer,Caguas,PR,Puerto Rico
1792,Consumer,Jersey City,NJ,United States
1793,Consumer,Glenview,IL,United States
1794,Consumer,Caguas,PR,Puerto Rico
1795,Consumer,Washington,DC,United States
1796,Consumer,Baltimore,MD,United States
1797,Consumer,Memphis,TN,United States
1798,Consumer,Caguas,PR,Puerto Rico
1799,Consumer,Newark,OH,United States
1800,Consumer,Massapequa,NY,United States
1801,Corporate,Englewood,CO,United States
1802,Corporate,Caguas,PR,Puerto Rico
1803,Corporate,West Haven,CT,United States
1804,Corporate,Howell,MI,United States
1805,Corporate,Caguas,PR,Puerto Rico
1806,Corporate,El Paso,TX,United States
1807,Consumer,Caguas,PR,Puerto Rico
1809,Home Office,Caguas,PR,Puerto Rico
1810,Home Office,Antioch,CA,United States
1811,Home Office,Detroit,MI,United States
1812,Home Office,Elgin,IL,United States
1813,Consumer,Katy,TX,United States
1814,Consumer,Newark,DE,United States
1815,Corporate,Caguas,PR,Puerto Rico
1816,Home Office,Miami,FL,United States
1817,Home Office,Florissant,MO,United States
1818,Corporate,Caguas,PR,Puerto Rico
1819,Home Office,Albuquerque,NM,United States
1820,Consumer,Caguas,PR,Puerto Rico
1821,Consumer,Columbus,OH,United States
1822,Home Office,Caguas,PR,Puerto Rico
1823,Home Office,Jacksonville,FL,United States
1824,Home Office,Caguas,PR,Puerto Rico
1825,Home Office,Van Nuys,CA,United States
1826,Corporate,Caguas,PR,Puerto Rico
1827,Home Office,Buffalo,NY,United States
1828,Consumer,Saint Paul,MN,United States
1829,Consumer,Caguas,PR,Puerto Rico
1830,Consumer,Caguas,PR,Puerto Rico
1831,Consumer,Catonsville,MD,United States
1832,Consumer,Caguas,PR,Puerto Rico
1833,Corporate,Virginia Beach,VA,United States
1834,Home Office,Caguas,PR,Puerto Rico
1835,Corporate,Buffalo,NY,United States
1836,Corporate,Dallas,TX,United States
1837,Home Office,Caguas,PR,Puerto Rico
1838,Home Office,Ontario,CA,United States
1839,Corporate,Silver Spring,MD,United States
1840,Consumer,Caguas,PR,Puerto Rico
1841,Corporate,Cleveland,OH,United States
1842,Corporate,Caguas,PR,Puerto Rico
1843,Consumer,Lawton,OK,United States
1844,Corporate,Caguas,PR,Puerto Rico
1845,Corporate,York,PA,United States
1846,Corporate,Pittsfield,MA,United States
1847,Consumer,Caguas,PR,Puerto Rico
1848,Consumer,Dallas,TX,United States
1849,Corporate,Salinas,CA,United States
1850,Corporate,Detroit,MI,United States
1851,Consumer,Caguas,PR,Puerto Rico
1852,Consumer,Rome,NY,United States
1853,Consumer,Caguas,PR,Puerto Rico
1854,Consumer,Folsom,CA,United States
1855,Consumer,Santa Cruz,CA,United States
1856,Consumer,Caguas,PR,Puerto Rico
1857,Consumer,San Sebastian,PR,Puerto Rico
1858,Consumer,Caguas,PR,Puerto Rico
1859,Consumer,Milwaukee,WI,United States
1860,Consumer,Fresno,CA,United States
1861,Consumer,Caguas,PR,Puerto Rico
1862,Consumer,Los Angeles,CA,United States
1863,Corporate,Caguas,PR,Puerto Rico
1864,Corporate,Chicago,IL,United States
1865,Corporate,Detroit,MI,United States
1866,Corporate,Buffalo,NY,United States
1867,Corporate,Caguas,PR,Puerto Rico
1868,Corporate,Far Rockaway,NY,United States
1869,Corporate,Summerville,SC,United States
1870,Corporate,Amarillo,TX,United States
1871,Consumer,Caguas,PR,Puerto Rico
1872,Consumer,Las Vegas,NV,United States
1873,Consumer,Caguas,PR,Puerto Rico
1874,Consumer,Los Angeles,CA,United States
1875,Consumer,Caguas,PR,Puerto Rico
1876,Consumer,Salina,KS,United States
1877,Consumer,Caguas,PR,Puerto Rico
1878,Corporate,San Diego,CA,United States
1879,Corporate,Caguas,PR,Puerto Rico
1880,Corporate,Miami,FL,United States
1881,Home Office,Mesa,AZ,United States
1882,Home Office,Bronx,NY,United States
1883,Home Office,Caguas,PR,Puerto Rico
1884,Home Office,Pacoima,CA,United States
1885,Home Office,Columbia,SC,United States
1886,Home Office,Caguas,PR,Puerto Rico
1887,Home Office,Mount Prospect,IL,United States
1888,Home Office,Ypsilanti,MI,United States
1889,Home Office,Smyrna,GA,United States
1890,Home Office,Caguas,PR,Puerto Rico
1891,Corporate,Painesville,OH,United States
1892,Consumer,Caguas,PR,Puerto Rico
1893,Consumer,Chino,CA,United States
1894,Home Office,Pico Rivera,CA,United States
1895,Home Office,Caguas,PR,Puerto Rico
1896,Home Office,Chicago,IL,United States
1897,Home Office,Caguas,PR,Puerto Rico
1898,Consumer,Virginia Beach,VA,United States
1899,Corporate,Norfolk,VA,United States
1900,Consumer,Caguas,PR,Puerto Rico
1901,Consumer,Chicago,IL,United States
1902,Consumer,Elyria,OH,United States
1903,Consumer,Blacksburg,VA,United States
1904,Corporate,Caguas,PR,Puerto Rico
1905,Home Office,Chicago,IL,United States
1906,Consumer,Lutz,FL,United States
1907,Consumer,Caguas,PR,Puerto Rico
1908,Consumer,Caguas,PR,Puerto Rico
1909,Corporate,Carson,CA,United States
1910,Corporate,Caguas,PR,Puerto Rico
1911,Corporate,Fayetteville,NC,United States
1912,Corporate,Caguas,PR,Puerto Rico
1913,Consumer,Daly City,CA,United States
1914,Consumer,Moline,IL,United States
1915,Consumer,Hialeah,FL,United States
1916,Consumer,Caguas,PR,Puerto Rico
1917,Corporate,Moreno Valley,CA,United States
1918,Home Office,Santee,CA,United States
1919,Corporate,Fort Worth,TX,United States
1920,Home Office,Caguas,PR,Puerto Rico
1921,Home Office,Longmont,CO,United States
1922,Home Office,New Albany,IN,United States
1923,Home Office,Caguas,PR,Puerto Rico
1924,Consumer,Tucson,AZ,United States
1925,Consumer,Moreno Valley,CA,United States
1926,Consumer,Los Angeles,CA,United States
1927,Consumer,Los Angeles,CA,United States
1928,Consumer,Caguas,PR,Puerto Rico
1929,Consumer,San Antonio,TX,United States
1930,Consumer,Saint Paul,MN,United States
1931,Consumer,Caguas,PR,Puerto Rico
1932,Consumer,Irving,TX,United States
1933,Consumer,Brighton,MA,United States
1934,Home Office,Caguas,PR,Puerto Rico
1935,Home Office,Alpharetta,GA,United States
1936,Corporate,Caguas,PR,Puerto Rico
1937,Corporate,El Paso,TX,United States
1938,Home Office,Caguas,PR,Puerto Rico
1939,Consumer,Tracy,CA,United States
1940,Corporate,Albuquerque,NM,United States
1941,Corporate,Caguas,PR,Puerto Rico
1942,Corporate,Honolulu,HI,United States
1943,Home Office,Baltimore,MD,United States
1944,Home Office,Crystal Lake,IL,United States
1945,Corporate,Rego Park,NY,United States
1946,Consumer,Caguas,PR,Puerto Rico
1947,Consumer,Conway,AR,United States
1948,Consumer,Caguas,PR,Puerto Rico
1949,Consumer,Washington,DC,United States
1950,Home Office,New Bedford,MA,United States
1951,Consumer,Caguas,PR,Puerto Rico
1952,Consumer,Silver Spring,MD,United States
1953,Corporate,Potomac,MD,United States
1954,Corporate,Caguas,PR,Puerto Rico
1955,Consumer,Salem,OR,United States
1956,Consumer,Caguas,PR,Puerto Rico
1957,Consumer,Chicago,IL,United States
1958,Corporate,Lancaster,PA,United States
1959,Consumer,Caguas,PR,Puerto Rico
1960,Corporate,Newark,DE,United States
1961,Corporate,Cleveland,OH,United States
1962,Consumer,Caguas,PR,Puerto Rico
1963,Consumer,Los Angeles,CA,United States
1964,Consumer,Bakersfield,CA,United States
1965,Consumer,Joliet,IL,United States
1966,Corporate,Guayama,PR,Puerto Rico
1967,Corporate,Caguas,PR,Puerto Rico
1968,Corporate,Carson,CA,United States
1969,Corporate,La Crosse,WI,United States
1970,Corporate,Caguas,PR,Puerto Rico
1971,Corporate,Seattle,WA,United States
1972,Consumer,Caguas,PR,Puerto Rico
1973,Consumer,Kent,WA,United States
1974,Corporate,Wheaton,IL,United States
1975,Corporate,Smyrna,GA,United States
1976,Corporate,Caguas,PR,Puerto Rico
1977,Corporate,Los Angeles,CA,United States
1978,Consumer,Los Angeles,CA,United States
1979,Consumer,Caguas,PR,Puerto Rico
1980,Consumer,Clearfield,UT,United States
1981,Corporate,Caguas,PR,Puerto Rico
1982,Corporate,Washington,PA,United States
1983,Corporate,Caguas,PR,Puerto Rico
1984,Corporate,Caguas,PR,Puerto Rico
1985,Corporate,San Antonio,TX,United States
1986,Corporate,Phoenix,AZ,United States
1987,Consumer,Caguas,PR,Puerto Rico
1988,Corporate,Rio Grande,PR,Puerto Rico
1989,Home Office,Caguas,PR,Puerto Rico
1990,Home Office,Tempe,AZ,United States
1991,Consumer,Caguas,PR,Puerto Rico
1992,Consumer,Virginia Beach,VA,United States
1993,Consumer,Caguas,PR,Puerto Rico
1994,Consumer,Cleveland,OH,United States
1995,Consumer,Caguas,PR,Puerto Rico
1996,Consumer,Brooklyn,NY,United States
1997,Consumer,Hanford,CA,United States
1998,Home Office,Greeley,CO,United States
1999,Consumer,Princeton,NJ,United States
2000,Home Office,Caguas,PR,Puerto Rico
2001,Consumer,Wichita,KS,United States
2002,Consumer,Caguas,PR,Puerto Rico
2003,Consumer,Lancaster,PA,United States
2004,Consumer,Guaynabo,PR,Puerto Rico
2005,Consumer,Caguas,PR,Puerto Rico
2006,Consumer,Broken Arrow,OK,United States
2007,Consumer,Warren,MI,United States
2008,Consumer,Caguas,PR,Puerto Rico
2009,Consumer,Opa Locka,FL,United States
2010,Consumer,San Antonio,TX,United States
2011,Consumer,Caguas,PR,Puerto Rico
2012,Consumer,Fond Du Lac,WI,United States
2013,Corporate,Saint Paul,MN,United States
2014,Consumer,Caguas,PR,Puerto Rico
2015,Consumer,San Antonio,TX,United States
2016,Consumer,Caguas,PR,Puerto Rico
2017,Consumer,Perth Amboy,NJ,United States
2018,Consumer,Caguas,PR,Puerto Rico
2019,Corporate,Brooklyn,NY,United States
2020,Corporate,Caguas,PR,Puerto Rico
2021,Corporate,West Jordan,UT,United States
2022,Corporate,Caguas,PR,Puerto Rico
2023,Corporate,Brooklyn,NY,United States
2024,Corporate,Poway,CA,United States
2025,Corporate,Caguas,PR,Puerto Rico
2026,Corporate,Colorado Springs,CO,United States
2027,Corporate,Mission Viejo,CA,United States
2028,Consumer,Caguas,PR,Puerto Rico
2029,Consumer,San Diego,CA,United States
2030,Corporate,Caguas,PR,Puerto Rico
2031,Home Office,Los Angeles,CA,United States
2032,Home Office,Caguas,PR,Puerto Rico
2033,Home Office,Union City,NJ,United States
2034,Consumer,Fort Lauderdale,FL,United States
2035,Corporate,Lockport,NY,United States
2036,Consumer,Caguas,PR,Puerto Rico
2037,Consumer,Rancho Cordova,CA,United States
2038,Consumer,Caguas,PR,Puerto Rico
2039,Consumer,Brentwood,NY,United States
2040,Consumer,Caguas,PR,Puerto Rico
2041,Consumer,Saint Paul,MN,United States
2042,Consumer,Caguas,PR,Puerto Rico
2043,Consumer,Medina,OH,United States
2044,Consumer,Caguas,PR,Puerto Rico
2045,Consumer,Methuen,MA,United States
2046,Consumer,Caguas,PR,Puerto Rico
2047,Consumer,Tracy,CA,United States
2048,Consumer,Greensboro,NC,United States
2049,Corporate,Caguas,PR,Puerto Rico
2050,Corporate,Doylestown,PA,United States
2051,Consumer,Philadelphia,PA,United States
2052,Consumer,Loveland,OH,United States
2053,Consumer,Caguas,PR,Puerto Rico
2054,Consumer,Palo Alto,CA,United States
2055,Consumer,Caguas,PR,Puerto Rico
2056,Corporate,Chicago Heights,IL,United States
2057,Corporate,Bountiful,UT,United States
2058,Consumer,Caguas,PR,Puerto Rico
2059,Consumer,Loveland,OH,United States
2060,Consumer,Caguas,PR,Puerto Rico
2061,Consumer,Memphis,TN,United States
2062,Consumer,Caguas,PR,Puerto Rico
2063,Consumer,San Juan,PR,Puerto Rico
2064,Consumer,Dallas,TX,United States
2065,Consumer,Caguas,PR,Puerto Rico
2066,Consumer,Brooklyn,NY,United States
2067,Consumer,Columbia,MO,United States
2068,Corporate,Atlanta,GA,United States
2069,Corporate,Caguas,PR,Puerto Rico
2070,Corporate,La Crosse,WI,United States
2071,Corporate,Los Angeles,CA,United States
2072,Corporate,Caguas,PR,Puerto Rico
2074,Corporate,Caguas,PR,Puerto Rico
2075,Corporate,Lansdale,PA,United States
2076,Home Office,Hamilton,OH,United States
2077,Home Office,Caguas,PR,Puerto Rico
2078,Consumer,San Juan,PR,Puerto Rico
2079,Home Office,Bend,OR,United States
2080,Consumer,Caguas,PR,Puerto Rico
2081,Consumer,Rio Rancho,NM,United States
2082,Corporate,Norcross,GA,United States
2083,Corporate,Caguas,PR,Puerto Rico
2084,Corporate,Compton,CA,United States
2085,Consumer,Los Angeles,CA,United States
2086,Home Office,Caguas,PR,Puerto Rico
2087,Home Office,San Benito,TX,United States
2088,Home Office,Caguas,PR,Puerto Rico
2089,Home Office,Atlanta,GA,United States
2090,Consumer,Caguas,PR,Puerto Rico
2091,Consumer,Woonsocket,RI,United States
2092,Consumer,Caguas,PR,Puerto Rico
2093,Corporate,San Diego,CA,United States
2094,Corporate,Portland,OR,United States
2095,Consumer,Caguas,PR,Puerto Rico
2097,Corporate,Atlanta,GA,United States
2098,Consumer,Raleigh,NC,United States
2099,Corporate,Caguas,PR,Puerto Rico
2100,Corporate,Austin,TX,United States
2101,Corporate,Caguas,PR,Puerto Rico
2102,Corporate,Tustin,CA,United States
2103,Consumer,Caguas,PR,Puerto Rico
2104,Consumer,Reynoldsburg,OH,United States
2105,Corporate,Caguas,PR,Puerto Rico
2106,Consumer,Aurora,CO,United States
2107,Consumer,Caguas,PR,Puerto Rico
2108,Consumer,Elgin,IL,United States
2109,Consumer,Caguas,PR,Puerto Rico
2110,Consumer,Fullerton,CA,United States
2111,Home Office,Caguas,PR,Puerto Rico
2112,Home Office,Virginia Beach,VA,United States
2113,Home Office,Harvey,IL,United States
2114,Consumer,Los Angeles,CA,United States
2115,Consumer,Caguas,PR,Puerto Rico
2116,Consumer,New Brunswick,NJ,United States
2117,Corporate,Caguas,PR,Puerto Rico
2118,Corporate,Lakewood,NJ,United States
2119,Consumer,Caguas,PR,Puerto Rico
2120,Consumer,Brooklyn,NY,United States
2121,Consumer,Virginia Beach,VA,United States
2122,Consumer,Victorville,CA,United States
2123,Consumer,Caguas,PR,Puerto Rico
2124,Home Office,Toms River,NJ,United States
2125,Home Office,Bend,OR,United States
2126,Consumer,Caguas,PR,Puerto Rico
2127,Consumer,Honolulu,HI,United States
2128,Consumer,Caguas,PR,Puerto Rico
2129,Consumer,El Cajon,CA,United States
2130,Consumer,Austin,TX,United States
2131,Consumer,Annandale,VA,United States
2132,Consumer,Caguas,PR,Puerto Rico
2133,Consumer,Brooklyn,NY,United States
2134,Consumer,Caguas,PR,Puerto Rico
2135,Home Office,El Centro,CA,United States
2136,Consumer,Caguas,PR,Puerto Rico
2137,Corporate,Moreno Valley,CA,United States
2138,Corporate,Caguas,PR,Puerto Rico
2139,Consumer,Los Angeles,CA,United States
2140,Consumer,Caguas,PR,Puerto Rico
2141,Consumer,Elk Grove,CA,United States
2142,Consumer,East Lansing,MI,United States
2143,Consumer,Caguas,PR,Puerto Rico
2144,Consumer,Kenner,LA,United States
2145,Corporate,Tempe,AZ,United States
2146,Corporate,Caguas,PR,Puerto Rico
2147,Home Office,Salina,KS,United States
2148,Home Office,Caguas,PR,Puerto Rico
2149,Consumer,Tucson,AZ,United States
2150,Corporate,Caguas,PR,Puerto Rico
2151,Corporate,Decatur,GA,United States
2152,Consumer,Caguas,PR,Puerto Rico
2153,Corporate,Bakersfield,CA,United States
2154,Corporate,Laredo,TX,United States
2155,Corporate,Caguas,PR,Puerto Rico
2156,Corporate,Livermore,CA,United States
2157,Corporate,Tustin,CA,United States
2158,Consumer,Fontana,CA,United States
2159,Corporate,North Richland Hills,TX,United States
2160,Corporate,Caguas,PR,Puerto Rico
2161,Corporate,Bellflower,CA,United States
2162,Corporate,Decatur,GA,United States
2163,Corporate,Irving,TX,United States
2164,Home Office,Caguas,PR,Puerto Rico
2165,Consumer,Louisville,KY,United States
2166,Consumer,Caguas,PR,Puerto Rico
2167,Consumer,Los Angeles,CA,United States
2168,Consumer,Caguas,PR,Puerto Rico
2169,Consumer,San Marcos,CA,United States
2170,Consumer,Troy,MI,United States
2171,Consumer,Caguas,PR,Puerto Rico
2172,Consumer,West Haven,CT,United States
2173,Consumer,Caguas,PR,Puerto Rico
2174,Consumer,Brooklyn,NY,United States
2175,Consumer,Austin,TX,United States
2176,Home Office,Caguas,PR,Puerto Rico
2177,Consumer,Norwalk,CA,United States
2178,Home Office,Grove City,OH,United States
2179,Home Office,Caguas,PR,Puerto Rico
2180,Corporate,Stockbridge,GA,United States
2181,Corporate,Caguas,PR,Puerto Rico
2182,Consumer,Elk Grove,CA,United States
2183,Consumer,Caguas,PR,Puerto Rico
2184,Corporate,Hollister,CA,United States
2185,Corporate,Caguas,PR,Puerto Rico
2186,Consumer,Los Angeles,CA,United States
2187,Corporate,Westminster,CA,United States
2188,Corporate,Tulare,CA,United States
2189,Corporate,Elmhurst,IL,United States
2190,Corporate,Caguas,PR,Puerto Rico
2191,Consumer,Watsonville,CA,United States
2192,Consumer,Caguas,PR,Puerto Rico
2193,Consumer,Moline,IL,United States
2194,Consumer,Caguas,PR,Puerto Rico
2195,Home Office,Dallas,TX,United States
2196,Home Office,Pompano Beach,FL,United States
2197,Consumer,Caguas,PR,Puerto Rico
2198,Corporate,Fort Lauderdale,FL,United States
2199,Corporate,Caguas,PR,Puerto Rico
2200,Corporate,Fort Worth,TX,United States
2201,Home Office,Caguas,PR,Puerto Rico
2202,Corporate,Mesquite,TX,United States
2203,Corporate,Caguas,PR,Puerto Rico
2204,Corporate,Hamtramck,MI,United States
2205,Corporate,Caguas,PR,Puerto Rico
2206,Corporate,Lancaster,CA,United States
2207,Consumer,Caguas,PR,Puerto Rico
2208,Consumer,Albuquerque,NM,United States
2209,Consumer,Caguas,PR,Puerto Rico
2210,Consumer,Saint Charles,MO,United States
2211,Consumer,Caguas,PR,Puerto Rico
2212,Consumer,Des Plaines,IL,United States
2213,Consumer,Chapel Hill,NC,United States
2214,Consumer,Caguas,PR,Puerto Rico
2215,Home Office,Hayward,CA,United States
2216,Home Office,Fremont,CA,United States
2217,Consumer,Caguas,PR,Puerto Rico
2218,Consumer,Escondido,CA,United States
2219,Corporate,Gardena,CA,United States
2220,Corporate,Caguas,PR,Puerto Rico
2221,Consumer,Englewood,CO,United States
2222,Corporate,Caguas,PR,Puerto Rico
2223,Consumer,Virginia Beach,VA,United States
2224,Corporate,Caguas,PR,Puerto Rico
2225,Home Office,San Diego,CA,United States
2226,Home Office,Phoenix,AZ,United States
2227,Home Office,Caguas,PR,Puerto Rico
2228,Corporate,Aurora,CO,United States
2229,Corporate,Caguas,PR,Puerto Rico
2230,Corporate,San Bernardino,CA,United States
2231,Home Office,Florissant,MO,United States
2232,Corporate,Louisville,KY,United States
2233,Consumer,Caguas,PR,Puerto Rico
2234,Consumer,Chicago,IL,United States
2235,Consumer,Albuquerque,NM,United States
2236,Consumer,Caguas,PR,Puerto Rico
2237,Consumer,West New York,NJ,United States
2238,Corporate,Caguas,PR,Puerto Rico
2239,Home Office,Silver Spring,MD,United States
2240,Home Office,Caguas,PR,Puerto Rico
2241,Home Office,Bolingbrook,IL,United States
2242,Consumer,Caguas,PR,Puerto Rico
2243,Consumer,Redmond,WA,United States
2244,Home Office,Caguas,PR,Puerto Rico
2245,Consumer,Las Vegas,NV,United States
2246,Corporate,Ontario,CA,United States
2247,Home Office,Laredo,TX,United States
2248,Home Office,Caguas,PR,Puerto Rico
2249,Corporate,Los Angeles,CA,United States
2250,Corporate,New York,NY,United States
2251,Corporate,Caguas,PR,Puerto Rico
2252,Consumer,Bronx,NY,United States
2253,Consumer,Memphis,TN,United States
2254,Consumer,Caguas,PR,Puerto Rico
2255,Consumer,Philadelphia,PA,United States
2256,Consumer,San Jose,CA,United States
2257,Home Office,Milwaukee,WI,United States
2258,Home Office,Caguas,PR,Puerto Rico
2259,Home Office,Bronx,NY,United States
2260,Home Office,Caguas,PR,Puerto Rico
2261,Home Office,Aguadilla,PR,Puerto Rico
2262,Consumer,Caguas,PR,Puerto Rico
2263,Consumer,Parkville,MD,United States
2264,Consumer,Laguna Niguel,CA,United States
2265,Consumer,Caguas,PR,Puerto Rico
2266,Consumer,Chino,CA,United States
2267,Consumer,Glendale,AZ,United States
2268,Home Office,Marietta,GA,United States
2269,Consumer,Riverside,CA,United States
2270,Consumer,Caguas,PR,Puerto Rico
2271,Consumer,Chicago,IL,United States
2272,Consumer,Goose Creek,SC,United States
2273,Consumer,Caguas,PR,Puerto Rico
2274,Consumer,South El Monte,CA,United States
2275,Consumer,Caguas,PR,Puerto Rico
2276,Consumer,Bowling Green,KY,United States
2277,Consumer,Caguas,PR,Puerto Rico
2278,Consumer,Reynoldsburg,OH,United States
2279,Home Office,Caguas,PR,Puerto Rico
2280,Home Office,Portland,OR,United States
2281,Home Office,Caguas,PR,Puerto Rico
2282,Home Office,West Covina,CA,United States
2283,Home Office,Caguas,PR,Puerto Rico
2284,Consumer,Philadelphia,PA,United States
2285,Home Office,Caguas,PR,Puerto Rico
2286,Home Office,Baltimore,MD,United States
2287,Home Office,Caguas,PR,Puerto Rico
2288,Home Office,Indio,CA,United States
2289,Consumer,Hilliard,OH,United States
2290,Consumer,Endicott,NY,United States
2291,Consumer,Caguas,PR,Puerto Rico
2292,Corporate,San Benito,TX,United States
2293,Corporate,Caguas,PR,Puerto Rico
2294,Corporate,San Diego,CA,United States
2295,Consumer,Clarksville,TN,United States
2296,Corporate,Phoenix,AZ,United States
2297,Corporate,Long Beach,CA,United States
2298,Corporate,Caguas,PR,Puerto Rico
2299,Corporate,Phoenix,AZ,United States
2300,Corporate,Caguas,PR,Puerto Rico
2301,Consumer,Spring Valley,CA,United States
2302,Consumer,Bakersfield,CA,United States
2303,Consumer,Chicago,IL,United States
2304,Consumer,Caguas,PR,Puerto Rico
2305,Consumer,Temecula,CA,United States
2306,Corporate,Caguas,PR,Puerto Rico
2307,Consumer,Atlanta,GA,United States
2308,Consumer,Austin,TX,United States
2309,Corporate,Caguas,PR,Puerto Rico
2310,Home Office,Bayamon,PR,Puerto Rico
2311,Home Office,Anaheim,CA,United States
2312,Home Office,Caguas,PR,Puerto Rico
2313,Consumer,Scottsdale,AZ,United States
2314,Consumer,Caguas,PR,Puerto Rico
2315,Consumer,Weslaco,TX,United States
2316,Consumer,West Orange,NJ,United States
2317,Corporate,Santa Cruz,CA,United States
2318,Corporate,Caguas,PR,Puerto Rico
2319,Corporate,Jackson,MI,United States
2320,Consumer,Caguas,PR,Puerto Rico
2321,Consumer,Houston,TX,United States
2322,Home Office,Walnut,CA,United States
2323,Home Office,Webster,NY,United States
2324,Home Office,Caguas,PR,Puerto Rico
2325,Consumer,Antioch,CA,United States
2326,Consumer,Chicago,IL,United States
2327,Corporate,West Chester,PA,United States
2328,Corporate,Caguas,PR,Puerto Rico
2329,Corporate,Valrico,FL,United States
2330,Consumer,Corona,CA,United States
2331,Consumer,San Sebastian,PR,Puerto Rico
2332,Consumer,Caguas,PR,Puerto Rico
2333,Consumer,Malden,MA,United States
2334,Consumer,Caguas,PR,Puerto Rico
2335,Corporate,Riverside,CA,United States
2336,Corporate,Caguas,PR,Puerto Rico
2337,Consumer,El Paso,TX,United States
2338,Consumer,Lindenhurst,NY,United States
2339,Home Office,Caguas,PR,Puerto Rico
2340,Corporate,Greeley,CO,United States
2341,Corporate,Caguas,PR,Puerto Rico
2342,Home Office,Washington,DC,United States
2343,Consumer,Lawton,OK,United States
2344,Consumer,Caguas,PR,Puerto Rico
2345,Consumer,New York,NY,United States
2346,Consumer,Mesquite,TX,United States
2347,Consumer,Caguas,PR,Puerto Rico
2348,Consumer,El Paso,TX,United States
2349,Consumer,Caguas,PR,Puerto Rico
2350,Consumer,West Haven,CT,United States
2351,Consumer,Houston,TX,United States
2352,Consumer,Caguas,PR,Puerto Rico
2353,Consumer,Dallas,TX,United States
2354,Home Office,Caguas,PR,Puerto Rico
2355,Home Office,Katy,TX,United States
2356,Home Office,Irwin,PA,United States
2357,Consumer,Caguas,PR,Puerto Rico
2358,Home Office,Rio Rancho,NM,United States
2359,Home Office,Philadelphia,PA,United States
2360,Home Office,San Antonio,TX,United States
2361,Home Office,Caguas,PR,Puerto Rico
2362,Consumer,Placentia,CA,United States
2363,Consumer,Caguas,PR,Puerto Rico
2364,Consumer,Katy,TX,United States
2365,Consumer,Caguas,PR,Puerto Rico
2366,Consumer,Lakewood,OH,United States
2367,Consumer,Columbus,OH,United States
2368,Consumer,Caguas,PR,Puerto Rico
2369,Corporate,Findlay,OH,United States
2370,Corporate,Poway,CA,United States
2371,Corporate,Baytown,TX,United States
2372,Corporate,Caguas,PR,Puerto Rico
2373,Consumer,Goose Creek,SC,United States
2374,Consumer,Caguas,PR,Puerto Rico
2375,Consumer,Bronx,NY,United States
2376,Home Office,Milford,CT,United States
2377,Home Office,Carlisle,PA,United States
2378,Home Office,Irwin,PA,United States
2379,Home Office,Caguas,PR,Puerto Rico
2380,Home Office,Springfield,MO,United States
2381,Home Office,Caguas,PR,Puerto Rico
2382,Consumer,Bronx,NY,United States
2383,Corporate,Westerville,OH,United States
2384,Corporate,Caguas,PR,Puerto Rico
2385,Corporate,Costa Mesa,CA,United States
2386,Corporate,San Bernardino,CA,United States
2387,Consumer,Cypress,CA,United States
2388,Consumer,Caguas,PR,Puerto Rico
2389,Consumer,Memphis,TN,United States
2390,Corporate,Caguas,PR,Puerto Rico
2391,Corporate,Westland,MI,United States
2392,Consumer,Caguas,PR,Puerto Rico
2393,Consumer,Hesperia,CA,United States
2394,Consumer,Rego Park,NY,United States
2395,Corporate,Caguas,PR,Puerto Rico
2396,Corporate,Phoenix,AZ,United States
2397,Corporate,Caguas,PR,Puerto Rico
2398,Consumer,Dorchester Center,MA,United States
2399,Home Office,Hyattsville,MD,United States
2400,Consumer,Caguas,PR,Puerto Rico
2401,Consumer,Union City,CA,United States
2402,Consumer,Caguas,PR,Puerto Rico
2403,Consumer,Philadelphia,PA,United States
2404,Consumer,Caguas,PR,Puerto Rico
2405,Consumer,Aurora,IL,United States
2406,Consumer,Caguas,PR,Puerto Rico
2407,Corporate,Lake Forest,CA,United States
2408,Corporate,Caguas,PR,Puerto Rico
2409,Corporate,Chicago,IL,United States
2410,Corporate,Caguas,PR,Puerto Rico
2411,Consumer,Richmond,KY,United States
2412,Consumer,Caguas,PR,Puerto Rico
2413,Corporate,Virginia Beach,VA,United States
2414,Consumer,Mesa,AZ,United States
2415,Consumer,Caguas,PR,Puerto Rico
2416,Consumer,Houston,TX,United States
2417,Corporate,Caguas,PR,Puerto Rico
2418,Home Office,Enfield,CT,United States
2419,Home Office,Caguas,PR,Puerto Rico
2420,Corporate,Weslaco,TX,United States
2421,Home Office,Caguas,PR,Puerto Rico
2422,Consumer,San Juan,PR,Puerto Rico
2423,Home Office,Caguas,PR,Puerto Rico
2424,Consumer,Jacksonville,FL,United States
2425,Consumer,Los Angeles,CA,United States
2426,Home Office,Caguas,PR,Puerto Rico
2427,Home Office,Brooklyn,NY,United States
2428,Home Office,Carmichael,CA,United States
2429,Home Office,Newburgh,NY,United States
2430,Home Office,Dallas,TX,United States
2431,Home Office,Caguas,PR,Puerto Rico
2432,Home Office,Albuquerque,NM,United States
2433,Home Office,Caguas,PR,Puerto Rico
2434,Home Office,Fayetteville,NC,United States
2435,Consumer,Caguas,PR,Puerto Rico
2436,Corporate,Albuquerque,NM,United States
2437,Home Office,Caguas,PR,Puerto Rico
2438,Corporate,Brooklyn,NY,United States
2439,Home Office,Caguas,PR,Puerto Rico
2440,Home Office,Alhambra,CA,United States
2441,Corporate,Jacksonville,NC,United States
2442,Consumer,Caguas,PR,Puerto Rico
2443,Consumer,Stone Mountain,GA,United States
2444,Consumer,Moline,IL,United States
2445,Consumer,Caguas,PR,Puerto Rico
2446,Home Office,Pompano Beach,FL,United States
2447,Consumer,Caguas,PR,Puerto Rico
2448,Home Office,Corona,NY,United States
2449,Consumer,Elgin,IL,United States
2451,Corporate,Caguas,PR,Puerto Rico
2452,Corporate,Santa Fe,NM,United States
2453,Corporate,Caguas,PR,Puerto Rico
2454,Corporate,Santa Clara,CA,United States
2455,Corporate,Carol Stream,IL,United States
2456,Corporate,York,PA,United States
2457,Consumer,Caguas,PR,Puerto Rico
2458,Consumer,Honolulu,HI,United States
2459,Corporate,Caguas,PR,Puerto Rico
2460,Corporate,San Pablo,CA,United States
2461,Consumer,Caguas,PR,Puerto Rico
2462,Consumer,Long Beach,CA,United States
2463,Consumer,Sheboygan,WI,United States
2464,Consumer,Caguas,PR,Puerto Rico
2465,Consumer,Diamond Bar,CA,United States
2466,Consumer,Caguas,PR,Puerto Rico
2467,Consumer,Houston,TX,United States
2468,Corporate,Enfield,CT,United States
2469,Consumer,Caguas,PR,Puerto Rico
2470,Consumer,Los Angeles,CA,United States
2471,Home Office,Hamtramck,MI,United States
2472,Corporate,Caguas,PR,Puerto Rico
2473,Corporate,Palatine,IL,United States
2474,Home Office,Caguas,PR,Puerto Rico
2475,Consumer,Detroit,MI,United States
2476,Consumer,New Orleans,LA,United States
2477,Consumer,Caguas,PR,Puerto Rico
2478,Corporate,Las Vegas,NV,United States
2479,Corporate,Caguas,PR,Puerto Rico
2480,Home Office,Milwaukee,WI,United States
2481,Home Office,Caguas,PR,Puerto Rico
2482,Home Office,Riverside,CA,United States
2483,Home Office,Brooklyn,NY,United States
2484,Corporate,Apex,NC,United States
2485,Consumer,Caguas,PR,Puerto Rico
2486,Consumer,Philadelphia,PA,United States
2487,Consumer,Las Cruces,NM,United States
2488,Consumer,Caguas,PR,Puerto Rico
2489,Corporate,San Antonio,TX,United States
2490,Corporate,Caguas,PR,Puerto Rico
2491,Home Office,Pico Rivera,CA,United States
2492,Consumer,Clementon,NJ,United States
2493,Consumer,Caguas,PR,Puerto Rico
2494,Consumer,Reynoldsburg,OH,United States
2495,Consumer,Webster,NY,United States
2496,Consumer,Caguas,PR,Puerto Rico
2497,Consumer,Mesquite,TX,United States
2498,Consumer,Salem,OR,United States
2499,Corporate,Caguas,PR,Puerto Rico
2500,Home Office,Ypsilanti,MI,United States
2501,Consumer,Caguas,PR,Puerto Rico
2502,Corporate,Long Beach,CA,United States
2503,Corporate,Canyon Country,CA,United States
2504,Corporate,West Chester,PA,United States
2505,Consumer,Caguas,PR,Puerto Rico
2506,Corporate,Compton,CA,United States
2507,Corporate,Caguas,PR,Puerto Rico
2508,Consumer,Ann Arbor,MI,United States
2509,Consumer,Tampa,FL,United States
2510,Corporate,Caguas,PR,Puerto Rico
2511,Corporate,Apex,NC,United States
2512,Consumer,Caguas,PR,Puerto Rico
2513,Consumer,Philadelphia,PA,United States
2514,Consumer,Caguas,PR,Puerto Rico
2515,Consumer,Apopka,FL,United States
2516,Consumer,Caguas,PR,Puerto Rico
2517,Consumer,Cumberland,MD,United States
2518,Consumer,Caguas,PR,Puerto Rico
2519,Consumer,Hamtramck,MI,United States
2520,Consumer,Woonsocket,RI,United States
2521,Consumer,Caguas,PR,Puerto Rico
2522,Consumer,York,PA,United States
2523,Consumer,Buffalo,NY,United States
2524,Consumer,Caguas,PR,Puerto Rico
2525,Consumer,Chicago,IL,United States
2526,Corporate,Seattle,WA,United States
2527,Corporate,Caguas,PR,Puerto Rico
2528,Corporate,Mount Pleasant,MI,United States
2529,Consumer,Caguas,PR,Puerto Rico
2530,Consumer,Peabody,MA,United States
2531,Consumer,Caguas,PR,Puerto Rico
2532,Consumer,Carrollton,TX,United States
2533,Consumer,Caguas,PR,Puerto Rico
2534,Consumer,Morrisville,PA,United States
2535,Consumer,Caguas,PR,Puerto Rico
2536,Consumer,Los Angeles,CA,United States
2537,Home Office,Phoenix,AZ,United States
2538,Consumer,Caguas,PR,Puerto Rico
2539,Corporate,Brooklyn,NY,United States
2540,Corporate,Indianapolis,IN,United States
2541,Corporate,Caguas,PR,Puerto Rico
2542,Corporate,Memphis,TN,United States
2543,Home Office,Tempe,AZ,United States
2544,Consumer,Hanover,PA,United States
2545,Home Office,Richardson,TX,United States
2546,Home Office,Caguas,PR,Puerto Rico
2547,Home Office,North Richland Hills,TX,United States
2548,Consumer,Hamilton,OH,United States
2549,Consumer,Caguas,PR,Puerto Rico
2550,Consumer,Elgin,IL,United States
2551,Consumer,Caguas,PR,Puerto Rico
2552,Consumer,Mount Prospect,IL,United States
2553,Consumer,Ontario,CA,United States
2554,Consumer,Caguas,PR,Puerto Rico
2555,Consumer,Costa Mesa,CA,United States
2556,Corporate,Caguas,PR,Puerto Rico
2557,Corporate,Detroit,MI,United States
2558,Corporate,Modesto,CA,United States
2559,Corporate,Orlando,FL,United States
2560,Corporate,Caguas,PR,Puerto Rico
2561,Corporate,Jersey City,NJ,United States
2562,Corporate,Apex,NC,United States
2563,Corporate,Caguas,PR,Puerto Rico
2564,Corporate,Amarillo,TX,United States
2565,Corporate,Caguas,PR,Puerto Rico
2566,Consumer,Merced,CA,United States
2567,Consumer,Caguas,PR,Puerto Rico
2568,Consumer,Memphis,TN,United States
2569,Consumer,Caguas,PR,Puerto Rico
2570,Corporate,Bronx,NY,United States
2571,Corporate,Mount Pleasant,MI,United States
2572,Consumer,Caguas,PR,Puerto Rico
2573,Consumer,Winter Park,FL,United States
2574,Consumer,Caguas,PR,Puerto Rico
2575,Consumer,Pomona,CA,United States
2576,Corporate,Caguas,PR,Puerto Rico
2578,Corporate,Caguas,PR,Puerto Rico
2579,Consumer,Citrus Heights,CA,United States
2580,Home Office,Caguas,PR,Puerto Rico
2581,Home Office,Newburgh,NY,United States
2582,Home Office,Caguas,PR,Puerto Rico
2583,Consumer,Mchenry,IL,United States
2584,Consumer,Caguas,PR,Puerto Rico
2585,Consumer,Brooklyn,NY,United States
2586,Consumer,Caguas,PR,Puerto Rico
2587,Consumer,Bensalem,PA,United States
2588,Consumer,Caguas,PR,Puerto Rico
2589,Consumer,Wayne,NJ,United States
2590,Consumer,Caguas,PR,Puerto Rico
2591,Consumer,Dallas,TX,United States
2592,Corporate,San Marcos,TX,United States
2593,Home Office,Piscataway,NJ,United States
2594,Consumer,Guaynabo,PR,Puerto Rico
2595,Consumer,Caguas,PR,Puerto Rico
2596,Consumer,Yuma,AZ,United States
2597,Consumer,Walnut,CA,United States
2598,Corporate,Caguas,PR,Puerto Rico
2599,Corporate,Livermore,CA,United States
2600,Consumer,Hayward,CA,United States
2602,Home Office,Long Beach,CA,United States
2603,Corporate,Costa Mesa,CA,United States
2604,Home Office,Caguas,PR,Puerto Rico
2605,Consumer,Livermore,CA,United States
2606,Consumer,Chicago,IL,United States
2607,Consumer,Caguas,PR,Puerto Rico
2608,Consumer,Philadelphia,PA,United States
2609,Consumer,Caguas,PR,Puerto Rico
2610,Consumer,Davis,CA,United States
2611,Consumer,South Richmond Hill,NY,United States
2612,Corporate,Caguas,PR,Puerto Rico
2613,Corporate,Chicago,IL,United States
2614,Consumer,Lawrenceville,GA,United States
2615,Consumer,Garden Grove,CA,United States
2616,Consumer,Caguas,PR,Puerto Rico
2617,Consumer,Santa Ana,CA,United States
2618,Consumer,Milpitas,CA,United States
2619,Consumer,Warren,MI,United States
2620,Consumer,Caguas,PR,Puerto Rico
2621,Consumer,Philadelphia,PA,United States
2622,Corporate,Fayetteville,NC,United States
2623,Corporate,Caguas,PR,Puerto Rico
2624,Corporate,Harvey,IL,United States
2625,Consumer,Caguas,PR,Puerto Rico
2626,Consumer,Oceanside,CA,United States
2627,Consumer,Caguas,PR,Puerto Rico
2628,Consumer,Rancho Cordova,CA,United States
2629,Consumer,Caguas,PR,Puerto Rico
2630,Consumer,Chicago,IL,United States
2631,Consumer,Ithaca,NY,United States
2632,Consumer,Caguas,PR,Puerto Rico
2633,Consumer,Las Vegas,NV,United States
2634,Corporate,Caguas,PR,Puerto Rico
2635,Consumer,Baytown,TX,United States
2636,Corporate,Caguas,PR,Puerto Rico
2637,Home Office,Hampton,VA,United States
2638,Consumer,Caguas,PR,Puerto Rico
2639,Consumer,Los Angeles,CA,United States
2640,Consumer,Caguas,PR,Puerto Rico
2641,Consumer,Carrollton,TX,United States
2642,Consumer,Lindenhurst,NY,United States
2643,Consumer,Caguas,PR,Puerto Rico
2644,Home Office,Brooklyn,NY,United States
2645,Home Office,Caguas,PR,Puerto Rico
2646,Home Office,El Cajon,CA,United States
2647,Home Office,Lancaster,CA,United States
2648,Corporate,Caguas,PR,Puerto Rico
2649,Corporate,Sandusky,OH,United States
2650,Corporate,Caguas,PR,Puerto Rico
2651,Consumer,Salem,OR,United States
2652,Consumer,Caguas,PR,Puerto Rico
2653,Corporate,Atlanta,GA,United States
2654,Consumer,Caguas,PR,Puerto Rico
2655,Consumer,Lancaster,CA,United States
2656,Corporate,Caguas,PR,Puerto Rico
2657,Corporate,Allentown,PA,United States
2658,Consumer,Weslaco,TX,United States
2659,Consumer,Glen Burnie,MD,United States
2660,Consumer,Caguas,PR,Puerto Rico
2662,Consumer,Caguas,PR,Puerto Rico
2663,Consumer,San Diego,CA,United States
2664,Corporate,Caguas,PR,Puerto Rico
2666,Corporate,Los Angeles,CA,United States
2667,Corporate,Sun Valley,CA,United States
2668,Corporate,Caguas,PR,Puerto Rico
2669,Home Office,Costa Mesa,CA,United States
2670,Consumer,Caguas,PR,Puerto Rico
2671,Consumer,Portland,OR,United States
2672,Consumer,Caguas,PR,Puerto Rico
2673,Consumer,Granite City,IL,United States
2674,Consumer,Caguas,PR,Puerto Rico
2675,Consumer,Anaheim,CA,United States
2676,Corporate,Bensalem,PA,United States
2677,Home Office,Caguas,PR,Puerto Rico
2678,Home Office,Simi Valley,CA,United States
2679,Home Office,Brownsville,TX,United States
2680,Consumer,Caguas,PR,Puerto Rico
2681,Consumer,Duluth,GA,United States
2682,Consumer,Roseburg,OR,United States
2683,Consumer,Caguas,PR,Puerto Rico
2684,Consumer,Fort Lauderdale,FL,United States
2685,Consumer,La Crosse,WI,United States
2686,Consumer,Caguas,PR,Puerto Rico
2687,Consumer,Brooklyn,NY,United States
2688,Consumer,Irving,TX,United States
2689,Consumer,Caguas,PR,Puerto Rico
2690,Consumer,Philadelphia,PA,United States
2691,Consumer,La Crosse,WI,United States
2692,Consumer,Pharr,TX,United States
2693,Consumer,Caguas,PR,Puerto Rico
2695,Consumer,Caguas,PR,Puerto Rico
2696,Consumer,Memphis,TN,United States
2697,Consumer,Caguas,PR,Puerto Rico
2698,Consumer,Pomona,CA,United States
2699,Corporate,Fairfield,OH,United States
2700,Consumer,Caguas,PR,Puerto Rico
2701,Corporate,Elyria,OH,United States
2702,Corporate,Honolulu,HI,United States
2703,Corporate,Caguas,PR,Puerto Rico
2704,Home Office,Fontana,CA,United States
2705,Corporate,Hanover,PA,United States
2706,Home Office,Caguas,PR,Puerto Rico
2707,Corporate,Chicago,IL,United States
2708,Corporate,Caguas,PR,Puerto Rico
2709,Corporate,New York,NY,United States
2710,Consumer,Albuquerque,NM,United States
2711,Consumer,Bronx,NY,United States
2712,Consumer,Fremont,CA,United States
2713,Consumer,Caguas,PR,Puerto Rico
2714,Consumer,Gilroy,CA,United States
2715,Consumer,Caguas,PR,Puerto Rico
2716,Consumer,Milpitas,CA,United States
2717,Consumer,Spring Valley,NY,United States
2718,Consumer,Caguas,PR,Puerto Rico
2719,Consumer,Palmdale,CA,United States
2720,Consumer,Ypsilanti,MI,United States
2721,Consumer,Caguas,PR,Puerto Rico
2722,Consumer,Newark,DE,United States
2723,Consumer,Caguas,PR,Puerto Rico
2724,Consumer,Los Angeles,CA,United States
2725,Consumer,Stone Mountain,GA,United States
2726,Consumer,Annapolis,MD,United States
2727,Consumer,Caguas,PR,Puerto Rico
2728,Consumer,Miami,FL,United States
2729,Consumer,Caguas,PR,Puerto Rico
2730,Corporate,Brooklyn,NY,United States
2731,Corporate,Caguas,PR,Puerto Rico
2732,Consumer,Chicago,IL,United States
2733,Consumer,Chicago,IL,United States
2734,Consumer,Valrico,FL,United States
2735,Corporate,Caguas,PR,Puerto Rico
2736,Corporate,Mount Pleasant,MI,United States
2737,Consumer,Caguas,PR,Puerto Rico
2738,Consumer,Phoenix,AZ,United States
2739,Consumer,Crystal Lake,IL,United States
2740,Corporate,Caguas,PR,Puerto Rico
2741,Corporate,Long Beach,CA,United States
2742,Consumer,Henderson,NV,United States
2743,Home Office,Caguas,PR,Puerto Rico
2744,Home Office,Algonquin,IL,United States
2745,Home Office,Caguas,PR,Puerto Rico
2746,Home Office,Dearborn,MI,United States
2747,Corporate,Caguas,PR,Puerto Rico
2748,Corporate,Henrico,VA,United States
2749,Corporate,Caguas,PR,Puerto Rico
2750,Corporate,Bowling Green,KY,United States
2751,Corporate,Caguas,PR,Puerto Rico
2752,Corporate,Phoenix,AZ,United States
2753,Home Office,Caguas,PR,Puerto Rico
2754,Home Office,Vacaville,CA,United States
2755,Home Office,Longmont,CO,United States
2756,Corporate,Bakersfield,CA,United States
2757,Consumer,Caguas,PR,Puerto Rico
2758,Consumer,Phoenix,AZ,United States
2759,Consumer,Caguas,PR,Puerto Rico
2760,Consumer,Santa Ana,CA,United States
2761,Home Office,Taylor,MI,United States
2762,Consumer,Cleveland,OH,United States
2763,Corporate,Mesa,AZ,United States
2764,Corporate,Caguas,PR,Puerto Rico
2765,Corporate,Woodbridge,VA,United States
2766,Corporate,Caguas,PR,Puerto Rico
2767,Corporate,Webster,NY,United States
2768,Corporate,Caguas,PR,Puerto Rico
2769,Corporate,Honolulu,HI,United States
2770,Corporate,Fremont,CA,United States
2771,Consumer,Caguas,PR,Puerto Rico
2772,Corporate,San Bernardino,CA,United States
2773,Corporate,Caguas,PR,Puerto Rico
2774,Consumer,Lockport,IL,United States
2775,Consumer,Caguas,PR,Puerto Rico
2776,Corporate,Las Vegas,NV,United States
2777,Consumer,Caguas,PR,Puerto Rico
2778,Corporate,Chicago,IL,United States
2779,Consumer,Mentor,OH,United States
2780,Corporate,Tallahassee,FL,United States
2781,Corporate,Caguas,PR,Puerto Rico
2782,Corporate,Los Angeles,CA,United States
2783,Home Office,Middletown,OH,United States
2784,Consumer,Bakersfield,CA,United States
2785,Corporate,Caguas,PR,Puerto Rico
2786,Consumer,Chicago,IL,United States
2787,Consumer,Chicago,IL,United States
2788,Consumer,Las Vegas,NV,United States
2789,Consumer,Caguas,PR,Puerto Rico
2790,Consumer,Santa Ana,CA,United States
2791,Consumer,Caguas,PR,Puerto Rico
2792,Consumer,Plymouth,MA,United States
2793,Consumer,Caguas,PR,Puerto Rico
2794,Consumer,Pittsburg,CA,United States
2795,Corporate,Salinas,CA,United States
2796,Consumer,Caguas,PR,Puerto Rico
2797,Consumer,Denver,CO,United States
2798,Corporate,Phoenix,AZ,United States
2799,Corporate,Caguas,PR,Puerto Rico
2800,Home Office,Detroit,MI,United States
2801,Home Office,Caguas,PR,Puerto Rico
2802,Home Office,Cleveland,OH,United States
2803,Consumer,Portland,OR,United States
2804,Consumer,Caguas,PR,Puerto Rico
2805,Consumer,Houston,TX,United States
2806,Consumer,Caguas,PR,Puerto Rico
2807,Consumer,Brooklyn,NY,United States
2808,Consumer,Memphis,TN,United States
2809,Home Office,Newark,DE,United States
2810,Consumer,Caguas,PR,Puerto Rico
2811,Consumer,Tinley Park,IL,United States
2812,Consumer,Raleigh,NC,United States
2813,Consumer,Caguas,PR,Puerto Rico
2814,Consumer,Chicago,IL,United States
2815,Consumer,Lakewood,NJ,United States
2816,Consumer,Caguas,PR,Puerto Rico
2817,Corporate,Harvey,IL,United States
2818,Corporate,Michigan City,IN,United States
2819,Consumer,Caguas,PR,Puerto Rico
2820,Consumer,Chicago,IL,United States
2821,Consumer,Santa Ana,CA,United States
2822,Consumer,Caguas,PR,Puerto Rico
2823,Consumer,Chicago,IL,United States
2824,Home Office,Caguas,PR,Puerto Rico
2825,Consumer,Detroit,MI,United States
2826,Home Office,San Ramon,CA,United States
2827,Corporate,Caguas,PR,Puerto Rico
2828,Corporate,Fountain Valley,CA,United States
2829,Corporate,Costa Mesa,CA,United States
2830,Corporate,Caguas,PR,Puerto Rico
2831,Corporate,Los Angeles,CA,United States
2832,Corporate,Honolulu,HI,United States
2833,Corporate,Caguas,PR,Puerto Rico
2834,Corporate,Duluth,GA,United States
2835,Corporate,Caguas,PR,Puerto Rico
2836,Corporate,Chapel Hill,NC,United States
2837,Consumer,Roswell,GA,United States
2838,Consumer,Caguas,PR,Puerto Rico
2839,Corporate,Stockbridge,GA,United States
2841,Home Office,Caguas,PR,Puerto Rico
2842,Home Office,Chino Hills,CA,United States
2843,Consumer,Sugar Land,TX,United States
2844,Corporate,Greenville,NC,United States
2845,Consumer,Aurora,CO,United States
2846,Consumer,Caguas,PR,Puerto Rico
2847,Consumer,Tonawanda,NY,United States
2848,Home Office,Caguas,PR,Puerto Rico
2849,Home Office,Houston,TX,United States
2850,Home Office,New York,NY,United States
2851,Home Office,Caguas,PR,Puerto Rico
2852,Home Office,Lenoir,NC,United States
2853,Home Office,Fullerton,CA,United States
2854,Corporate,Caguas,PR,Puerto Rico
2856,Corporate,Caguas,PR,Puerto Rico
2857,Corporate,Saint Peters,MO,United States
2858,Corporate,Caguas,PR,Puerto Rico
2859,Corporate,Carrollton,TX,United States
2860,Corporate,Caguas,PR,Puerto Rico
2861,Consumer,Honolulu,HI,United States
2862,Home Office,Caguas,PR,Puerto Rico
2863,Home Office,Crown Point,IN,United States
2864,Consumer,Caguas,PR,Puerto Rico
2865,Consumer,Wichita,KS,United States
2866,Consumer,Caguas,PR,Puerto Rico
2867,Consumer,Van Nuys,CA,United States
2868,Home Office,Atlanta,GA,United States
2869,Consumer,Caguas,PR,Puerto Rico
2870,Consumer,El Paso,TX,United States
2871,Corporate,Marietta,GA,United States
2872,Corporate,Bronx,NY,United States
2873,Consumer,Caguas,PR,Puerto Rico
2874,Consumer,Los Angeles,CA,United States
2875,Consumer,Danbury,CT,United States
2876,Home Office,Caguas,PR,Puerto Rico
2877,Home Office,Toms River,NJ,United States
2878,Home Office,Union,NJ,United States
2879,Consumer,Caguas,PR,Puerto Rico
2880,Home Office,San Antonio,TX,United States
2881,Home Office,Caguas,PR,Puerto Rico
2882,Consumer,Amarillo,TX,United States
2883,Corporate,Sheboygan,WI,United States
2884,Corporate,Caguas,PR,Puerto Rico
2885,Corporate,New York,NY,United States
2887,Consumer,Madera,CA,United States
2888,Consumer,Caguas,PR,Puerto Rico
2889,Corporate,Hialeah,FL,United States
2890,Corporate,Caguas,PR,Puerto Rico
2891,Corporate,Lake Forest,CA,United States
2892,Corporate,San Antonio,TX,United States
2893,Corporate,Los Angeles,CA,United States
2894,Corporate,Caguas,PR,Puerto Rico
2895,Consumer,Houston,TX,United States
2896,Corporate,Caguas,PR,Puerto Rico
2897,Corporate,Waukegan,IL,United States
2898,Corporate,Victorville,CA,United States
2899,Consumer,Honolulu,HI,United States
2900,Consumer,Caguas,PR,Puerto Rico
2901,Consumer,Tonawanda,NY,United States
2902,Consumer,Loveland,OH,United States
2903,Home Office,Caguas,PR,Puerto Rico
2904,Home Office,Mesa,AZ,United States
2905,Home Office,Caguas,PR,Puerto Rico
2906,Corporate,Gardena,CA,United States
2907,Consumer,Caguas,PR,Puerto Rico
2908,Consumer,Beloit,WI,United States
2909,Corporate,Caguas,PR,Puerto Rico
2910,Corporate,Mount Prospect,IL,United States
2911,Corporate,Caguas,PR,Puerto Rico
2912,Consumer,Simi Valley,CA,United States
2913,Home Office,Las Cruces,NM,United States
2914,Home Office,Caguas,PR,Puerto Rico
2915,Home Office,Mission Viejo,CA,United States
2916,Home Office,Caguas,PR,Puerto Rico
2917,Consumer,San Jose,CA,United States
2918,Consumer,Caguas,PR,Puerto Rico
2919,Corporate,Raleigh,NC,United States
2920,Corporate,Caguas,PR,Puerto Rico
2921,Consumer,Chicago,IL,United States
2922,Consumer,Caguas,PR,Puerto Rico
2923,Corporate,Mchenry,IL,United States
2924,Home Office,Caguas,PR,Puerto Rico
2925,Home Office,Houston,TX,United States
2926,Corporate,Levittown,NY,United States
2927,Home Office,Caguas,PR,Puerto Rico
2928,Home Office,Saint Paul,MN,United States
2929,Consumer,Caguas,PR,Puerto Rico
2930,Corporate,Perth Amboy,NJ,United States
2931,Consumer,New Braunfels,TX,United States
2932,Consumer,Caguas,PR,Puerto Rico
2933,Corporate,Kailua,HI,United States
2934,Corporate,Caguas,PR,Puerto Rico
2935,Consumer,Knoxville,TN,United States
2936,Corporate,Visalia,CA,United States
2937,Consumer,Caguas,PR,Puerto Rico
2938,Consumer,Antioch,CA,United States
2939,Consumer,Morrisville,PA,United States
2940,Consumer,Caguas,PR,Puerto Rico
2941,Consumer,Bronx,NY,United States
2942,Consumer,Caguas,PR,Puerto Rico
2943,Consumer,Salt Lake City,UT,United States
2944,Corporate,Salinas,CA,United States
2945,Home Office,Tucson,AZ,United States
2946,Consumer,Caguas,PR,Puerto Rico
2947,Consumer,Hayward,CA,United States
2948,Consumer,Los Angeles,CA,United States
2949,Consumer,Philadelphia,PA,United States
2950,Consumer,Caguas,PR,Puerto Rico
2951,Consumer,El Monte,CA,United States
2952,Corporate,Caguas,PR,Puerto Rico
2953,Consumer,Albany,OR,United States
2954,Home Office,Martinsburg,WV,United States
2955,Consumer,Caguas,PR,Puerto Rico
2956,Consumer,Brooklyn,NY,United States
2957,Consumer,Lynnwood,WA,United States
2958,Home Office,Caguas,PR,Puerto Rico
2959,Consumer,Chicago,IL,United States
2960,Consumer,Manchester,CT,United States
2961,Consumer,Caguas,PR,Puerto Rico
2962,Consumer,Jackson Heights,NY,United States
2963,Consumer,Los Angeles,CA,United States
2964,Consumer,Saint Paul,MN,United States
2965,Home Office,Caguas,PR,Puerto Rico
2966,Consumer,Lewisville,TX,United States
2967,Consumer,Hollywood,FL,United States
2968,Consumer,Caguas,PR,Puerto Rico
2969,Consumer,Cicero,IL,United States
2970,Consumer,Brownsville,TX,United States
2971,Consumer,Caguas,PR,Puerto Rico
2972,Consumer,Memphis,TN,United States
2974,Corporate,Chicago,IL,United States
2975,Consumer,Tempe,AZ,United States
2976,Consumer,Caguas,PR,Puerto Rico
2977,Consumer,Baltimore,MD,United States
2978,Corporate,Bakersfield,CA,United States
2979,Consumer,Caguas,PR,Puerto Rico
2980,Home Office,Marietta,GA,United States
2981,Home Office,Moreno Valley,CA,United States
2982,Home Office,Caguas,PR,Puerto Rico
2983,Home Office,Chillicothe,OH,United States
2984,Corporate,Caguas,PR,Puerto Rico
2985,Corporate,Hampton,VA,United States
2987,Corporate,Caguas,PR,Puerto Rico
2988,Corporate,Folsom,CA,United States
2989,Corporate,Caguas,PR,Puerto Rico
2990,Corporate,Los Angeles,CA,United States
2991,Consumer,Caguas,PR,Puerto Rico
2992,Corporate,Newark,OH,United States
2993,Consumer,Atlanta,GA,United States
2994,Corporate,Caguas,PR,Puerto Rico
2995,Corporate,Saint Paul,MN,United States
2996,Consumer,Caguas,PR,Puerto Rico
2997,Consumer,West New York,NJ,United States
2998,Consumer,Caguas,PR,Puerto Rico
2999,Consumer,Glendale,AZ,United States
3000,Corporate,Caguas,PR,Puerto Rico
3001,Corporate,Compton,CA,United States
3002,Consumer,Rego Park,NY,United States
3003,Consumer,Sheboygan,WI,United States
3004,Corporate,Caguas,PR,Puerto Rico
3005,Corporate,San Diego,CA,United States
3006,Corporate,Caguas,PR,Puerto Rico
3007,Corporate,Chicago,IL,United States
3008,Corporate,Salina,KS,United States
3009,Corporate,North Tonawanda,NY,United States
3010,Consumer,Caguas,PR,Puerto Rico
3011,Consumer,Wichita,KS,United States
3012,Consumer,Caguas,PR,Puerto Rico
3013,Consumer,Canton,MI,United States
3014,Consumer,Caguas,PR,Puerto Rico
3015,Consumer,Rio Grande,PR,Puerto Rico
3016,Consumer,Denver,CO,United States
3017,Corporate,Edison,NJ,United States
3018,Corporate,Caguas,PR,Puerto Rico
3019,Consumer,Morristown,NJ,United States
3020,Corporate,Caguas,PR,Puerto Rico
3021,Corporate,Flushing,NY,United States
3022,Corporate,Dallas,TX,United States
3023,Corporate,Long Beach,CA,United States
3024,Corporate,Caguas,PR,Puerto Rico
3025,Corporate,Mission,TX,United States
3026,Consumer,Augusta,GA,United States
3027,Corporate,Caguas,PR,Puerto Rico
3028,Corporate,North Las Vegas,NV,United States
3029,Corporate,Winnetka,CA,United States
3030,Consumer,Caguas,PR,Puerto Rico
3031,Consumer,Brooklyn,NY,United States
3032,Consumer,Jacksonville,NC,United States
3033,Consumer,Caguas,PR,Puerto Rico
3034,Consumer,Peoria,AZ,United States
3035,Consumer,Glenview,IL,United States
3036,Consumer,Caguas,PR,Puerto Rico
3037,Home Office,Houston,TX,United States
3038,Consumer,Caguas,PR,Puerto Rico
3039,Consumer,Sunnyvale,CA,United States
3040,Corporate,Caguas,PR,Puerto Rico
3041,Consumer,Chicago,IL,United States
3042,Consumer,Orange Park,FL,United States
3043,Consumer,Caguas,PR,Puerto Rico
3044,Consumer,Colorado Springs,CO,United States
3045,Consumer,Caguas,PR,Puerto Rico
3046,Consumer,Hyattsville,MD,United States
3047,Consumer,Caguas,PR,Puerto Rico
3048,Consumer,Chula Vista,CA,United States
3049,Consumer,Bakersfield,CA,United States
3050,Consumer,Caguas,PR,Puerto Rico
3051,Home Office,Sugar Land,TX,United States
3052,Home Office,Caguas,PR,Puerto Rico
3053,Home Office,Kent,WA,United States
3054,Consumer,Compton,CA,United States
3055,Consumer,Caguas,PR,Puerto Rico
3056,Consumer,Philadelphia,PA,United States
3057,Consumer,Chicago,IL,United States
3058,Corporate,El Centro,CA,United States
3059,Corporate,Caguas,PR,Puerto Rico
3060,Consumer,Oxnard,CA,United States
3061,Home Office,Los Angeles,CA,United States
3062,Consumer,Columbus,OH,United States
3063,Consumer,Caguas,PR,Puerto Rico
3064,Consumer,Hacienda Heights,CA,United States
3065,Consumer,Caguas,PR,Puerto Rico
3066,Consumer,Baltimore,MD,United States
3067,Consumer,Caguas,PR,Puerto Rico
3068,Consumer,Lansdale,PA,United States
3069,Corporate,Elk Grove,CA,United States
3070,Corporate,Caguas,PR,Puerto Rico
3071,Consumer,San Jose,CA,United States
3072,Consumer,Hampton,VA,United States
3073,Corporate,Caguas,PR,Puerto Rico
3074,Home Office,Montebello,CA,United States
3075,Corporate,Algonquin,IL,United States
3076,Consumer,Caguas,PR,Puerto Rico
3077,Consumer,Santa Ana,CA,United States
3078,Consumer,Las Vegas,NV,United States
3079,Consumer,Caguas,PR,Puerto Rico
3080,Home Office,Lancaster,OH,United States
3081,Home Office,Columbus,OH,United States
3082,Home Office,Saint Charles,MO,United States
3083,Corporate,Caguas,PR,Puerto Rico
3084,Corporate,Chicago,IL,United States
3085,Corporate,Cleveland,OH,United States
3086,Corporate,Tampa,FL,United States
3087,Consumer,Caguas,PR,Puerto Rico
3088,Consumer,Milwaukee,WI,United States
3089,Consumer,Caguas,PR,Puerto Rico
3090,Consumer,Middletown,CT,United States
3091,Home Office,Caguas,PR,Puerto Rico
3092,Home Office,Albuquerque,NM,United States
3093,Home Office,Caguas,PR,Puerto Rico
3094,Home Office,San Jose,CA,United States
3095,Consumer,Caguas,PR,Puerto Rico
3096,Consumer,Lynn,MA,United States
3097,Consumer,Caguas,PR,Puerto Rico
3098,Consumer,Newburgh,NY,United States
3099,Consumer,Caguas,PR,Puerto Rico
3100,Consumer,Huntington Park,CA,United States
3101,Consumer,Mission Viejo,CA,United States
3102,Consumer,Caguas,PR,Puerto Rico
3103,Consumer,Spring Valley,NY,United States
3104,Home Office,Caguas,PR,Puerto Rico
3105,Corporate,Toa Baja,PR,Puerto Rico
3106,Corporate,Las Cruces,NM,United States
3107,Corporate,Caguas,PR,Puerto Rico
3108,Home Office,Houston,TX,United States
3109,Consumer,Fort Worth,TX,United States
3110,Consumer,Irwin,PA,United States
3111,Consumer,Caguas,PR,Puerto Rico
3112,Consumer,Milwaukee,WI,United States
3113,Consumer,Caguas,PR,Puerto Rico
3114,Consumer,Billings,MT,United States
3115,Consumer,Caguas,PR,Puerto Rico
3116,Home Office,Dayton,OH,United States
3117,Consumer,Rowland Heights,CA,United States
3118,Corporate,Jacksonville,NC,United States
3119,Corporate,Caguas,PR,Puerto Rico
3120,Corporate,Denver,CO,United States
3121,Corporate,Los Angeles,CA,United States
3122,Corporate,Augusta,GA,United States
3123,Corporate,Caguas,PR,Puerto Rico
3124,Home Office,Freeport,NY,United States
3125,Consumer,Caguas,PR,Puerto Rico
3126,Consumer,Fountain Valley,CA,United States
3127,Consumer,Caguas,PR,Puerto Rico
3128,Consumer,Edison,NJ,United States
3129,Corporate,Caguas,PR,Puerto Rico
3130,Corporate,New Orleans,LA,United States
3131,Corporate,Carlsbad,CA,United States
3132,Corporate,Caguas,PR,Puerto Rico
3133,Home Office,Freeport,NY,United States
3134,Consumer,Caguas,PR,Puerto Rico
3135,Consumer,Houston,TX,United States
3136,Corporate,Caguas,PR,Puerto Rico
3137,Corporate,Oxnard,CA,United States
3138,Consumer,Houston,TX,United States
3139,Consumer,New York,NY,United States
3140,Home Office,Caguas,PR,Puerto Rico
3141,Consumer,Massapequa,NY,United States
3142,Consumer,Caguas,PR,Puerto Rico
3143,Home Office,Stamford,CT,United States
3144,Home Office,Hialeah,FL,United States
3145,Consumer,Caguas,PR,Puerto Rico
3146,Consumer,Opa Locka,FL,United States
3147,Corporate,Caguas,PR,Puerto Rico
3148,Corporate,Lynwood,CA,United States
3149,Corporate,Dallas,TX,United States
3150,Home Office,Caguas,PR,Puerto Rico
3151,Home Office,Aurora,IL,United States
3152,Home Office,Caguas,PR,Puerto Rico
3153,Corporate,Grand Prairie,TX,United States
3154,Consumer,Chicago,IL,United States
3155,Corporate,Caguas,PR,Puerto Rico
3156,Corporate,Virginia Beach,VA,United States
3157,Corporate,West Jordan,UT,United States
3158,Corporate,Caguas,PR,Puerto Rico
3159,Corporate,Cleveland,OH,United States
3160,Corporate,Caguas,PR,Puerto Rico
3161,Consumer,Phoenix,AZ,United States
3162,Consumer,Caguas,PR,Puerto Rico
3163,Consumer,Saint Louis,MO,United States
3164,Consumer,Woonsocket,RI,United States
3165,Home Office,Caguas,PR,Puerto Rico
3166,Consumer,Fort Lauderdale,FL,United States
3167,Consumer,Caguas,PR,Puerto Rico
3168,Consumer,Chicago,IL,United States
3169,Corporate,Caguas,PR,Puerto Rico
3170,Corporate,Woodbridge,VA,United States
3171,Corporate,Caguas,PR,Puerto Rico
3172,Corporate,Colorado Springs,CO,United States
3173,Corporate,Daly City,CA,United States
3174,Corporate,Caguas,PR,Puerto Rico
3175,Corporate,Tucson,AZ,United States
3176,Corporate,Caguas,PR,Puerto Rico
3177,Consumer,Irvington,NJ,United States
3178,Consumer,Middletown,OH,United States
3179,Consumer,Caguas,PR,Puerto Rico
3180,Consumer,Riverside,CA,United States
3181,Consumer,Del Rio,TX,United States
3182,Home Office,Caguas,PR,Puerto Rico
3183,Consumer,Buffalo,NY,United States
3184,Consumer,Broken Arrow,OK,United States
3185,Consumer,Birmingham,AL,United States
3186,Consumer,Caguas,PR,Puerto Rico
3187,Consumer,Jersey City,NJ,United States
3188,Home Office,Caguas,PR,Puerto Rico
3189,Corporate,Atlanta,GA,United States
3190,Corporate,Sandusky,OH,United States
3191,Corporate,Caguas,PR,Puerto Rico
3192,Corporate,Panorama City,CA,United States
3193,Home Office,Westland,MI,United States
3194,Home Office,Caguas,PR,Puerto Rico
3195,Corporate,Gilroy,CA,United States
3196,Home Office,Caguas,PR,Puerto Rico
3197,Home Office,Los Angeles,CA,United States
3198,Consumer,Caguas,PR,Puerto Rico
3199,Corporate,New York,NY,United States
3200,Consumer,Caguas,PR,Puerto Rico
3201,Consumer,Forest Hills,NY,United States
3202,Consumer,Caguas,PR,Puerto Rico
3203,Consumer,Rego Park,NY,United States
3204,Consumer,Caguas,PR,Puerto Rico
3205,Consumer,Fort Worth,TX,United States
3206,Consumer,North Tonawanda,NY,United States
3207,Consumer,Caguas,PR,Puerto Rico
3208,Consumer,Hollywood,FL,United States
3209,Consumer,Caguas,PR,Puerto Rico
3210,Corporate,Escondido,CA,United States
3211,Corporate,Caguas,PR,Puerto Rico
3212,Corporate,Washington,DC,United States
3213,Consumer,Pekin,IL,United States
3214,Corporate,Caguas,PR,Puerto Rico
3215,Home Office,El Paso,TX,United States
3216,Home Office,Newark,NJ,United States
3217,Home Office,Caguas,PR,Puerto Rico
3218,Home Office,Staten Island,NY,United States
3219,Consumer,Caguas,PR,Puerto Rico
3220,Consumer,Sacramento,CA,United States
3221,Consumer,Caguas,PR,Puerto Rico
3222,Consumer,Lakewood,NJ,United States
3223,Consumer,Caguas,PR,Puerto Rico
3224,Home Office,Las Vegas,NV,United States
3225,Consumer,Ann Arbor,MI,United States
3226,Consumer,Memphis,TN,United States
3227,Consumer,Caguas,PR,Puerto Rico
3228,Home Office,Corona,NY,United States
3229,Home Office,Van Nuys,CA,United States
3230,Consumer,Caguas,PR,Puerto Rico
3231,Home Office,Mechanicsburg,PA,United States
3232,Corporate,Rancho Cucamonga,CA,United States
3233,Corporate,Caguas,PR,Puerto Rico
3234,Consumer,El Paso,TX,United States
3235,Home Office,Caguas,PR,Puerto Rico
3236,Consumer,Hollister,CA,United States
3237,Consumer,Caguas,PR,Puerto Rico
3238,Consumer,Brooklyn,NY,United States
3239,Consumer,Olathe,KS,United States
3240,Consumer,West Jordan,UT,United States
3241,Consumer,Caguas,PR,Puerto Rico
3242,Corporate,El Cajon,CA,United States
3243,Corporate,Hamilton,OH,United States
3244,Corporate,Caguas,PR,Puerto Rico
3245,Consumer,Hayward,CA,United States
3246,Consumer,San Jose,CA,United States
3247,Consumer,Caguas,PR,Puerto Rico
3248,Consumer,Edison,NJ,United States
3249,Consumer,Caguas,PR,Puerto Rico
3250,Consumer,Bell Gardens,CA,United States
3251,Consumer,Los Angeles,CA,United States
3252,Consumer,Caguas,PR,Puerto Rico
3253,Home Office,Laguna Niguel,CA,United States
3254,Home Office,Stockton,CA,United States
3255,Corporate,Caguas,PR,Puerto Rico
3256,Consumer,Newark,DE,United States
3257,Consumer,Columbia,SC,United States
3258,Consumer,Caguas,PR,Puerto Rico
3259,Consumer,New York,NY,United States
3260,Home Office,Caguas,PR,Puerto Rico
3261,Consumer,Vacaville,CA,United States
3262,Corporate,Aurora,IL,United States
3263,Corporate,Caguas,PR,Puerto Rico
3264,Home Office,New York,NY,United States
3265,Home Office,Caguas,PR,Puerto Rico
3266,Corporate,Chicago,IL,United States
3267,Corporate,Henrico,VA,United States
3268,Consumer,Baltimore,MD,United States
3269,Home Office,Caguas,PR,Puerto Rico
3270,Consumer,National City,CA,United States
3271,Consumer,Los Angeles,CA,United States
3272,Consumer,Caguas,PR,Puerto Rico
3273,Home Office,Sunnyvale,CA,United States
3274,Corporate,Des Plaines,IL,United States
3275,Corporate,Fremont,CA,United States
3276,Corporate,Lancaster,PA,United States
3277,Corporate,Caguas,PR,Puerto Rico
3278,Consumer,Brooklyn,NY,United States
3279,Consumer,Bronx,NY,United States
3280,Consumer,Pawtucket,RI,United States
3281,Consumer,Caguas,PR,Puerto Rico
3282,Consumer,Dallas,TX,United States
3283,Consumer,Martinsburg,WV,United States
3284,Consumer,Caguas,PR,Puerto Rico
3285,Corporate,Bronx,NY,United States
3286,Corporate,Caguas,PR,Puerto Rico
3287,Corporate,Kailua,HI,United States
3288,Consumer,Caguas,PR,Puerto Rico
3289,Consumer,Rialto,CA,United States
3290,Home Office,San Jose,CA,United States
3291,Home Office,Caguas,PR,Puerto Rico
3293,Corporate,San Jose,CA,United States
3294,Consumer,Caguas,PR,Puerto Rico
3295,Corporate,Los Angeles,CA,United States
3296,Home Office,Caguas,PR,Puerto Rico
3297,Consumer,Moreno Valley,CA,United States
3298,Corporate,Caguas,PR,Puerto Rico
3299,Corporate,Bronx,NY,United States
3300,Corporate,Hendersonville,TN,United States
3301,Corporate,Caguas,PR,Puerto Rico
3302,Corporate,Salem,OR,United States
3303,Corporate,Caguas,PR,Puerto Rico
3304,Consumer,Chicago,IL,United States
3305,Home Office,Caguas,PR,Puerto Rico
3306,Corporate,New York,NY,United States
3307,Consumer,Caguas,PR,Puerto Rico
3308,Corporate,Annandale,VA,United States
3309,Corporate,Caguas,PR,Puerto Rico
3310,Corporate,Glenview,IL,United States
3311,Consumer,Caguas,PR,Puerto Rico
3312,Consumer,Forest Hills,NY,United States
3313,Consumer,Ballwin,MO,United States
3314,Consumer,Caguas,PR,Puerto Rico
3315,Consumer,Woodbridge,VA,United States
3316,Consumer,Caguas,PR,Puerto Rico
3317,Consumer,Los Angeles,CA,United States
3318,Consumer,Caguas,PR,Puerto Rico
3319,Consumer,New York,NY,United States
3320,Consumer,Pompano Beach,FL,United States
3321,Consumer,Caguas,PR,Puerto Rico
3322,Consumer,Del Rio,TX,United States
3323,Consumer,Caguas,PR,Puerto Rico
3324,Corporate,Aurora,CO,United States
3325,Corporate,Caguas,PR,Puerto Rico
3326,Corporate,Elmhurst,IL,United States
3327,Consumer,Caguas,PR,Puerto Rico
3328,Consumer,Chicago,IL,United States
3329,Consumer,Caguas,PR,Puerto Rico
3330,Consumer,Hagerstown,MD,United States
3331,Consumer,Fountain Valley,CA,United States
3332,Consumer,Stockton,CA,United States
3333,Consumer,East Lansing,MI,United States
3334,Consumer,Mount Pleasant,MI,United States
3335,Consumer,Caguas,PR,Puerto Rico
3336,Consumer,Brooklyn,NY,United States
3337,Consumer,Baltimore,MD,United States
3338,Consumer,Taunton,MA,United States
3339,Consumer,Caguas,PR,Puerto Rico
3340,Consumer,Chapel Hill,NC,United States
3341,Consumer,Caguas,PR,Puerto Rico
3342,Consumer,Rio Grande,PR,Puerto Rico
3343,Consumer,Caguas,PR,Puerto Rico
3344,Consumer,Virginia Beach,VA,United States
3345,Consumer,Caguas,PR,Puerto Rico
3346,Corporate,Arecibo,PR,Puerto Rico
3347,Home Office,El Paso,TX,United States
3348,Consumer,Caguas,PR,Puerto Rico
3349,Consumer,San Diego,CA,United States
3350,Consumer,Loveland,OH,United States
3351,Consumer,Caguas,PR,Puerto Rico
3352,Corporate,Chicago,IL,United States
3353,Corporate,Lynn,MA,United States
3354,Corporate,Caguas,PR,Puerto Rico
3355,Corporate,New Orleans,LA,United States
3356,Home Office,Caguas,PR,Puerto Rico
3357,Home Office,Lutz,FL,United States
3358,Home Office,Caguas,PR,Puerto Rico
3359,Consumer,Los Angeles,CA,United States
3360,Corporate,Caguas,PR,Puerto Rico
3361,Corporate,San Diego,CA,United States
3362,Corporate,Denver,CO,United States
3363,Consumer,Caguas,PR,Puerto Rico
3364,Consumer,Martinez,CA,United States
3365,Consumer,Rock Hill,SC,United States
3366,Corporate,Caguas,PR,Puerto Rico
3367,Consumer,San Juan,PR,Puerto Rico
3368,Consumer,Las Vegas,NV,United States
3369,Consumer,Rome,NY,United States
3370,Consumer,Hialeah,FL,United States
3371,Consumer,Caguas,PR,Puerto Rico
3372,Consumer,Princeton,NJ,United States
3373,Consumer,Caguas,PR,Puerto Rico
3374,Consumer,Chicago,IL,United States
3375,Consumer,Caguas,PR,Puerto Rico
3376,Consumer,Tonawanda,NY,United States
3377,Consumer,Columbia,SC,United States
3378,Consumer,Caguas,PR,Puerto Rico
3379,Consumer,Union City,NJ,United States
3380,Home Office,Detroit,MI,United States
3381,Home Office,Portland,OR,United States
3382,Home Office,Caguas,PR,Puerto Rico
3383,Home Office,Brooklyn,NY,United States
3384,Home Office,Pasadena,MD,United States
3385,Home Office,Placentia,CA,United States
3386,Consumer,Laredo,TX,United States
3387,Consumer,Caguas,PR,Puerto Rico
3388,Consumer,Augusta,GA,United States
3389,Consumer,Pittsfield,MA,United States
3390,Corporate,Caguas,PR,Puerto Rico
3391,Corporate,Carson,CA,United States
3392,Home Office,Los Angeles,CA,United States
3393,Consumer,Caguas,PR,Puerto Rico
3394,Consumer,Chicago,IL,United States
3395,Consumer,Caguas,PR,Puerto Rico
3396,Corporate,San Bernardino,CA,United States
3397,Corporate,Caguas,PR,Puerto Rico
3398,Corporate,Plano,TX,United States
3399,Corporate,Caguas,PR,Puerto Rico
3400,Consumer,Moreno Valley,CA,United States
3401,Consumer,Caguas,PR,Puerto Rico
3402,Consumer,Moreno Valley,CA,United States
3403,Consumer,Philadelphia,PA,United States
3404,Consumer,College Station,TX,United States
3405,Home Office,Caguas,PR,Puerto Rico
3406,Corporate,El Paso,TX,United States
3407,Consumer,Clovis,CA,United States
3408,Consumer,Caguas,PR,Puerto Rico
3409,Consumer,Philadelphia,PA,United States
3410,Corporate,Caguas,PR,Puerto Rico
3411,Corporate,Salina,KS,United States
3412,Home Office,Caguas,PR,Puerto Rico
3413,Home Office,Madera,CA,United States
3414,Home Office,Caguas,PR,Puerto Rico
3415,Home Office,Daly City,CA,United States
3416,Home Office,Houston,TX,United States
3417,Home Office,Chicago,IL,United States
3418,Consumer,Caguas,PR,Puerto Rico
3419,Consumer,Flushing,NY,United States
3420,Consumer,Catonsville,MD,United States
3421,Corporate,Caguas,PR,Puerto Rico
3422,Corporate,Atlanta,GA,United States
3423,Corporate,Caguas,PR,Puerto Rico
3424,Corporate,Clementon,NJ,United States
3425,Corporate,Caguas,PR,Puerto Rico
3426,Corporate,Fort Lauderdale,FL,United States
3427,Corporate,Caguas,PR,Puerto Rico
3428,Corporate,Chicago,IL,United States
3429,Corporate,Caguas,PR,Puerto Rico
3430,Consumer,Houston,TX,United States
3431,Consumer,Caguas,PR,Puerto Rico
3432,Corporate,Rego Park,NY,United States
3433,Corporate,Caguas,PR,Puerto Rico
3434,Corporate,Greensboro,NC,United States
3435,Corporate,Caguas,PR,Puerto Rico
3436,Consumer,Palatine,IL,United States
3437,Home Office,Caguas,PR,Puerto Rico
3438,Consumer,Mililani,HI,United States
3439,Consumer,Caguas,PR,Puerto Rico
3440,Consumer,Salinas,CA,United States
3441,Consumer,Lockport,NY,United States
3442,Consumer,Caguas,PR,Puerto Rico
3443,Consumer,West Lafayette,IN,United States
3444,Consumer,Los Angeles,CA,United States
3445,Consumer,Caguas,PR,Puerto Rico
3446,Consumer,Corona,CA,United States
3447,Consumer,Caguas,PR,Puerto Rico
3448,Consumer,Chicago,IL,United States
3449,Consumer,Cupertino,CA,United States
3450,Consumer,Diamond Bar,CA,United States
3451,Consumer,Caguas,PR,Puerto Rico
3452,Consumer,Hialeah,FL,United States
3453,Consumer,Caguas,PR,Puerto Rico
3454,Consumer,Brooklyn,NY,United States
3455,Home Office,Tucson,AZ,United States
3456,Corporate,Caguas,PR,Puerto Rico
3457,Corporate,Pomona,CA,United States
3458,Corporate,Caguas,PR,Puerto Rico
3459,Corporate,Chicago,IL,United States
3460,Corporate,Caguas,PR,Puerto Rico
3461,Corporate,Miami,FL,United States
3462,Consumer,Caguas,PR,Puerto Rico
3463,Consumer,Greensboro,NC,United States
3464,Home Office,Caguas,PR,Puerto Rico
3465,Home Office,Santa Clara,CA,United States
3466,Home Office,Caguas,PR,Puerto Rico
3467,Consumer,Pacoima,CA,United States
3468,Consumer,San Francisco,CA,United States
3469,Home Office,Waipahu,HI,United States
3470,Home Office,Algonquin,IL,United States
3471,Consumer,New Bedford,MA,United States
3472,Consumer,Caguas,PR,Puerto Rico
3473,Corporate,Hialeah,FL,United States
3474,Consumer,Caguas,PR,Puerto Rico
3475,Consumer,Augusta,GA,United States
3476,Consumer,Caguas,PR,Puerto Rico
3477,Corporate,Wheeling,WV,United States
3478,Consumer,Caguas,PR,Puerto Rico
3479,Consumer,Brooklyn,NY,United States
3480,Corporate,Caguas,PR,Puerto Rico
3481,Consumer,Wyoming,MI,United States
3482,Corporate,Richmond,VA,United States
3483,Consumer,Caguas,PR,Puerto Rico
3484,Corporate,Bay Shore,NY,United States
3485,Corporate,San Bernardino,CA,United States
3486,Corporate,Caguas,PR,Puerto Rico
3487,Corporate,Findlay,OH,United States
3488,Corporate,Caguas,PR,Puerto Rico
3489,Corporate,Austin,TX,United States
3490,Consumer,Caguas,PR,Puerto Rico
3491,Consumer,San Diego,CA,United States
3492,Consumer,Campbell,CA,United States
3493,Consumer,Caguas,PR,Puerto Rico
3494,Corporate,Montebello,CA,United States
3495,Consumer,Winter Park,FL,United States
3496,Consumer,Caguas,PR,Puerto Rico
3497,Consumer,New York,NY,United States
3498,Consumer,Caguas,PR,Puerto Rico
3499,Home Office,Toa Baja,PR,Puerto Rico
3500,Home Office,Escondido,CA,United States
3501,Home Office,Caguas,PR,Puerto Rico
3502,Home Office,Antioch,CA,United States
3503,Corporate,Philadelphia,PA,United States
3504,Corporate,Caguas,PR,Puerto Rico
3505,Corporate,Chicago,IL,United States
3506,Home Office,Phoenix,AZ,United States
3507,Home Office,Caguas,PR,Puerto Rico
3508,Home Office,Escondido,CA,United States
3509,Home Office,Caguas,PR,Puerto Rico
3510,Home Office,San Jose,CA,United States
3511,Corporate,Caguas,PR,Puerto Rico
3512,Corporate,Clovis,CA,United States
3513,Corporate,Caguas,PR,Puerto Rico
3514,Corporate,Danbury,CT,United States
3515,Corporate,Fort Lauderdale,FL,United States
3516,Home Office,Caguas,PR,Puerto Rico
3517,Consumer,Piscataway,NJ,United States
3518,Consumer,Clovis,CA,United States
3519,Consumer,San Antonio,TX,United States
3520,Consumer,Caguas,PR,Puerto Rico
3521,Consumer,Troy,NY,United States
3522,Consumer,Caguas,PR,Puerto Rico
3523,Consumer,Fort Lauderdale,FL,United States
3524,Consumer,Lawrenceville,GA,United States
3525,Consumer,Cleveland,OH,United States
3526,Consumer,Caguas,PR,Puerto Rico
3527,Consumer,Hesperia,CA,United States
3528,Consumer,Los Angeles,CA,United States
3529,Consumer,Endicott,NY,United States
3530,Consumer,Caguas,PR,Puerto Rico
3531,Consumer,Aurora,CO,United States
3532,Consumer,Caguas,PR,Puerto Rico
3533,Consumer,Lindenhurst,NY,United States
3534,Corporate,Caguas,PR,Puerto Rico
3535,Consumer,Encinitas,CA,United States
3536,Consumer,Caguas,PR,Puerto Rico
3537,Consumer,La Mesa,CA,United States
3538,Consumer,Caguas,PR,Puerto Rico
3539,Consumer,Washington,DC,United States
3540,Consumer,Caguas,PR,Puerto Rico
3541,Corporate,Atlanta,GA,United States
3542,Consumer,Caguas,PR,Puerto Rico
3543,Consumer,Reseda,CA,United States
3544,Consumer,Bismarck,ND,United States
3545,Home Office,Rochester,NY,United States
3546,Home Office,Caguas,PR,Puerto Rico
3547,Consumer,South San Francisco,CA,United States
3548,Home Office,San Diego,CA,United States
3549,Consumer,Caguas,PR,Puerto Rico
3550,Consumer,Philadelphia,PA,United States
3551,Consumer,Caguas,PR,Puerto Rico
3552,Corporate,La Mesa,CA,United States
3553,Corporate,Caguas,PR,Puerto Rico
3554,Corporate,Los Angeles,CA,United States
3555,Corporate,Brooklyn,NY,United States
3556,Consumer,Caguas,PR,Puerto Rico
3557,Consumer,Las Vegas,NV,United States
3558,Consumer,Caguas,PR,Puerto Rico
3559,Consumer,North Las Vegas,NV,United States
3560,Consumer,Sandusky,OH,United States
3561,Consumer,Caguas,PR,Puerto Rico
3562,Home Office,Annandale,VA,United States
3563,Home Office,Caguas,PR,Puerto Rico
3564,Corporate,North Las Vegas,NV,United States
3565,Corporate,Caguas,PR,Puerto Rico
3566,Corporate,Chicago,IL,United States
3567,Corporate,Honolulu,HI,United States
3568,Home Office,Caguas,PR,Puerto Rico
3569,Consumer,West Jordan,UT,United States
3570,Home Office,Caguas,PR,Puerto Rico
3571,Consumer,Harlingen,TX,United States
3572,Consumer,La Crosse,WI,United States
3573,Consumer,Caguas,PR,Puerto Rico
3574,Home Office,Salt Lake City,UT,United States
3575,Home Office,Fort Lauderdale,FL,United States
3576,Home Office,Caguas,PR,Puerto Rico
3577,Home Office,Chicago,IL,United States
3578,Corporate,Fort Lauderdale,FL,United States
3579,Corporate,Caguas,PR,Puerto Rico
3580,Consumer,Palatine,IL,United States
3581,Consumer,Caguas,PR,Puerto Rico
3582,Consumer,New York,NY,United States
3583,Consumer,Goleta,CA,United States
3584,Corporate,Caguas,PR,Puerto Rico
3585,Home Office,Chicago,IL,United States
3586,Corporate,Jersey City,NJ,United States
3587,Corporate,Caguas,PR,Puerto Rico
3588,Home Office,La Mesa,CA,United States
3589,Corporate,Caguas,PR,Puerto Rico
3590,Corporate,Colorado Springs,CO,United States
3591,Corporate,Caguas,PR,Puerto Rico
3592,Corporate,Richmond,KY,United States
3593,Consumer,Caguas,PR,Puerto Rico
3594,Consumer,Pomona,CA,United States
3595,Consumer,Catonsville,MD,United States
3596,Corporate,Caguas,PR,Puerto Rico
3597,Consumer,Miami,FL,United States
3598,Corporate,Tucson,AZ,United States
3599,Consumer,Caguas,PR,Puerto Rico
3600,Consumer,Moreno Valley,CA,United States
3601,Consumer,Caguas,PR,Puerto Rico
3602,Corporate,Stamford,CT,United States
3603,Corporate,Longmont,CO,United States
3604,Home Office,Fullerton,CA,United States
3605,Home Office,Caguas,PR,Puerto Rico
3606,Home Office,New York,NY,United States
3607,Home Office,Caguas,PR,Puerto Rico
3608,Home Office,Brooklyn,NY,United States
3609,Corporate,Hollywood,FL,United States
3610,Consumer,Stafford,VA,United States
3611,Corporate,Caguas,PR,Puerto Rico
3612,Home Office,Aurora,CO,United States
3613,Corporate,Brooklyn,NY,United States
3614,Corporate,Caguas,PR,Puerto Rico
3615,Home Office,New York,NY,United States
3616,Corporate,Chicago,IL,United States
3617,Home Office,Jackson,MI,United States
3618,Consumer,Caguas,PR,Puerto Rico
3619,Consumer,West Haven,CT,United States
3620,Corporate,Aurora,CO,United States
3621,Consumer,Caguas,PR,Puerto Rico
3622,Home Office,Brooklyn,NY,United States
3623,Corporate,Bayonne,NJ,United States
3624,Consumer,Lutz,FL,United States
3625,Corporate,Caguas,PR,Puerto Rico
3626,Corporate,Oceanside,CA,United States
3627,Corporate,Caguas,PR,Puerto Rico
3628,Corporate,Elgin,IL,United States
3629,Corporate,North Tonawanda,NY,United States
3630,Corporate,Caguas,PR,Puerto Rico
3631,Corporate,Laredo,TX,United States
3632,Consumer,Caguas,PR,Puerto Rico
3633,Consumer,El Paso,TX,United States
3634,Corporate,Caguas,PR,Puerto Rico
3635,Consumer,San Jose,CA,United States
3636,Corporate,Caguas,PR,Puerto Rico
3637,Corporate,Bronx,NY,United States
3638,Consumer,Caguas,PR,Puerto Rico
3639,Corporate,Tempe,AZ,United States
3640,Corporate,Caguas,PR,Puerto Rico
3641,Consumer,Miami,FL,United States
3642,Corporate,Caguas,PR,Puerto Rico
3643,Consumer,Los Angeles,CA,United States
3644,Corporate,Caguas,PR,Puerto Rico
3645,Corporate,Watsonville,CA,United States
3646,Consumer,New York,NY,United States
3647,Consumer,Cumberland,MD,United States
3648,Corporate,Caguas,PR,Puerto Rico
3649,Corporate,Union City,CA,United States
3650,Corporate,Pompano Beach,FL,United States
3651,Corporate,San Antonio,TX,United States
3652,Home Office,Caguas,PR,Puerto Rico
3653,Home Office,Princeton,NJ,United States
3654,Home Office,Caguas,PR,Puerto Rico
3655,Home Office,Mount Prospect,IL,United States
3656,Home Office,Philadelphia,PA,United States
3657,Consumer,Caguas,PR,Puerto Rico
3658,Consumer,Huntington Beach,CA,United States
3659,Consumer,Philadelphia,PA,United States
3660,Consumer,Del Rio,TX,United States
3661,Consumer,Caguas,PR,Puerto Rico
3662,Consumer,Troy,NY,United States
3663,Consumer,Caguas,PR,Puerto Rico
3664,Consumer,Virginia Beach,VA,United States
3665,Consumer,Caguas,PR,Puerto Rico
3666,Corporate,Princeton,NJ,United States
3667,Corporate,Caguas,PR,Puerto Rico
3668,Corporate,Salem,OR,United States
3669,Corporate,San Bernardino,CA,United States
3670,Corporate,Caguas,PR,Puerto Rico
3671,Corporate,Mentor,OH,United States
3672,Consumer,Caguas,PR,Puerto Rico
3673,Consumer,Bell Gardens,CA,United States
3674,Consumer,El Cajon,CA,United States
3675,Consumer,Caguas,PR,Puerto Rico
3676,Consumer,Fargo,ND,United States
3677,Consumer,Caguas,PR,Puerto Rico
3678,Consumer,Brooklyn,NY,United States
3679,Consumer,New York,NY,United States
3680,Consumer,Aurora,IL,United States
3681,Corporate,Caguas,PR,Puerto Rico
3682,Consumer,Philadelphia,PA,United States
3683,Consumer,Caguas,PR,Puerto Rico
3684,Home Office,Dallas,TX,United States
3685,Consumer,Apex,NC,United States
3686,Consumer,Caguas,PR,Puerto Rico
3687,Corporate,Philadelphia,PA,United States
3688,Corporate,Caguas,PR,Puerto Rico
3689,Corporate,San Juan,PR,Puerto Rico
3690,Corporate,Virginia Beach,VA,United States
3691,Consumer,Caguas,PR,Puerto Rico
3692,Consumer,Los Angeles,CA,United States
3693,Consumer,Compton,CA,United States
3694,Consumer,Dearborn,MI,United States
3695,Corporate,Portland,OR,United States
3696,Corporate,Caguas,PR,Puerto Rico
3697,Corporate,Ypsilanti,MI,United States
3698,Consumer,Caguas,PR,Puerto Rico
3699,Corporate,La Habra,CA,United States
3700,Corporate,Las Vegas,NV,United States
3701,Consumer,Hollywood,FL,United States
3702,Home Office,Caguas,PR,Puerto Rico
3703,Corporate,Baldwin Park,CA,United States
3704,Consumer,Chandler,AZ,United States
3705,Consumer,Caguas,PR,Puerto Rico
3706,Corporate,Columbus,OH,United States
3707,Home Office,Caguas,PR,Puerto Rico
3708,Consumer,Westerville,OH,United States
3709,Consumer,Caguas,PR,Puerto Rico
3710,Consumer,Springfield,MO,United States
3711,Consumer,Fort Worth,TX,United States
3712,Consumer,Caguas,PR,Puerto Rico
3713,Corporate,Chicago,IL,United States
3714,Consumer,Los Angeles,CA,United States
3715,Consumer,Caguas,PR,Puerto Rico
3716,Consumer,San Jose,CA,United States
3717,Consumer,Lakewood,OH,United States
3718,Consumer,Las Vegas,NV,United States
3719,Consumer,Caguas,PR,Puerto Rico
3720,Consumer,Los Angeles,CA,United States
3721,Consumer,Mount Pleasant,MI,United States
3722,Consumer,Caguas,PR,Puerto Rico
3723,Consumer,Humacao,PR,Puerto Rico
3724,Consumer,Douglasville,GA,United States
3725,Consumer,Caguas,PR,Puerto Rico
3726,Consumer,Simi Valley,CA,United States
3727,Consumer,Caguas,PR,Puerto Rico
3728,Consumer,Loveland,OH,United States
3729,Corporate,Caguas,PR,Puerto Rico
3730,Corporate,Norfolk,VA,United States
3731,Corporate,Caguas,PR,Puerto Rico
3732,Corporate,Norcross,GA,United States
3733,Corporate,Caguas,PR,Puerto Rico
3734,Corporate,Modesto,CA,United States
3735,Corporate,El Centro,CA,United States
3736,Corporate,Caguas,PR,Puerto Rico
3737,Corporate,Chapel Hill,NC,United States
3738,Home Office,Caguas,PR,Puerto Rico
3739,Corporate,Potomac,MD,United States
3740,Consumer,Caguas,PR,Puerto Rico
3741,Home Office,Elyria,OH,United States
3742,Home Office,Cupertino,CA,United States
3743,Home Office,Caguas,PR,Puerto Rico
3744,Corporate,Ontario,CA,United States
3745,Consumer,Caguas,PR,Puerto Rico
3746,Consumer,Kent,WA,United States
3747,Consumer,Caguas,PR,Puerto Rico
3748,Consumer,Lake Forest,CA,United States
3749,Consumer,San Bernardino,CA,United States
3750,Corporate,Caguas,PR,Puerto Rico
3751,Corporate,Jersey City,NJ,United States
3752,Home Office,Caguas,PR,Puerto Rico
3753,Home Office,Fresno,CA,United States
3754,Home Office,Columbus,GA,United States
3755,Corporate,Los Angeles,CA,United States
3756,Corporate,Caguas,PR,Puerto Rico
3757,Corporate,Rosemead,CA,United States
3758,Consumer,Salt Lake City,UT,United States
3759,Home Office,Caguas,PR,Puerto Rico
3760,Consumer,Pico Rivera,CA,United States
3761,Consumer,Hayward,CA,United States
3762,Consumer,West New York,NJ,United States
3763,Consumer,Warren,MI,United States
3764,Consumer,Los Angeles,CA,United States
3765,Consumer,Caguas,PR,Puerto Rico
3766,Consumer,Garden Grove,CA,United States
3767,Consumer,Caguas,PR,Puerto Rico
3768,Home Office,Miami,FL,United States
3769,Corporate,Caguas,PR,Puerto Rico
3770,Consumer,San Sebastian,PR,Puerto Rico
3771,Corporate,Caguas,PR,Puerto Rico
3772,Consumer,Brooklyn,NY,United States
3773,Consumer,Tempe,AZ,United States
3774,Consumer,Caguas,PR,Puerto Rico
3775,Home Office,Mentor,OH,United States
3776,Corporate,Caguas,PR,Puerto Rico
3777,Home Office,Los Angeles,CA,United States
3778,Home Office,Caguas,PR,Puerto Rico
3779,Home Office,Madera,CA,United States
3780,Home Office,Caguas,PR,Puerto Rico
3781,Home Office,Hamtramck,MI,United States
3782,Home Office,Caguas,PR,Puerto Rico
3783,Consumer,El Paso,TX,United States
3784,Consumer,Caguas,PR,Puerto Rico
3785,Consumer,Las Vegas,NV,United States
3786,Consumer,Irving,TX,United States
3787,Consumer,Columbia,MO,United States
3788,Consumer,Memphis,TN,United States
3789,Consumer,Caguas,PR,Puerto Rico
3790,Consumer,Powder Springs,GA,United States
3791,Corporate,Levittown,NY,United States
3792,Home Office,Garden Grove,CA,United States
3793,Corporate,Caguas,PR,Puerto Rico
3794,Home Office,Manchester,CT,United States
3795,Corporate,Caguas,PR,Puerto Rico
3796,Home Office,Pompano Beach,FL,United States
3797,Consumer,Caguas,PR,Puerto Rico
3798,Consumer,Toms River,NJ,United States
3799,Consumer,Caguas,PR,Puerto Rico
3800,Consumer,Germantown,MD,United States
3801,Consumer,Caguas,PR,Puerto Rico
3802,Consumer,Miami,FL,United States
3803,Consumer,San Francisco,CA,United States
3804,Consumer,Hagerstown,MD,United States
3805,Corporate,Quincy,MA,United States
3806,Home Office,Upland,CA,United States
3807,Home Office,Brandon,FL,United States
3808,Home Office,Caguas,PR,Puerto Rico
3809,Consumer,Lakewood,NJ,United States
3810,Consumer,Caguas,PR,Puerto Rico
3811,Consumer,Lancaster,CA,United States
3812,Consumer,Hendersonville,TN,United States
3813,Consumer,Brooklyn,NY,United States
3814,Consumer,Caguas,PR,Puerto Rico
3815,Corporate,Bloomfield,NJ,United States
3816,Corporate,Caguas,PR,Puerto Rico
3817,Corporate,Toa Alta,PR,Puerto Rico
3818,Consumer,Tempe,AZ,United States
3819,Corporate,Caguas,PR,Puerto Rico
3820,Corporate,Beaverton,OR,United States
3821,Corporate,Caguas,PR,Puerto Rico
3822,Corporate,West Jordan,UT,United States
3823,Consumer,Caguas,PR,Puerto Rico
3824,Consumer,Salt Lake City,UT,United States
3825,Consumer,Silver Spring,MD,United States
3826,Consumer,Richmond,VA,United States
3827,Corporate,Caguas,PR,Puerto Rico
3828,Corporate,El Paso,TX,United States
3830,Corporate,Caguas,PR,Puerto Rico
3831,Corporate,Bakersfield,CA,United States
3832,Corporate,Aurora,IL,United States
3833,Consumer,Greeley,CO,United States
3834,Corporate,Caguas,PR,Puerto Rico
3835,Home Office,Fremont,CA,United States
3836,Home Office,Chesapeake,VA,United States
3837,Consumer,Aurora,CO,United States
3838,Consumer,Caguas,PR,Puerto Rico
3839,Consumer,Mechanicsburg,PA,United States
3840,Consumer,Salinas,CA,United States
3841,Consumer,Caguas,PR,Puerto Rico
3842,Consumer,Palatine,IL,United States
3843,Consumer,Caguas,PR,Puerto Rico
3844,Consumer,Hampton,VA,United States
3845,Corporate,Caguas,PR,Puerto Rico
3846,Home Office,Ontario,CA,United States
3847,Home Office,Columbia,MO,United States
3848,Home Office,New Braunfels,TX,United States
3849,Corporate,Caguas,PR,Puerto Rico
3850,Corporate,El Paso,TX,United States
3851,Consumer,Caguas,PR,Puerto Rico
3853,Corporate,South Richmond Hill,NY,United States
3854,Corporate,Caguas,PR,Puerto Rico
3855,Consumer,New York,NY,United States
3856,Consumer,Laredo,TX,United States
3857,Consumer,Caguas,PR,Puerto Rico
3858,Consumer,Newark,OH,United States
3859,Consumer,Caguas,PR,Puerto Rico
3860,Corporate,San Antonio,TX,United States
3861,Corporate,Caguas,PR,Puerto Rico
3862,Corporate,Watsonville,CA,United States
3863,Corporate,Nashville,TN,United States
3864,Home Office,Laredo,TX,United States
3865,Consumer,Caguas,PR,Puerto Rico
3866,Home Office,Jacksonville,FL,United States
3867,Consumer,Caguas,PR,Puerto Rico
3868,Consumer,Chandler,AZ,United States
3869,Corporate,Los Angeles,CA,United States
3870,Consumer,Caguas,PR,Puerto Rico
3871,Consumer,Joliet,IL,United States
3872,Consumer,Caguas,PR,Puerto Rico
3873,Consumer,Bronx,NY,United States
3874,Consumer,Moreno Valley,CA,United States
3875,Consumer,Caguas,PR,Puerto Rico
3876,Consumer,Normal,IL,United States
3877,Corporate,Caguas,PR,Puerto Rico
3878,Home Office,Orlando,FL,United States
3879,Consumer,Caguas,PR,Puerto Rico
3880,Home Office,Bakersfield,CA,United States
3881,Corporate,Caguas,PR,Puerto Rico
3882,Corporate,Greensburg,PA,United States
3883,Corporate,Caguas,PR,Puerto Rico
3884,Corporate,North Bergen,NJ,United States
3885,Consumer,Palo Alto,CA,United States
3886,Consumer,Caguas,PR,Puerto Rico
3887,Consumer,Garland,TX,United States
3888,Consumer,Miami,FL,United States
3889,Consumer,Caguas,PR,Puerto Rico
3890,Corporate,Aurora,CO,United States
3891,Consumer,Caguas,PR,Puerto Rico
3892,Corporate,Waukegan,IL,United States
3893,Home Office,Los Angeles,CA,United States
3894,Home Office,Caguas,PR,Puerto Rico
3895,Consumer,Brooklyn,NY,United States
3896,Corporate,Orlando,FL,United States
3897,Consumer,Caguas,PR,Puerto Rico
3898,Consumer,Martinsburg,WV,United States
3899,Home Office,Caguas,PR,Puerto Rico
3900,Home Office,Moline,IL,United States
3901,Consumer,Caguas,PR,Puerto Rico
3902,Consumer,Oceanside,CA,United States
3903,Corporate,Cleveland,OH,United States
3904,Consumer,Caguas,PR,Puerto Rico
3905,Corporate,South San Francisco,CA,United States
3906,Corporate,Tucson,AZ,United States
3907,Corporate,Caguas,PR,Puerto Rico
3908,Corporate,Lakewood,NJ,United States
3909,Consumer,Mount Prospect,IL,United States
3910,Consumer,Caguas,PR,Puerto Rico
3911,Consumer,El Paso,TX,United States
3912,Consumer,South Ozone Park,NY,United States
3913,Consumer,Caguas,PR,Puerto Rico
3914,Consumer,Manchester,CT,United States
3915,Consumer,Caguas,PR,Puerto Rico
3916,Consumer,Chesapeake,VA,United States
3917,Corporate,Eugene,OR,United States
3918,Corporate,Caguas,PR,Puerto Rico
3919,Corporate,Fontana,CA,United States
3920,Consumer,Caguas,PR,Puerto Rico
3921,Consumer,East Lansing,MI,United States
3922,Consumer,Caguas,PR,Puerto Rico
3923,Consumer,Albuquerque,NM,United States
3924,Consumer,Caguas,PR,Puerto Rico
3925,Home Office,Brooklyn,NY,United States
3926,Home Office,Fullerton,CA,United States
3927,Home Office,Caguas,PR,Puerto Rico
3928,Home Office,New York,NY,United States
3929,Home Office,Methuen,MA,United States
3930,Consumer,Caguas,PR,Puerto Rico
3931,Consumer,Chicago,IL,United States
3932,Consumer,Asheboro,NC,United States
3933,Consumer,Caguas,PR,Puerto Rico
3934,Consumer,Algonquin,IL,United States
3935,Consumer,Buena Park,CA,United States
3936,Consumer,Caguas,PR,Puerto Rico
3937,Consumer,Santa Ana,CA,United States
3938,Consumer,Albuquerque,NM,United States
3939,Consumer,North Las Vegas,NV,United States
3940,Consumer,Caguas,PR,Puerto Rico
3941,Consumer,Phoenix,AZ,United States
3942,Consumer,Los Angeles,CA,United States
3943,Home Office,Lawrence,MA,United States
3944,Home Office,Caguas,PR,Puerto Rico
3945,Home Office,Portland,OR,United States
3946,Corporate,Caguas,PR,Puerto Rico
3947,Consumer,Wichita,KS,United States
3948,Consumer,Caguas,PR,Puerto Rico
3949,Consumer,Philadelphia,PA,United States
3950,Home Office,York,PA,United States
3951,Consumer,Caguas,PR,Puerto Rico
3952,Home Office,Tucson,AZ,United States
3953,Consumer,Caguas,PR,Puerto Rico
3954,Consumer,Chula Vista,CA,United States
3955,Corporate,Yonkers,NY,United States
3956,Home Office,Stockbridge,GA,United States
3957,Corporate,Cumberland,MD,United States
3958,Home Office,Caguas,PR,Puerto Rico
3959,Consumer,Fort Lauderdale,FL,United States
3960,Consumer,Caguas,PR,Puerto Rico
3961,Consumer,Chandler,AZ,United States
3962,Corporate,Caguas,PR,Puerto Rico
3963,Corporate,Caguas,PR,Puerto Rico
3964,Consumer,Brooklyn,NY,United States
3965,Consumer,Caguas,PR,Puerto Rico
3966,Consumer,Brooklyn,NY,United States
3967,Consumer,Saint Paul,MN,United States
3968,Consumer,Caguas,PR,Puerto Rico
3969,Consumer,Vega Baja,PR,Puerto Rico
3970,Consumer,Washington,DC,United States
3971,Consumer,Jonesboro,AR,United States
3972,Consumer,Caguas,PR,Puerto Rico
3973,Consumer,Alhambra,CA,United States
3974,Consumer,Seattle,WA,United States
3975,Consumer,Caguas,PR,Puerto Rico
3976,Consumer,Carolina,PR,Puerto Rico
3977,Consumer,Detroit,MI,United States
3978,Consumer,Walnut,CA,United States
3979,Corporate,Caguas,PR,Puerto Rico
3980,Consumer,Winnetka,CA,United States
3981,Home Office,Caguas,PR,Puerto Rico
3982,Home Office,Dallas,TX,United States
3983,Corporate,Caguas,PR,Puerto Rico
3984,Corporate,Kent,WA,United States
3985,Corporate,Chillicothe,OH,United States
3986,Corporate,Ewa Beach,HI,United States
3987,Consumer,Caguas,PR,Puerto Rico
3988,Consumer,Ballwin,MO,United States
3989,Corporate,Caguas,PR,Puerto Rico
3990,Consumer,Guayama,PR,Puerto Rico
3991,Corporate,Morristown,NJ,United States
3992,Corporate,Caguas,PR,Puerto Rico
3993,Corporate,Valrico,FL,United States
3994,Corporate,Caguas,PR,Puerto Rico
3995,Corporate,North Las Vegas,NV,United States
3996,Corporate,Caguas,PR,Puerto Rico
3997,Corporate,Brooklyn,NY,United States
3998,Corporate,Caguas,PR,Puerto Rico
3999,Corporate,Bronx,NY,United States
4000,Consumer,Memphis,TN,United States
4001,Consumer,Caguas,PR,Puerto Rico
4002,Consumer,Columbus,GA,United States
4003,Consumer,Caguas,PR,Puerto Rico
4004,Corporate,Pacoima,CA,United States
4005,Corporate,Quincy,MA,United States
4006,Corporate,Clementon,NJ,United States
4007,Home Office,Murfreesboro,TN,United States
4008,Corporate,Caguas,PR,Puerto Rico
4009,Consumer,Elgin,IL,United States
4010,Corporate,Honolulu,HI,United States
4011,Corporate,Caguas,PR,Puerto Rico
4012,Corporate,Roswell,GA,United States
4013,Consumer,Caguas,PR,Puerto Rico
4014,Consumer,Dallas,TX,United States
4015,Consumer,Rancho Cucamonga,CA,United States
4016,Consumer,Caguas,PR,Puerto Rico
4017,Consumer,Florissant,MO,United States
4018,Consumer,Bismarck,ND,United States
4019,Consumer,Caguas,PR,Puerto Rico
4020,Consumer,New York,NY,United States
4021,Consumer,Lakewood,OH,United States
4022,Consumer,Garland,TX,United States
4023,Consumer,Round Rock,TX,United States
4024,Corporate,Caguas,PR,Puerto Rico
4025,Corporate,Oceanside,CA,United States
4026,Corporate,Caguas,PR,Puerto Rico
4027,Corporate,San Francisco,CA,United States
4028,Home Office,Caguas,PR,Puerto Rico
4029,Corporate,Woodbridge,VA,United States
4030,Consumer,Aurora,CO,United States
4031,Home Office,Caguas,PR,Puerto Rico
4032,Home Office,Brooklyn,NY,United States
4033,Consumer,Caguas,PR,Puerto Rico
4034,Consumer,Fontana,CA,United States
4035,Consumer,Dallas,TX,United States
4036,Consumer,Granite City,IL,United States
4037,Consumer,Caguas,PR,Puerto Rico
4038,Consumer,Waukegan,IL,United States
4039,Consumer,Honolulu,HI,United States
4040,Corporate,Roseville,MI,United States
4041,Consumer,Madison,WI,United States
4042,Consumer,Caguas,PR,Puerto Rico
4043,Home Office,San Bernardino,CA,United States
4044,Consumer,Plano,TX,United States
4045,Consumer,Caguas,PR,Puerto Rico
4046,Consumer,Wyandotte,MI,United States
4047,Consumer,Caguas,PR,Puerto Rico
4048,Consumer,Lockport,IL,United States
4049,Consumer,Caguas,PR,Puerto Rico
4050,Consumer,Brooklyn,NY,United States
4051,Corporate,Caguas,PR,Puerto Rico
4052,Corporate,Columbus,GA,United States
4053,Corporate,Caguas,PR,Puerto Rico
4054,Home Office,Austin,TX,United States
4055,Home Office,Levittown,NY,United States
4056,Home Office,Caguas,PR,Puerto Rico
4057,Corporate,Aurora,CO,United States
4058,Consumer,San Jose,CA,United States
4059,Consumer,Caguas,PR,Puerto Rico
4060,Consumer,Greenville,NC,United States
4061,Consumer,Caguas,PR,Puerto Rico
4062,Corporate,Oceanside,CA,United States
4063,Consumer,Caguas,PR,Puerto Rico
4064,Consumer,Pawtucket,RI,United States
4065,Corporate,Caguas,PR,Puerto Rico
4066,Consumer,Bronx,NY,United States
4067,Consumer,Massillon,OH,United States
4068,Consumer,Caguas,PR,Puerto Rico
4069,Corporate,Tinley Park,IL,United States
4070,Corporate,Bridgeton,NJ,United States
4071,Corporate,Caguas,PR,Puerto Rico
4072,Corporate,Eugene,OR,United States
4073,Corporate,Caguas,PR,Puerto Rico
4074,Corporate,West Chester,PA,United States
4075,Consumer,Caguas,PR,Puerto Rico
4076,Consumer,Trujillo Alto,PR,Puerto Rico
4077,Consumer,Los Angeles,CA,United States
4078,Consumer,Caguas,PR,Puerto Rico
4079,Consumer,Tonawanda,NY,United States
4080,Consumer,Caguas,PR,Puerto Rico
4081,Consumer,Dallas,TX,United States
4082,Corporate,Caguas,PR,Puerto Rico
4083,Corporate,Wyandotte,MI,United States
4084,Corporate,Caguas,PR,Puerto Rico
4085,Corporate,Panorama City,CA,United States
4086,Corporate,Caguas,PR,Puerto Rico
4087,Home Office,Los Angeles,CA,United States
4088,Home Office,Salt Lake City,UT,United States
4089,Corporate,Caguas,PR,Puerto Rico
4090,Consumer,Brooklyn,NY,United States
4091,Consumer,New York,NY,United States
4092,Consumer,Caguas,PR,Puerto Rico
4093,Consumer,Brockton,MA,United States
4094,Consumer,Clementon,NJ,United States
4095,Consumer,Caguas,PR,Puerto Rico
4096,Consumer,Brooklyn,NY,United States
4097,Consumer,Aurora,CO,United States
4098,Consumer,Caguas,PR,Puerto Rico
4099,Home Office,Flushing,NY,United States
4100,Consumer,Caguas,PR,Puerto Rico
4101,Consumer,Yonkers,NY,United States
4102,Consumer,Marrero,LA,United States
4103,Home Office,Dorchester Center,MA,United States
4104,Consumer,Pekin,IL,United States
4105,Consumer,Caguas,PR,Puerto Rico
4106,Consumer,North Hills,CA,United States
4107,Consumer,Clearfield,UT,United States
4108,Consumer,Caguas,PR,Puerto Rico
4109,Home Office,Baltimore,MD,United States
4110,Home Office,Hyattsville,MD,United States
4111,Home Office,Caguas,PR,Puerto Rico
4112,Consumer,Elyria,OH,United States
4113,Consumer,Cary,NC,United States
4114,Consumer,Caguas,PR,Puerto Rico
4115,Home Office,Chicago,IL,United States
4116,Home Office,Elgin,IL,United States
4117,Corporate,Raleigh,NC,United States
4118,Corporate,Caguas,PR,Puerto Rico
4119,Corporate,Santa Ana,CA,United States
4120,Corporate,Cordova,TN,United States
4121,Consumer,Caguas,PR,Puerto Rico
4122,Consumer,Chicago,IL,United States
4123,Consumer,Princeton,NJ,United States
4124,Consumer,Caguas,PR,Puerto Rico
4125,Consumer,Meridian,ID,United States
4126,Consumer,Caguas,PR,Puerto Rico
4127,Consumer,Tempe,AZ,United States
4128,Consumer,Caguas,PR,Puerto Rico
4129,Consumer,Brooklyn,NY,United States
4130,Home Office,Williamsport,PA,United States
4131,Consumer,Guayama,PR,Puerto Rico
4132,Consumer,Caguas,PR,Puerto Rico
4133,Consumer,Los Angeles,CA,United States
4134,Home Office,Caguas,PR,Puerto Rico
4135,Consumer,Augusta,GA,United States
4136,Consumer,Caguas,PR,Puerto Rico
4137,Consumer,Tucson,AZ,United States
4138,Corporate,Caguas,PR,Puerto Rico
4139,Corporate,Antioch,CA,United States
4140,Corporate,Hamilton,OH,United States
4141,Home Office,Caguas,PR,Puerto Rico
4142,Home Office,Wheaton,IL,United States
4143,Home Office,Reno,NV,United States
4144,Home Office,Caguas,PR,Puerto Rico
4145,Consumer,West Orange,NJ,United States
4146,Consumer,Caguas,PR,Puerto Rico
4147,Consumer,Dorchester Center,MA,United States
4148,Consumer,Caguas,PR,Puerto Rico
4149,Consumer,Ithaca,NY,United States
4150,Consumer,Madera,CA,United States
4151,Consumer,Caguas,PR,Puerto Rico
4152,Consumer,Brooklyn,NY,United States
4153,Consumer,Sugar Land,TX,United States
4154,Consumer,Caguas,PR,Puerto Rico
4155,Home Office,Westminster,CA,United States
4156,Corporate,Fairfield,CA,United States
4157,Corporate,Garden Grove,CA,United States
4158,Consumer,Caguas,PR,Puerto Rico
4159,Consumer,Laredo,TX,United States
4160,Consumer,Caguas,PR,Puerto Rico
4161,Consumer,Chicago,IL,United States
4162,Consumer,Brooklyn,NY,United States
4163,Consumer,Caguas,PR,Puerto Rico
4164,Consumer,Panorama City,CA,United States
4165,Consumer,Tucson,AZ,United States
4166,Consumer,Caguas,PR,Puerto Rico
4167,Consumer,Malden,MA,United States
4168,Corporate,Weslaco,TX,United States
4169,Consumer,Elgin,IL,United States
4170,Corporate,Amarillo,TX,United States
4171,Corporate,Caguas,PR,Puerto Rico
4172,Corporate,Aurora,CO,United States
4173,Consumer,Caguas,PR,Puerto Rico
4174,Consumer,San Francisco,CA,United States
4175,Consumer,Westland,MI,United States
4176,Consumer,Caguas,PR,Puerto Rico
4177,Corporate,Chesapeake,VA,United States
4178,Corporate,Miami,FL,United States
4179,Corporate,Caguas,PR,Puerto Rico
4180,Consumer,Brooklyn,NY,United States
4181,Consumer,Ventura,CA,United States
4182,Corporate,Caguas,PR,Puerto Rico
4183,Consumer,Chicago,IL,United States
4184,Consumer,Conway,AR,United States
4185,Consumer,Saint Paul,MN,United States
4186,Consumer,Caguas,PR,Puerto Rico
4187,Consumer,Augusta,GA,United States
4188,Home Office,Caguas,PR,Puerto Rico
4189,Consumer,Los Angeles,CA,United States
4190,Consumer,Woonsocket,RI,United States
4191,Consumer,Caguas,PR,Puerto Rico
4192,Consumer,New York,NY,United States
4193,Consumer,Sanford,NC,United States
4194,Consumer,Caguas,PR,Puerto Rico
4195,Consumer,Dallas,TX,United States
4196,Consumer,Lynnwood,WA,United States
4197,Corporate,Caguas,PR,Puerto Rico
4198,Home Office,Los Angeles,CA,United States
4199,Corporate,Hayward,CA,United States
4200,Corporate,Eugene,OR,United States
4201,Corporate,Caguas,PR,Puerto Rico
4202,Corporate,Catonsville,MD,United States
4203,Consumer,Portland,OR,United States
4204,Corporate,Caguas,PR,Puerto Rico
4205,Consumer,Brooklyn,NY,United States
4206,Consumer,Strongsville,OH,United States
4207,Consumer,Caguas,PR,Puerto Rico
4208,Consumer,Atlanta,GA,United States
4209,Consumer,Caguas,PR,Puerto Rico
4210,Consumer,Phoenix,AZ,United States
4211,Consumer,Caguas,PR,Puerto Rico
4212,Consumer,Fresno,CA,United States
4213,Consumer,Spring Valley,CA,United States
4214,Consumer,Caguas,PR,Puerto Rico
4215,Consumer,Miami,FL,United States
4216,Corporate,Dallas,TX,United States
4217,Consumer,Greenville,NC,United States
4218,Consumer,Caguas,PR,Puerto Rico
4219,Corporate,Hamilton,OH,United States
4220,Consumer,Caguas,PR,Puerto Rico
4221,Consumer,Los Angeles,CA,United States
4222,Home Office,Beloit,WI,United States
4223,Home Office,Caguas,PR,Puerto Rico
4224,Corporate,Brooklyn,NY,United States
4225,Corporate,Los Angeles,CA,United States
4226,Corporate,Hialeah,FL,United States
4227,Home Office,Caguas,PR,Puerto Rico
4228,Consumer,Detroit,MI,United States
4229,Consumer,Lockport,NY,United States
4230,Consumer,Caguas,PR,Puerto Rico
4231,Home Office,Saint Paul,MN,United States
4232,Home Office,Caguas,PR,Puerto Rico
4233,Consumer,Parkville,MD,United States
4234,Consumer,Lilburn,GA,United States
4235,Consumer,Powder Springs,GA,United States
4236,Consumer,Caguas,PR,Puerto Rico
4237,Consumer,Strongsville,OH,United States
4238,Home Office,Caguas,PR,Puerto Rico
4239,Consumer,Houston,TX,United States
4240,Consumer,Caguas,PR,Puerto Rico
4241,Corporate,Daly City,CA,United States
4242,Consumer,West Orange,NJ,United States
4243,Consumer,Caguas,PR,Puerto Rico
4244,Consumer,Glendale,AZ,United States
4245,Consumer,Columbia,TN,United States
4246,Consumer,Caguas,PR,Puerto Rico
4247,Consumer,Chino Hills,CA,United States
4248,Consumer,Eugene,OR,United States
4249,Consumer,Caguas,PR,Puerto Rico
4250,Corporate,Dallas,TX,United States
4251,Corporate,Caguas,PR,Puerto Rico
4252,Consumer,Middletown,OH,United States
4253,Consumer,Caguas,PR,Puerto Rico
4254,Consumer,South Richmond Hill,NY,United States
4255,Consumer,Caguas,PR,Puerto Rico
4256,Consumer,Bronx,NY,United States
4257,Home Office,Caguas,PR,Puerto Rico
4258,Corporate,San Diego,CA,United States
4259,Home Office,Caguas,PR,Puerto Rico
4260,Consumer,Stafford,VA,United States
4261,Home Office,Canton,MI,United States
4263,Home Office,Caguas,PR,Puerto Rico
4264,Home Office,Chicago,IL,United States
4265,Home Office,Anaheim,CA,United States
4266,Corporate,Miami,FL,United States
4267,Home Office,Loveland,OH,United States
4268,Home Office,Caguas,PR,Puerto Rico
4269,Corporate,Tustin,CA,United States
4270,Corporate,Caguas,PR,Puerto Rico
4271,Corporate,Carmichael,CA,United States
4272,Home Office,Los Angeles,CA,United States
4273,Home Office,Tucson,AZ,United States
4274,Home Office,Caguas,PR,Puerto Rico
4275,Home Office,Waipahu,HI,United States
4276,Consumer,Riverside,CA,United States
4277,Corporate,Caguas,PR,Puerto Rico
4278,Consumer,Opelousas,LA,United States
4279,Consumer,Caguas,PR,Puerto Rico
4280,Consumer,Arecibo,PR,Puerto Rico
4281,Corporate,Garland,TX,United States
4282,Consumer,Lancaster,PA,United States
4283,Corporate,Caguas,PR,Puerto Rico
4284,Corporate,Simi Valley,CA,United States
4285,Corporate,Compton,CA,United States
4286,Home Office,Caguas,PR,Puerto Rico
4287,Home Office,Bakersfield,CA,United States
4288,Consumer,Carrollton,TX,United States
4289,Consumer,New York,NY,United States
4290,Corporate,Caguas,PR,Puerto Rico
4291,Corporate,Corona,NY,United States
4292,Consumer,Dearborn,MI,United States
4293,Consumer,Caguas,PR,Puerto Rico
4294,Consumer,Brownsville,TX,United States
4295,Consumer,New York,NY,United States
4296,Consumer,Webster,NY,United States
4297,Consumer,Caguas,PR,Puerto Rico
4298,Corporate,Ontario,CA,United States
4299,Corporate,Caguas,PR,Puerto Rico
4300,Corporate,Forest Hills,NY,United States
4301,Corporate,Newark,DE,United States
4302,Consumer,Caguas,PR,Puerto Rico
4303,Consumer,Honolulu,HI,United States
4304,Consumer,Caguas,PR,Puerto Rico
4305,Corporate,Gardena,CA,United States
4306,Consumer,Norfolk,VA,United States
4307,Consumer,Caguas,PR,Puerto Rico
4308,Consumer,Irvington,NJ,United States
4309,Consumer,Caguas,PR,Puerto Rico
4310,Corporate,Modesto,CA,United States
4311,Home Office,Caguas,PR,Puerto Rico
4312,Corporate,Los Angeles,CA,United States
4313,Corporate,Caguas,PR,Puerto Rico
4314,Corporate,Enfield,CT,United States
4315,Corporate,Caguas,PR,Puerto Rico
4316,Corporate,Indianapolis,IN,United States
4317,Corporate,Caguas,PR,Puerto Rico
4318,Corporate,San Benito,TX,United States
4319,Consumer,Tampa,FL,United States
4320,Consumer,Caguas,PR,Puerto Rico
4321,Consumer,Honolulu,HI,United States
4322,Consumer,Caguas,PR,Puerto Rico
4323,Consumer,Mesa,AZ,United States
4324,Consumer,Carson,CA,United States
4325,Consumer,Caguas,PR,Puerto Rico
4326,Consumer,Riverside,CA,United States
4327,Consumer,Caguas,PR,Puerto Rico
4328,Corporate,Elyria,OH,United States
4329,Corporate,Lindenhurst,NY,United States
4330,Home Office,Caguas,PR,Puerto Rico
4331,Home Office,Humacao,PR,Puerto Rico
4332,Consumer,Albany,OR,United States
4333,Consumer,Columbus,OH,United States
4334,Consumer,Lenoir,NC,United States
4335,Consumer,Caguas,PR,Puerto Rico
4336,Consumer,Azusa,CA,United States
4337,Consumer,Caguas,PR,Puerto Rico
4338,Corporate,Gilroy,CA,United States
4339,Corporate,Astoria,NY,United States
4340,Consumer,Caguas,PR,Puerto Rico
4341,Consumer,Hempstead,NY,United States
4342,Corporate,Caguas,PR,Puerto Rico
4343,Home Office,Tallahassee,FL,United States
4344,Consumer,Caguas,PR,Puerto Rico
4345,Consumer,Granada Hills,CA,United States
4346,Consumer,Caguas,PR,Puerto Rico
4347,Consumer,Bakersfield,CA,United States
4348,Corporate,Caguas,PR,Puerto Rico
4349,Home Office,Salt Lake City,UT,United States
4350,Consumer,Caguas,PR,Puerto Rico
4351,Corporate,Antioch,TN,United States
4352,Home Office,Memphis,TN,United States
4353,Consumer,Clementon,NJ,United States
4354,Home Office,Caguas,PR,Puerto Rico
4355,Corporate,Garden Grove,CA,United States
4356,Corporate,Caguas,PR,Puerto Rico
4357,Corporate,Peoria,AZ,United States
4358,Corporate,Caguas,PR,Puerto Rico
4359,Consumer,Brooklyn,NY,United States
4360,Consumer,Ypsilanti,MI,United States
4361,Corporate,Caguas,PR,Puerto Rico
4362,Consumer,Roswell,GA,United States
4363,Consumer,Caguas,PR,Puerto Rico
4364,Consumer,Los Angeles,CA,United States
4365,Corporate,Mission Viejo,CA,United States
4366,Home Office,Caguas,PR,Puerto Rico
4367,Home Office,Springfield,MO,United States
4369,Consumer,Cupertino,CA,United States
4370,Corporate,Los Angeles,CA,United States
4371,Consumer,Saint Charles,MO,United States
4372,Consumer,Caguas,PR,Puerto Rico
4373,Consumer,Lockport,NY,United States
4374,Home Office,Caguas,PR,Puerto Rico
4375,Home Office,Cleveland,OH,United States
4376,Home Office,Caguas,PR,Puerto Rico
4377,Consumer,Murfreesboro,TN,United States
4378,Home Office,Caguas,PR,Puerto Rico
4379,Corporate,Detroit,MI,United States
4380,Corporate,Caguas,PR,Puerto Rico
4381,Corporate,Chicago,IL,United States
4382,Corporate,Caguas,PR,Puerto Rico
4383,Corporate,Taylor,MI,United States
4384,Consumer,Denver,CO,United States
4385,Consumer,Caguas,PR,Puerto Rico
4386,Consumer,Brooklyn,NY,United States
4387,Consumer,Rio Grande,PR,Puerto Rico
4388,Consumer,Holland,MI,United States
4389,Consumer,Caguas,PR,Puerto Rico
4390,Consumer,Marietta,GA,United States
4391,Consumer,Stockton,CA,United States
4392,Consumer,Caguas,PR,Puerto Rico
4393,Consumer,Columbia,TN,United States
4394,Consumer,Provo,UT,United States
4395,Consumer,Caguas,PR,Puerto Rico
4396,Consumer,Bronx,NY,United States
4397,Consumer,Long Beach,CA,United States
4398,Consumer,Azusa,CA,United States
4399,Consumer,Virginia Beach,VA,United States
4400,Corporate,Caguas,PR,Puerto Rico
4401,Corporate,Lilburn,GA,United States
4402,Corporate,Honolulu,HI,United States
4403,Corporate,Bismarck,ND,United States
4404,Corporate,Caguas,PR,Puerto Rico
4405,Corporate,Gaithersburg,MD,United States
4406,Corporate,Caguas,PR,Puerto Rico
4407,Consumer,Bismarck,ND,United States
4408,Consumer,Caguas,PR,Puerto Rico
4409,Consumer,Garden Grove,CA,United States
4410,Corporate,Caguas,PR,Puerto Rico
4411,Corporate,Brighton,MA,United States
4412,Corporate,Caguas,PR,Puerto Rico
4413,Corporate,Sugar Land,TX,United States
4414,Corporate,Sunnyvale,CA,United States
4415,Home Office,Caguas,PR,Puerto Rico
4416,Home Office,Dallas,TX,United States
4417,Home Office,Rochester,NY,United States
4418,Home Office,Caguas,PR,Puerto Rico
4419,Home Office,Fremont,CA,United States
4420,Home Office,Caguas,PR,Puerto Rico
4421,Corporate,Atlanta,GA,United States
4422,Corporate,Caguas,PR,Puerto Rico
4423,Consumer,Panorama City,CA,United States
4424,Consumer,Newark,DE,United States
4425,Consumer,Caguas,PR,Puerto Rico
4426,Corporate,Dallas,TX,United States
4427,Corporate,Carlisle,PA,United States
4428,Corporate,Caguas,PR,Puerto Rico
4429,Corporate,Dallas,TX,United States
4430,Corporate,Detroit,MI,United States
4431,Home Office,Caguas,PR,Puerto Rico
4432,Consumer,Wheaton,IL,United States
4433,Consumer,Caguas,PR,Puerto Rico
4434,Home Office,Bellflower,CA,United States
4435,Corporate,Roseville,MI,United States
4436,Consumer,Caguas,PR,Puerto Rico
4437,Consumer,Wilkes Barre,PA,United States
4438,Consumer,Caguas,PR,Puerto Rico
4439,Consumer,Billings,MT,United States
4440,Home Office,Caguas,PR,Puerto Rico
4441,Home Office,Rancho Cordova,CA,United States
4442,Corporate,Caguas,PR,Puerto Rico
4443,Corporate,Long Beach,CA,United States
4444,Corporate,Mount Prospect,IL,United States
4445,Corporate,Caguas,PR,Puerto Rico
4446,Corporate,Paramount,CA,United States
4447,Corporate,Canovanas,PR,Puerto Rico
4448,Consumer,Caguas,PR,Puerto Rico
4449,Corporate,Peabody,MA,United States
4450,Corporate,Caguas,PR,Puerto Rico
4451,Consumer,Salinas,CA,United States
4452,Consumer,Freeport,NY,United States
4453,Consumer,Caguas,PR,Puerto Rico
4454,Consumer,San Ramon,CA,United States
4455,Corporate,Caguas,PR,Puerto Rico
4456,Consumer,Miami,FL,United States
4457,Consumer,Caguas,PR,Puerto Rico
4458,Consumer,Tonawanda,NY,United States
4459,Home Office,Caguas,PR,Puerto Rico
4460,Consumer,Los Angeles,CA,United States
4461,Corporate,San Jose,CA,United States
4462,Corporate,Caguas,PR,Puerto Rico
4463,Corporate,Fairfield,CA,United States
4464,Corporate,Amarillo,TX,United States
4465,Corporate,Caguas,PR,Puerto Rico
4466,Corporate,Yauco,PR,Puerto Rico
4467,Corporate,Caguas,PR,Puerto Rico
4468,Corporate,Carol Stream,IL,United States
4469,Corporate,Caguas,PR,Puerto Rico
4470,Corporate,Brooklyn,NY,United States
4471,Corporate,Sacramento,CA,United States
4472,Corporate,Caguas,PR,Puerto Rico
4473,Consumer,West Chester,PA,United States
4474,Consumer,Caguas,PR,Puerto Rico
4475,Consumer,Glendale,AZ,United States
4476,Consumer,Brooklyn,NY,United States
4477,Corporate,Duluth,GA,United States
4478,Corporate,West Jordan,UT,United States
4479,Corporate,Caguas,PR,Puerto Rico
4480,Corporate,Vega Baja,PR,Puerto Rico
4481,Consumer,Doylestown,PA,United States
4482,Corporate,Caguas,PR,Puerto Rico
4483,Consumer,Baltimore,MD,United States
4484,Consumer,Powder Springs,GA,United States
4485,Corporate,Caguas,PR,Puerto Rico
4486,Corporate,San Pedro,CA,United States
4487,Corporate,Diamond Bar,CA,United States
4488,Home Office,Caguas,PR,Puerto Rico
4489,Home Office,Dorchester Center,MA,United States
4490,Consumer,Caguas,PR,Puerto Rico
4491,Consumer,Elmhurst,NY,United States
4492,Consumer,Lawrence,MA,United States
4494,Consumer,Orange Park,FL,United States
4495,Consumer,Caguas,PR,Puerto Rico
4496,Consumer,Newark,NJ,United States
4497,Home Office,Caguas,PR,Puerto Rico
4498,Consumer,Los Angeles,CA,United States
4499,Corporate,Caguas,PR,Puerto Rico
4500,Corporate,Edinburg,TX,United States
4501,Home Office,Watsonville,CA,United States
4502,Corporate,Caguas,PR,Puerto Rico
4503,Consumer,Saint Paul,MN,United States
4504,Consumer,Caguas,PR,Puerto Rico
4505,Consumer,San Diego,CA,United States
4506,Consumer,Virginia Beach,VA,United States
4507,Consumer,Ithaca,NY,United States
4508,Consumer,Austin,TX,United States
4509,Consumer,Caguas,PR,Puerto Rico
4510,Corporate,Strongsville,OH,United States
4511,Consumer,Caguas,PR,Puerto Rico
4512,Consumer,San Diego,CA,United States
4513,Consumer,Caguas,PR,Puerto Rico
4514,Consumer,West Covina,CA,United States
4515,Consumer,Caguas,PR,Puerto Rico
4516,Corporate,Brooklyn,NY,United States
4517,Corporate,Caguas,PR,Puerto Rico
4518,Home Office,Anaheim,CA,United States
4519,Home Office,Caguas,PR,Puerto Rico
4520,Home Office,Chicago,IL,United States
4521,Home Office,Caguas,PR,Puerto Rico
4522,Home Office,Wyoming,MI,United States
4523,Home Office,Caguas,PR,Puerto Rico
4524,Consumer,Potomac,MD,United States
4525,Consumer,Caguas,PR,Puerto Rico
4526,Consumer,El Monte,CA,United States
4527,Corporate,Findlay,OH,United States
4528,Consumer,Caguas,PR,Puerto Rico
4529,Consumer,Bronx,NY,United States
4530,Consumer,Miami,FL,United States
4531,Consumer,Laredo,TX,United States
4532,Home Office,Caguas,PR,Puerto Rico
4533,Consumer,Oceanside,CA,United States
4534,Consumer,Caguas,PR,Puerto Rico
4535,Consumer,Los Angeles,CA,United States
4536,Consumer,Caguas,PR,Puerto Rico
4537,Home Office,Fort Lauderdale,FL,United States
4538,Consumer,Zanesville,OH,United States
4539,Corporate,Houston,TX,United States
4540,Corporate,Wichita,KS,United States
4541,Corporate,Caguas,PR,Puerto Rico
4542,Corporate,Irvington,NJ,United States
4543,Consumer,Stone Mountain,GA,United States
4544,Consumer,Caguas,PR,Puerto Rico
4545,Consumer,Henderson,NV,United States
4546,Consumer,Riverside,CA,United States
4547,Consumer,Van Nuys,CA,United States
4548,Consumer,Hialeah,FL,United States
4549,Consumer,Caguas,PR,Puerto Rico
4550,Consumer,Rome,NY,United States
4551,Consumer,Caguas,PR,Puerto Rico
4552,Consumer,Jacksonville,FL,United States
4553,Consumer,Caguas,PR,Puerto Rico
4554,Consumer,Saginaw,MI,United States
4556,Consumer,Detroit,MI,United States
4557,Consumer,Caguas,PR,Puerto Rico
4558,Consumer,San Francisco,CA,United States
4559,Consumer,Tucson,AZ,United States
4560,Home Office,Caguas,PR,Puerto Rico
4561,Consumer,Jonesboro,AR,United States
4562,Consumer,Caguas,PR,Puerto Rico
4563,Consumer,Dallas,TX,United States
4564,Consumer,Charlotte,NC,United States
4565,Consumer,Caguas,PR,Puerto Rico
4566,Consumer,Victorville,CA,United States
4567,Consumer,Caguas,PR,Puerto Rico
4568,Consumer,Buffalo,NY,United States
4569,Consumer,Caguas,PR,Puerto Rico
4570,Consumer,San Jose,CA,United States
4571,Consumer,San Pedro,CA,United States
4572,Consumer,Brooklyn,NY,United States
4573,Corporate,Salt Lake City,UT,United States
4574,Corporate,Caguas,PR,Puerto Rico
4575,Home Office,Orlando,FL,United States
4576,Home Office,Caguas,PR,Puerto Rico
4577,Corporate,Arlington,VA,United States
4578,Home Office,Modesto,CA,United States
4579,Consumer,Caguas,PR,Puerto Rico
4580,Consumer,Astoria,NY,United States
4581,Consumer,Caguas,PR,Puerto Rico
4582,Consumer,Anaheim,CA,United States
4583,Consumer,Sanford,NC,United States
4584,Corporate,San Juan,PR,Puerto Rico
4585,Corporate,Caguas,PR,Puerto Rico
4586,Consumer,Cleveland,OH,United States
4587,Consumer,Caguas,PR,Puerto Rico
4588,Consumer,Tampa,FL,United States
4589,Consumer,Caguas,PR,Puerto Rico
4590,Consumer,Buffalo,NY,United States
4591,Consumer,Caguas,PR,Puerto Rico
4592,Consumer,Bartlett,IL,United States
4593,Home Office,Florissant,MO,United States
4594,Home Office,Caguas,PR,Puerto Rico
4595,Home Office,San Diego,CA,United States
4596,Consumer,Federal Way,WA,United States
4597,Consumer,Caguas,PR,Puerto Rico
4598,Consumer,Aurora,CO,United States
4599,Consumer,Newark,NJ,United States
4600,Consumer,Crown Point,IN,United States
4601,Corporate,Caguas,PR,Puerto Rico
4602,Consumer,East Lansing,MI,United States
4603,Corporate,Caguas,PR,Puerto Rico
4604,Corporate,Brooklyn,NY,United States
4605,Corporate,Eugene,OR,United States
4606,Corporate,Caguas,PR,Puerto Rico
4607,Corporate,Cupertino,CA,United States
4608,Consumer,Caguas,PR,Puerto Rico
4609,Consumer,Los Angeles,CA,United States
4610,Corporate,North Tonawanda,NY,United States
4611,Consumer,Caguas,PR,Puerto Rico
4612,Consumer,Lansdale,PA,United States
4613,Home Office,Richmond,TX,United States
4614,Consumer,Caguas,PR,Puerto Rico
4615,Consumer,Chicago,IL,United States
4616,Home Office,Caguas,PR,Puerto Rico
4617,Consumer,Toa Baja,PR,Puerto Rico
4618,Corporate,Lithonia,GA,United States
4619,Consumer,Richmond,TX,United States
4620,Consumer,Caguas,PR,Puerto Rico
4621,Consumer,Germantown,MD,United States
4622,Consumer,Caguas,PR,Puerto Rico
4623,Consumer,Arecibo,PR,Puerto Rico
4624,Consumer,Lawton,OK,United States
4625,Consumer,Oviedo,FL,United States
4626,Corporate,Caguas,PR,Puerto Rico
4627,Corporate,Arlington Heights,IL,United States
4628,Corporate,Duluth,GA,United States
4629,Consumer,Caguas,PR,Puerto Rico
4630,Home Office,Chicago,IL,United States
4631,Home Office,Caguas,PR,Puerto Rico
4632,Home Office,Virginia Beach,VA,United States
4633,Home Office,Caguas,PR,Puerto Rico
4634,Home Office,San Diego,CA,United States
4635,Corporate,Caguas,PR,Puerto Rico
4636,Corporate,Yonkers,NY,United States
4637,Corporate,Folsom,CA,United States
4638,Corporate,Caguas,PR,Puerto Rico
4639,Home Office,Los Angeles,CA,United States
4640,Consumer,Bronx,NY,United States
4641,Consumer,Caguas,PR,Puerto Rico
4642,Corporate,New York,NY,United States
4643,Consumer,South San Francisco,CA,United States
4644,Corporate,Caguas,PR,Puerto Rico
4645,Corporate,Los Angeles,CA,United States
4646,Home Office,Williamsport,PA,United States
4647,Consumer,Caguas,PR,Puerto Rico
4648,Consumer,Jersey City,NJ,United States
4649,Consumer,Goose Creek,SC,United States
4650,Consumer,Hanover,PA,United States
4651,Corporate,Caguas,PR,Puerto Rico
4652,Consumer,Aurora,CO,United States
4653,Consumer,Caguas,PR,Puerto Rico
4654,Consumer,Oakland,CA,United States
4655,Consumer,Florissant,MO,United States
4656,Consumer,Caguas,PR,Puerto Rico
4657,Corporate,Chicago,IL,United States
4658,Consumer,Seattle,WA,United States
4659,Consumer,Caguas,PR,Puerto Rico
4660,Consumer,New York,NY,United States
4661,Consumer,Weslaco,TX,United States
4662,Consumer,Caguas,PR,Puerto Rico
4663,Corporate,Columbus,GA,United States
4664,Consumer,Caguas,PR,Puerto Rico
4665,Consumer,Escondido,CA,United States
4666,Corporate,Manati,PR,Puerto Rico
4667,Corporate,Caguas,PR,Puerto Rico
4668,Corporate,Mechanicsburg,PA,United States
4669,Consumer,Humacao,PR,Puerto Rico
4670,Home Office,Caguas,PR,Puerto Rico
4671,Consumer,Chandler,AZ,United States
4672,Consumer,Detroit,MI,United States
4673,Home Office,Caguas,PR,Puerto Rico
4674,Consumer,Jamaica,NY,United States
4675,Home Office,Caguas,PR,Puerto Rico
4676,Home Office,Reseda,CA,United States
4677,Home Office,Valrico,FL,United States
4678,Corporate,La Mirada,CA,United States
4679,Corporate,Caguas,PR,Puerto Rico
4680,Corporate,Carlisle,PA,United States
4681,Corporate,Marietta,GA,United States
4682,Corporate,Caguas,PR,Puerto Rico
4683,Corporate,Cerritos,CA,United States
4684,Corporate,San Ramon,CA,United States
4685,Corporate,Caguas,PR,Puerto Rico
4686,Corporate,Reynoldsburg,OH,United States
4687,Corporate,Caguas,PR,Puerto Rico
4688,Corporate,Hesperia,CA,United States
4689,Corporate,Baltimore,MD,United States
4690,Home Office,Las Vegas,NV,United States
4691,Corporate,Fort Washington,MD,United States
4692,Home Office,Caguas,PR,Puerto Rico
4693,Corporate,Brooklyn,NY,United States
4694,Corporate,Del Rio,TX,United States
4695,Consumer,Caguas,PR,Puerto Rico
4696,Corporate,Ballwin,MO,United States
4697,Consumer,Caguas,PR,Puerto Rico
4698,Corporate,College Station,TX,United States
4699,Corporate,Caguas,PR,Puerto Rico
4700,Corporate,Greeley,CO,United States
4701,Corporate,Caguas,PR,Puerto Rico
4702,Home Office,Napa,CA,United States
4703,Consumer,Caguas,PR,Puerto Rico
4704,Consumer,Freeport,NY,United States
4705,Consumer,Caguas,PR,Puerto Rico
4706,Consumer,Ballwin,MO,United States
4707,Corporate,Harvey,IL,United States
4708,Corporate,Roseburg,OR,United States
4709,Consumer,Caguas,PR,Puerto Rico
4710,Corporate,Daly City,CA,United States
4711,Corporate,Pharr,TX,United States
4712,Consumer,Caguas,PR,Puerto Rico
4713,Corporate,Passaic,NJ,United States
4714,Home Office,Miami,FL,United States
4715,Corporate,Plainfield,IL,United States
4716,Corporate,Caguas,PR,Puerto Rico
4717,Consumer,Buffalo,NY,United States
4718,Consumer,Caguas,PR,Puerto Rico
4719,Consumer,Hollywood,FL,United States
4720,Consumer,Caguas,PR,Puerto Rico
4721,Consumer,Chicago,IL,United States
4722,Home Office,Saint Louis,MO,United States
4723,Corporate,Webster,NY,United States
4724,Corporate,Caguas,PR,Puerto Rico
4725,Corporate,Lawrenceville,GA,United States
4726,Corporate,Caguas,PR,Puerto Rico
4727,Consumer,Honolulu,HI,United States
4728,Consumer,Caguas,PR,Puerto Rico
4729,Corporate,Miami,FL,United States
4730,Corporate,Miami,FL,United States
4731,Corporate,Caguas,PR,Puerto Rico
4732,Corporate,Glendale,AZ,United States
4733,Home Office,Saint Louis,MO,United States
4734,Consumer,Los Angeles,CA,United States
4735,Corporate,Caguas,PR,Puerto Rico
4736,Corporate,New Orleans,LA,United States
4737,Corporate,Caguas,PR,Puerto Rico
4738,Consumer,Chicago,IL,United States
4739,Home Office,Bayamon,PR,Puerto Rico
4740,Consumer,Greenville,NC,United States
4741,Home Office,Caguas,PR,Puerto Rico
4742,Consumer,Oceanside,CA,United States
4743,Corporate,Washington,DC,United States
4744,Corporate,Caguas,PR,Puerto Rico
4745,Consumer,Antioch,TN,United States
4746,Corporate,Walnut,CA,United States
4747,Corporate,Chicago,IL,United States
4748,Corporate,Caguas,PR,Puerto Rico
4749,Corporate,Plano,TX,United States
4750,Consumer,Martinsburg,WV,United States
4751,Consumer,Caguas,PR,Puerto Rico
4752,Consumer,Passaic,NJ,United States
4753,Consumer,Saint Louis,MO,United States
4754,Consumer,Freeport,NY,United States
4755,Consumer,Caguas,PR,Puerto Rico
4756,Corporate,Brooklyn,NY,United States
4757,Corporate,New Orleans,LA,United States
4758,Corporate,Stockbridge,GA,United States
4759,Corporate,Caguas,PR,Puerto Rico
4760,Home Office,Chicago,IL,United States
4761,Consumer,Caguas,PR,Puerto Rico
4762,Consumer,Ypsilanti,MI,United States
4763,Consumer,Martinsburg,WV,United States
4764,Corporate,Caguas,PR,Puerto Rico
4765,Consumer,Milford,CT,United States
4766,Home Office,Caguas,PR,Puerto Rico
4767,Home Office,Washington,PA,United States
4768,Home Office,Caguas,PR,Puerto Rico
4769,Consumer,Bakersfield,CA,United States
4770,Corporate,Caguas,PR,Puerto Rico
4771,Consumer,Martinez,CA,United States
4772,Corporate,Rochester,NY,United States
4773,Corporate,Caguas,PR,Puerto Rico
4774,Corporate,Honolulu,HI,United States
4775,Consumer,Caguas,PR,Puerto Rico
4776,Consumer,Chapel Hill,NC,United States
4777,Corporate,Caguas,PR,Puerto Rico
4778,Consumer,Bridgeton,NJ,United States
4779,Corporate,Caguas,PR,Puerto Rico
4780,Consumer,Honolulu,HI,United States
4781,Consumer,Caguas,PR,Puerto Rico
4782,Consumer,Las Vegas,NV,United States
4783,Consumer,South Richmond Hill,NY,United States
4784,Consumer,Caguas,PR,Puerto Rico
4785,Corporate,Kenner,LA,United States
4786,Consumer,Caguas,PR,Puerto Rico
4787,Consumer,Morristown,NJ,United States
4788,Consumer,Caguas,PR,Puerto Rico
4789,Consumer,Medina,OH,United States
4790,Consumer,Potomac,MD,United States
4791,Consumer,Hialeah,FL,United States
4792,Consumer,Caguas,PR,Puerto Rico
4793,Corporate,Orlando,FL,United States
4794,Consumer,Simi Valley,CA,United States
4795,Consumer,Fargo,ND,United States
4796,Consumer,Caguas,PR,Puerto Rico
4797,Consumer,Pomona,CA,United States
4798,Consumer,Plano,TX,United States
4799,Consumer,Honolulu,HI,United States
4800,Consumer,Caguas,PR,Puerto Rico
4802,Consumer,Caguas,PR,Puerto Rico
4803,Consumer,Los Angeles,CA,United States
4804,Corporate,Jacksonville,FL,United States
4805,Corporate,Caguas,PR,Puerto Rico
4806,Corporate,Ridgewood,NY,United States
4807,Corporate,Mission Viejo,CA,United States
4808,Corporate,Chicago,IL,United States
4809,Corporate,Caguas,PR,Puerto Rico
4810,Corporate,El Paso,TX,United States
4811,Corporate,Hollister,CA,United States
4812,Corporate,Caguas,PR,Puerto Rico
4813,Corporate,Chino,CA,United States
4814,Corporate,Simi Valley,CA,United States
4815,Consumer,Los Angeles,CA,United States
4816,Corporate,Caguas,PR,Puerto Rico
4817,Consumer,Chicago,IL,United States
4818,Corporate,Gardena,CA,United States
4819,Corporate,Caguas,PR,Puerto Rico
4820,Corporate,Annapolis,MD,United States
4821,Corporate,Caguas,PR,Puerto Rico
4822,Corporate,Brooklyn,NY,United States
4823,Corporate,Compton,CA,United States
4824,Corporate,Caguas,PR,Puerto Rico
4825,Corporate,Riverside,CA,United States
4826,Corporate,Houston,TX,United States
4827,Consumer,Caguas,PR,Puerto Rico
4828,Consumer,Des Plaines,IL,United States
4829,Consumer,Sunnyvale,CA,United States
4830,Corporate,Philadelphia,PA,United States
4831,Corporate,Caguas,PR,Puerto Rico
4832,Consumer,Vallejo,CA,United States
4833,Consumer,Caguas,PR,Puerto Rico
4834,Corporate,Detroit,MI,United States
4835,Consumer,Memphis,TN,United States
4836,Consumer,Caguas,PR,Puerto Rico
4837,Consumer,Louisville,KY,United States
4838,Consumer,Caguas,PR,Puerto Rico
4839,Consumer,Milwaukee,WI,United States
4840,Consumer,Irving,TX,United States
4841,Consumer,Caguas,PR,Puerto Rico
4842,Consumer,Pittsburg,CA,United States
4843,Consumer,Glendale,AZ,United States
4844,Home Office,El Centro,CA,United States
4845,Consumer,Caguas,PR,Puerto Rico
4846,Consumer,Buffalo,NY,United States
4847,Home Office,Caguas,PR,Puerto Rico
4848,Consumer,Watsonville,CA,United States
4849,Consumer,Carolina,PR,Puerto Rico
4850,Consumer,Wayne,NJ,United States
4851,Consumer,Caguas,PR,Puerto Rico
4852,Consumer,Highland Park,MI,United States
4853,Consumer,Caguas,PR,Puerto Rico
4854,Consumer,Brooklyn,NY,United States
4855,Consumer,San Jose,CA,United States
4856,Corporate,Woodbridge,VA,United States
4857,Consumer,Caguas,PR,Puerto Rico
4858,Consumer,Del Rio,TX,United States
4859,Corporate,Caguas,PR,Puerto Rico
4860,Corporate,Aurora,CO,United States
4861,Corporate,Caguas,PR,Puerto Rico
4862,Corporate,Chicago,IL,United States
4863,Corporate,Caguas,PR,Puerto Rico
4864,Consumer,Fresno,CA,United States
4865,Corporate,Bridgeton,NJ,United States
4866,Corporate,Escondido,CA,United States
4867,Consumer,Caguas,PR,Puerto Rico
4868,Corporate,Austin,TX,United States
4869,Corporate,Caguas,PR,Puerto Rico
4870,Corporate,Decatur,GA,United States
4871,Corporate,Caguas,PR,Puerto Rico
4872,Consumer,Brooklyn,NY,United States
4873,Consumer,San Diego,CA,United States
4874,Corporate,Seattle,WA,United States
4875,Consumer,Caguas,PR,Puerto Rico
4876,Consumer,Virginia Beach,VA,United States
4877,Consumer,New Brunswick,NJ,United States
4878,Consumer,Caguas,PR,Puerto Rico
4879,Consumer,Beaverton,OR,United States
4880,Consumer,Mission Viejo,CA,United States
4881,Consumer,Caguas,PR,Puerto Rico
4882,Consumer,Detroit,MI,United States
4883,Consumer,Baltimore,MD,United States
4884,Consumer,Caguas,PR,Puerto Rico
4885,Corporate,Oak Lawn,IL,United States
4886,Corporate,Newark,NJ,United States
4887,Corporate,Caguas,PR,Puerto Rico
4888,Corporate,Modesto,CA,United States
4889,Corporate,Caguas,PR,Puerto Rico
4890,Consumer,Chicago,IL,United States
4891,Consumer,Philadelphia,PA,United States
4892,Consumer,Canton,MI,United States
4893,Consumer,Caguas,PR,Puerto Rico
4894,Consumer,Enfield,CT,United States
4895,Consumer,Caguas,PR,Puerto Rico
4896,Consumer,La Puente,CA,United States
4897,Consumer,Bellflower,CA,United States
4898,Corporate,Malden,MA,United States
4899,Consumer,Caguas,PR,Puerto Rico
4900,Consumer,Miami,FL,United States
4901,Consumer,Milford,CT,United States
4902,Corporate,Caguas,PR,Puerto Rico
4903,Home Office,Silver Spring,MD,United States
4904,Home Office,Jersey City,NJ,United States
4905,Home Office,Caguas,PR,Puerto Rico
4906,Home Office,San Jose,CA,United States
4907,Consumer,Caguas,PR,Puerto Rico
4908,Consumer,Fontana,CA,United States
4909,Consumer,Phoenix,AZ,United States
4910,Consumer,Caguas,PR,Puerto Rico
4911,Corporate,Greenville,NC,United States
4912,Corporate,Caguas,PR,Puerto Rico
4913,Corporate,Amarillo,TX,United States
4914,Consumer,Caguas,PR,Puerto Rico
4915,Corporate,Fort Lauderdale,FL,United States
4916,Consumer,Caguas,PR,Puerto Rico
4917,Corporate,Chicago,IL,United States
4918,Consumer,Hickory,NC,United States
4919,Consumer,Opa Locka,FL,United States
4920,Consumer,Caguas,PR,Puerto Rico
4921,Consumer,Hialeah,FL,United States
4922,Consumer,Bronx,NY,United States
4923,Corporate,Aurora,IL,United States
4924,Corporate,Caguas,PR,Puerto Rico
4925,Corporate,Union City,NJ,United States
4926,Corporate,Bronx,NY,United States
4928,Consumer,Moreno Valley,CA,United States
4929,Consumer,Caguas,PR,Puerto Rico
4930,Consumer,Napa,CA,United States
4931,Consumer,Tampa,FL,United States
4932,Consumer,Caguas,PR,Puerto Rico
4933,Home Office,Laredo,TX,United States
4934,Home Office,Caguas,PR,Puerto Rico
4935,Home Office,Orange Park,FL,United States
4936,Home Office,Caguas,PR,Puerto Rico
4937,Consumer,Baldwin Park,CA,United States
4938,Consumer,Jersey City,NJ,United States
4939,Consumer,Caguas,PR,Puerto Rico
4940,Consumer,Brooklyn,NY,United States
4941,Consumer,Chicago,IL,United States
4942,Corporate,Salt Lake City,UT,United States
4943,Consumer,Caguas,PR,Puerto Rico
4944,Consumer,Trujillo Alto,PR,Puerto Rico
4945,Consumer,Brownsville,TX,United States
4946,Consumer,Caguas,PR,Puerto Rico
4947,Consumer,Hialeah,FL,United States
4948,Consumer,Caguas,PR,Puerto Rico
4949,Consumer,Riverside,CA,United States
4950,Consumer,Amarillo,TX,United States
4951,Consumer,Caguas,PR,Puerto Rico
4952,Consumer,Long Beach,CA,United States
4953,Consumer,Caguas,PR,Puerto Rico
4954,Consumer,Houston,TX,United States
4955,Consumer,Caguas,PR,Puerto Rico
4956,Consumer,Austin,TX,United States
4957,Consumer,South Ozone Park,NY,United States
4958,Consumer,Caguas,PR,Puerto Rico
4959,Home Office,Brooklyn,NY,United States
4960,Consumer,Roseburg,OR,United States
4961,Home Office,Opa Locka,FL,United States
4962,Home Office,Caguas,PR,Puerto Rico
4963,Consumer,Brownsville,TX,United States
4964,Consumer,Brooklyn,NY,United States
4965,Consumer,Santa Clara,CA,United States
4966,Consumer,Columbus,OH,United States
4967,Corporate,Caguas,PR,Puerto Rico
4968,Consumer,La Crosse,WI,United States
4969,Consumer,Caguas,PR,Puerto Rico
4970,Consumer,Mission Viejo,CA,United States
4971,Consumer,Caguas,PR,Puerto Rico
4972,Corporate,Aurora,IL,United States
4973,Consumer,Caguas,PR,Puerto Rico
4974,Corporate,Salt Lake City,UT,United States
4975,Consumer,Caguas,PR,Puerto Rico
4976,Consumer,Milford,CT,United States
4977,Consumer,Caguas,PR,Puerto Rico
4978,Corporate,Houston,TX,United States
4979,Home Office,Caguas,PR,Puerto Rico
4980,Corporate,Brooklyn,NY,United States
4981,Home Office,Bronx,NY,United States
4982,Home Office,Union,NJ,United States
4983,Home Office,Caguas,PR,Puerto Rico
4984,Home Office,Philadelphia,PA,United States
4985,Home Office,Caguas,PR,Puerto Rico
4986,Corporate,Santa Ana,CA,United States
4987,Corporate,Caguas,PR,Puerto Rico
4988,Corporate,Washington,DC,United States
4989,Home Office,Caguas,PR,Puerto Rico
4990,Corporate,Yonkers,NY,United States
4991,Corporate,Greensboro,NC,United States
4992,Consumer,Caguas,PR,Puerto Rico
4993,Consumer,Fort Lauderdale,FL,United States
4994,Corporate,Caguas,PR,Puerto Rico
4995,Consumer,Lawrenceville,GA,United States
4996,Consumer,Olathe,KS,United States
4997,Consumer,Valrico,FL,United States
4998,Consumer,Caguas,PR,Puerto Rico
4999,Consumer,San Bernardino,CA,United States
5000,Consumer,San Juan,PR,Puerto Rico
5001,Consumer,Caguas,PR,Puerto Rico
5002,Home Office,Chicago,IL,United States
5003,Consumer,Laguna Niguel,CA,United States
5004,Home Office,Miami,FL,United States
5005,Consumer,Berwyn,IL,United States
5006,Consumer,Painesville,OH,United States
5007,Home Office,Caguas,PR,Puerto Rico
5008,Home Office,Lenoir,NC,United States
5009,Home Office,Caguas,PR,Puerto Rico
5010,Home Office,Cleveland,OH,United States
5011,Consumer,Caguas,PR,Puerto Rico
5012,Consumer,Brooklyn,NY,United States
5013,Consumer,Reynoldsburg,OH,United States
5014,Consumer,Highland Park,MI,United States
5015,Corporate,Caguas,PR,Puerto Rico
5016,Corporate,Oceanside,CA,United States
5017,Corporate,Dallas,TX,United States
5018,Corporate,Colorado Springs,CO,United States
5019,Corporate,Caguas,PR,Puerto Rico
5020,Corporate,Chicago,IL,United States
5021,Consumer,Caguas,PR,Puerto Rico
5022,Consumer,San Jose,CA,United States
5023,Consumer,Caguas,PR,Puerto Rico
5024,Corporate,Flushing,NY,United States
5025,Corporate,Bronx,NY,United States
5026,Home Office,Jonesboro,AR,United States
5027,Consumer,Caguas,PR,Puerto Rico
5028,Corporate,Miami,FL,United States
5029,Corporate,Honolulu,HI,United States
5030,Corporate,Caguas,PR,Puerto Rico
5031,Consumer,San Antonio,TX,United States
5032,Corporate,Caguas,PR,Puerto Rico
5033,Corporate,Canton,MI,United States
5034,Consumer,Caguas,PR,Puerto Rico
5035,Consumer,New York,NY,United States
5036,Consumer,Canyon Country,CA,United States
5037,Consumer,Los Angeles,CA,United States
5038,Consumer,Caguas,PR,Puerto Rico
5039,Consumer,Englewood,CO,United States
5040,Corporate,Caguas,PR,Puerto Rico
5041,Corporate,Massillon,OH,United States
5042,Corporate,Caguas,PR,Puerto Rico
5043,Corporate,Bronx,NY,United States
5044,Corporate,Caguas,PR,Puerto Rico
5045,Corporate,Antioch,TN,United States
5046,Consumer,Astoria,NY,United States
5047,Corporate,Caguas,PR,Puerto Rico
5048,Consumer,Buffalo,NY,United States
5049,Consumer,Caguas,PR,Puerto Rico
5050,Corporate,Huntington Beach,CA,United States
5051,Corporate,Fargo,ND,United States
5052,Home Office,Oregon City,OR,United States
5053,Corporate,Caguas,PR,Puerto Rico
5054,Corporate,Brooklyn,NY,United States
5055,Home Office,Caguas,PR,Puerto Rico
5056,Home Office,San Benito,TX,United States
5057,Corporate,Indianapolis,IN,United States
5058,Corporate,Caguas,PR,Puerto Rico
5059,Corporate,Goose Creek,SC,United States
5060,Corporate,Caguas,PR,Puerto Rico
5061,Home Office,Chicago,IL,United States
5062,Home Office,South El Monte,CA,United States
5063,Home Office,Caguas,PR,Puerto Rico
5064,Home Office,Phoenix,AZ,United States
5065,Home Office,Dearborn,MI,United States
5066,Corporate,Caguas,PR,Puerto Rico
5067,Corporate,Ogden,UT,United States
5068,Corporate,Caguas,PR,Puerto Rico
5069,Corporate,Hialeah,FL,United States
5070,Corporate,Mililani,HI,United States
5071,Corporate,Caguas,PR,Puerto Rico
5072,Corporate,New York,NY,United States
5073,Corporate,Poway,CA,United States
5074,Consumer,Caguas,PR,Puerto Rico
5075,Consumer,Jonesboro,AR,United States
5076,Corporate,Cleveland,OH,United States
5077,Consumer,Caguas,PR,Puerto Rico
5078,Corporate,Philadelphia,PA,United States
5079,Corporate,Caguas,PR,Puerto Rico
5080,Corporate,Houston,TX,United States
5081,Home Office,Oregon City,OR,United States
5082,Corporate,Caguas,PR,Puerto Rico
5083,Corporate,Bronx,NY,United States
5084,Corporate,Irwin,PA,United States
5085,Home Office,Caguas,PR,Puerto Rico
5086,Home Office,San Sebastian,PR,Puerto Rico
5087,Corporate,Caguas,PR,Puerto Rico
5088,Corporate,Oceanside,CA,United States
5089,Consumer,Caguas,PR,Puerto Rico
5090,Consumer,Carlsbad,CA,United States
5091,Consumer,Caguas,PR,Puerto Rico
5092,Consumer,Chicago,IL,United States
5093,Consumer,Caguas,PR,Puerto Rico
5094,Corporate,New York,NY,United States
5095,Corporate,Doylestown,PA,United States
5096,Corporate,Caguas,PR,Puerto Rico
5097,Corporate,Martinez,CA,United States
5098,Corporate,Caguas,PR,Puerto Rico
5099,Corporate,Aurora,IL,United States
5100,Corporate,Encinitas,CA,United States
5101,Consumer,Caguas,PR,Puerto Rico
5102,Consumer,Fort Lauderdale,FL,United States
5103,Consumer,Simi Valley,CA,United States
5104,Corporate,West New York,NJ,United States
5105,Consumer,Alhambra,CA,United States
5106,Home Office,Atlanta,GA,United States
5107,Consumer,Corona,CA,United States
5108,Consumer,Caguas,PR,Puerto Rico
5109,Home Office,San Jose,CA,United States
5110,Home Office,Caguas,PR,Puerto Rico
5111,Home Office,Brooklyn,NY,United States
5112,Corporate,Roseburg,OR,United States
5113,Consumer,Caguas,PR,Puerto Rico
5114,Consumer,San Antonio,TX,United States
5115,Consumer,Caguas,PR,Puerto Rico
5116,Consumer,Brockton,MA,United States
5117,Consumer,Honolulu,HI,United States
5118,Consumer,Caguas,PR,Puerto Rico
5119,Consumer,San Diego,CA,United States
5120,Consumer,Caguas,PR,Puerto Rico
5121,Consumer,Antioch,CA,United States
5122,Consumer,Bayonne,NJ,United States
5123,Consumer,Phoenix,AZ,United States
5124,Consumer,Los Angeles,CA,United States
5125,Consumer,Caguas,PR,Puerto Rico
5126,Consumer,Wheeling,WV,United States
5127,Consumer,Tempe,AZ,United States
5128,Home Office,Caguas,PR,Puerto Rico
5129,Home Office,Houston,TX,United States
5130,Home Office,Morganton,NC,United States
5131,Home Office,Santee,CA,United States
5132,Consumer,Caguas,PR,Puerto Rico
5133,Corporate,Jacksonville,NC,United States
5134,Corporate,Caguas,PR,Puerto Rico
5135,Consumer,Tempe,AZ,United States
5136,Consumer,Caguas,PR,Puerto Rico
5137,Consumer,Riverside,CA,United States
5138,Corporate,Ventura,CA,United States
5139,Consumer,Greenville,NC,United States
5140,Home Office,Morristown,NJ,United States
5141,Consumer,Caguas,PR,Puerto Rico
5142,Consumer,Annapolis,MD,United States
5143,Consumer,Caguas,PR,Puerto Rico
5144,Consumer,Miami,FL,United States
5145,Consumer,Caguas,PR,Puerto Rico
5146,Consumer,Santa Ana,CA,United States
5147,Consumer,Caguas,PR,Puerto Rico
5148,Corporate,Findlay,OH,United States
5149,Corporate,Caguas,PR,Puerto Rico
5150,Home Office,Raleigh,NC,United States
5151,Consumer,Caguas,PR,Puerto Rico
5152,Consumer,El Monte,CA,United States
5153,Consumer,Philadelphia,PA,United States
5154,Consumer,Englewood,CO,United States
5155,Corporate,Caguas,PR,Puerto Rico
5156,Corporate,Troy,MI,United States
5157,Corporate,Caguas,PR,Puerto Rico
5158,Consumer,Bronx,NY,United States
5159,Consumer,Fort Lauderdale,FL,United States
5160,Consumer,Caguas,PR,Puerto Rico
5161,Consumer,Mission Viejo,CA,United States
5162,Home Office,Caguas,PR,Puerto Rico
5163,Consumer,Palatine,IL,United States
5164,Home Office,Metairie,LA,United States
5165,Corporate,Caguas,PR,Puerto Rico
5166,Corporate,Kenner,LA,United States
5167,Consumer,Caguas,PR,Puerto Rico
5168,Consumer,Fort Worth,TX,United States
5169,Consumer,Caguas,PR,Puerto Rico
5170,Consumer,Lynwood,CA,United States
5171,Consumer,Saint Louis,MO,United States
5172,Consumer,Caguas,PR,Puerto Rico
5173,Home Office,Corona,CA,United States
5174,Consumer,Caguas,PR,Puerto Rico
5175,Corporate,Huntington Park,CA,United States
5176,Consumer,Hayward,CA,United States
5177,Home Office,Encinitas,CA,United States
5178,Consumer,Caguas,PR,Puerto Rico
5179,Consumer,Irwin,PA,United States
5180,Corporate,Caguas,PR,Puerto Rico
5181,Corporate,Broken Arrow,OK,United States
5182,Corporate,Caguas,PR,Puerto Rico
5183,Corporate,Laredo,TX,United States
5184,Corporate,Caguas,PR,Puerto Rico
5185,Corporate,Baltimore,MD,United States
5186,Corporate,Alhambra,CA,United States
5187,Home Office,Caguas,PR,Puerto Rico
5188,Home Office,Toa Baja,PR,Puerto Rico
5189,Home Office,Philadelphia,PA,United States
5190,Home Office,Middletown,CT,United States
5191,Home Office,Caguas,PR,Puerto Rico
5192,Home Office,Irvington,NJ,United States
5193,Consumer,Caguas,PR,Puerto Rico
5194,Consumer,Chandler,AZ,United States
5195,Consumer,Bayonne,NJ,United States
5196,Consumer,South San Francisco,CA,United States
5197,Home Office,Caguas,PR,Puerto Rico
5198,Corporate,Warren,MI,United States
5199,Consumer,Caguas,PR,Puerto Rico
5200,Corporate,Hyattsville,MD,United States
5201,Corporate,Caguas,PR,Puerto Rico
5202,Corporate,Victorville,CA,United States
5203,Corporate,Lockport,IL,United States
5204,Corporate,Caguas,PR,Puerto Rico
5205,Corporate,Detroit,MI,United States
5206,Consumer,San Diego,CA,United States
5207,Corporate,Caguas,PR,Puerto Rico
5208,Corporate,Bronx,NY,United States
5209,Consumer,Detroit,MI,United States
5210,Corporate,San Jose,CA,United States
5211,Corporate,New Brunswick,NJ,United States
5212,Corporate,Caguas,PR,Puerto Rico
5213,Corporate,South Gate,CA,United States
5214,Corporate,New York,NY,United States
5215,Home Office,Cypress,CA,United States
5216,Corporate,Caguas,PR,Puerto Rico
5217,Home Office,Livermore,CA,United States
5218,Consumer,Costa Mesa,CA,United States
5219,Corporate,Fort Lauderdale,FL,United States
5220,Corporate,Caguas,PR,Puerto Rico
5221,Corporate,Ballwin,MO,United States
5222,Corporate,Saint Louis,MO,United States
5223,Corporate,Rowland Heights,CA,United States
5224,Consumer,Caguas,PR,Puerto Rico
5225,Consumer,Peabody,MA,United States
5226,Corporate,Caguas,PR,Puerto Rico
5227,Consumer,New Castle,DE,United States
5228,Consumer,Moline,IL,United States
5229,Corporate,Caguas,PR,Puerto Rico
5230,Consumer,Santa Ana,CA,United States
5231,Consumer,Oregon City,OR,United States
5232,Consumer,Caguas,PR,Puerto Rico
5233,Consumer,Houston,TX,United States
5234,Consumer,Caguas,PR,Puerto Rico
5235,Consumer,East Brunswick,NJ,United States
5236,Consumer,Caguas,PR,Puerto Rico
5237,Consumer,Rowland Heights,CA,United States
5238,Consumer,Caguas,PR,Puerto Rico
5239,Consumer,San Diego,CA,United States
5241,Consumer,Germantown,MD,United States
5242,Consumer,Philadelphia,PA,United States
5243,Consumer,Caguas,PR,Puerto Rico
5244,Corporate,Bronx,NY,United States
5245,Consumer,Elyria,OH,United States
5246,Consumer,Tempe,AZ,United States
5247,Consumer,Caguas,PR,Puerto Rico
5248,Consumer,Far Rockaway,NY,United States
5249,Consumer,Sacramento,CA,United States
5250,Consumer,Caguas,PR,Puerto Rico
5251,Consumer,Bayamon,PR,Puerto Rico
5252,Consumer,Caguas,PR,Puerto Rico
5253,Consumer,Chandler,AZ,United States
5254,Consumer,Beloit,WI,United States
5255,Home Office,Virginia Beach,VA,United States
5256,Home Office,Caguas,PR,Puerto Rico
5257,Consumer,College Station,TX,United States
5258,Consumer,Caguas,PR,Puerto Rico
5259,Corporate,Houston,TX,United States
5260,Consumer,Caguas,PR,Puerto Rico
5261,Consumer,Manati,PR,Puerto Rico
5262,Corporate,Caguas,PR,Puerto Rico
5263,Corporate,San Jose,CA,United States
5264,Home Office,Caguas,PR,Puerto Rico
5265,Consumer,Los Angeles,CA,United States
5266,Corporate,Brooklyn,NY,United States
5267,Corporate,Brooklyn,NY,United States
5268,Consumer,Tonawanda,NY,United States
5269,Consumer,Caguas,PR,Puerto Rico
5270,Corporate,Chicago,IL,United States
5271,Corporate,North Hills,CA,United States
5272,Consumer,Las Vegas,NV,United States
5274,Consumer,Caguas,PR,Puerto Rico
5275,Consumer,Trujillo Alto,PR,Puerto Rico
5276,Consumer,Chillicothe,OH,United States
5277,Consumer,Caguas,PR,Puerto Rico
5278,Corporate,Westminster,CA,United States
5279,Consumer,Fayetteville,NC,United States
5280,Consumer,Caguas,PR,Puerto Rico
5281,Home Office,Chicago,IL,United States
5282,Corporate,Lawrenceville,GA,United States
5283,Consumer,Escondido,CA,United States
5284,Consumer,Caguas,PR,Puerto Rico
5285,Consumer,Clearfield,UT,United States
5286,Consumer,Caguas,PR,Puerto Rico
5287,Consumer,Bronx,NY,United States
5288,Consumer,Caguas,PR,Puerto Rico
5289,Consumer,Bismarck,ND,United States
5290,Consumer,Caguas,PR,Puerto Rico
5291,Consumer,Brooklyn,NY,United States
5292,Consumer,Caguas,PR,Puerto Rico
5293,Consumer,Sacramento,CA,United States
5294,Consumer,Ballwin,MO,United States
5295,Corporate,Bountiful,UT,United States
5296,Corporate,Caguas,PR,Puerto Rico
5297,Consumer,San Diego,CA,United States
5298,Consumer,New York,NY,United States
5299,Consumer,Caguas,PR,Puerto Rico
5300,Consumer,Orlando,FL,United States
5301,Consumer,Caguas,PR,Puerto Rico
5302,Consumer,Medford,MA,United States
5303,Corporate,Carrollton,TX,United States
5304,Home Office,Caguas,PR,Puerto Rico
5305,Home Office,Corona,CA,United States
5306,Home Office,Caguas,PR,Puerto Rico
5307,Home Office,New Braunfels,TX,United States
5308,Home Office,Caguas,PR,Puerto Rico
5309,Home Office,Smyrna,GA,United States
5310,Corporate,Caguas,PR,Puerto Rico
5311,Corporate,Brighton,MA,United States
5312,Home Office,Caguas,PR,Puerto Rico
5313,Home Office,Las Vegas,NV,United States
5314,Consumer,Everett,WA,United States
5315,Home Office,Caguas,PR,Puerto Rico
5316,Corporate,Chesapeake,VA,United States
5317,Corporate,Caguas,PR,Puerto Rico
5318,Home Office,Cleveland,OH,United States
5319,Consumer,Caguas,PR,Puerto Rico
5320,Consumer,Stockton,CA,United States
5321,Corporate,Caguas,PR,Puerto Rico
5322,Corporate,New York,NY,United States
5323,Corporate,Antioch,TN,United States
5324,Consumer,Houston,TX,United States
5325,Consumer,Caguas,PR,Puerto Rico
5326,Consumer,Los Angeles,CA,United States
5327,Corporate,Raleigh,NC,United States
5328,Consumer,Caguas,PR,Puerto Rico
5329,Consumer,Long Beach,CA,United States
5330,Consumer,Atlanta,GA,United States
5331,Consumer,Bakersfield,CA,United States
5332,Corporate,Caguas,PR,Puerto Rico
5333,Corporate,Brooklyn,NY,United States
5334,Corporate,Richmond,KY,United States
5335,Corporate,Caguas,PR,Puerto Rico
5336,Corporate,Lutz,FL,United States
5337,Home Office,Caguas,PR,Puerto Rico
5338,Home Office,Newark,NJ,United States
5339,Consumer,Caguas,PR,Puerto Rico
5340,Home Office,Hawthorne,CA,United States
5341,Home Office,Brooklyn,NY,United States
5342,Home Office,San Jose,CA,United States
5343,Home Office,Oak Lawn,IL,United States
5344,Home Office,Caguas,PR,Puerto Rico
5345,Home Office,Newburgh,NY,United States
5346,Corporate,Caguas,PR,Puerto Rico
5347,Consumer,Woodbridge,VA,United States
5348,Corporate,Los Angeles,CA,United States
5349,Home Office,Caguas,PR,Puerto Rico
5350,Home Office,Compton,CA,United States
5351,Home Office,Cleveland,OH,United States
5352,Home Office,Caguas,PR,Puerto Rico
5353,Home Office,Amarillo,TX,United States
5354,Home Office,Caguas,PR,Puerto Rico
5355,Consumer,Charlotte,NC,United States
5356,Corporate,Reynoldsburg,OH,United States
5357,Consumer,Caguas,PR,Puerto Rico
5358,Consumer,Pacoima,CA,United States
5359,Consumer,Annapolis,MD,United States
5360,Consumer,Asheboro,NC,United States
5361,Consumer,Caguas,PR,Puerto Rico
5362,Corporate,Milford,CT,United States
5363,Consumer,Jackson,MI,United States
5364,Consumer,Caguas,PR,Puerto Rico
5365,Consumer,Miami,FL,United States
5366,Home Office,San Diego,CA,United States
5367,Home Office,Caguas,PR,Puerto Rico
5368,Home Office,Brooklyn,NY,United States
5369,Consumer,North Richland Hills,TX,United States
5370,Consumer,San Diego,CA,United States
5371,Corporate,Caguas,PR,Puerto Rico
5372,Home Office,Augusta,GA,United States
5373,Corporate,Houston,TX,United States
5374,Corporate,Caguas,PR,Puerto Rico
5375,Corporate,Los Angeles,CA,United States
5376,Home Office,Caguas,PR,Puerto Rico
5377,Consumer,Middletown,OH,United States
5378,Consumer,Caguas,PR,Puerto Rico
5379,Consumer,Virginia Beach,VA,United States
5380,Consumer,Caguas,PR,Puerto Rico
5381,Home Office,Los Angeles,CA,United States
5382,Home Office,Caguas,PR,Puerto Rico
5383,Consumer,Staten Island,NY,United States
5384,Corporate,Houston,TX,United States
5385,Corporate,Caguas,PR,Puerto Rico
5386,Corporate,Chesapeake,VA,United States
5387,Corporate,Caguas,PR,Puerto Rico
5388,Corporate,Hendersonville,TN,United States
5389,Corporate,Caguas,PR,Puerto Rico
5390,Corporate,Allentown,PA,United States
5391,Home Office,Roswell,GA,United States
5392,Home Office,Caguas,PR,Puerto Rico
5393,Home Office,Wilmington,CA,United States
5395,Home Office,San Antonio,TX,United States
5396,Home Office,Caguas,PR,Puerto Rico
5397,Home Office,Baltimore,MD,United States
5398,Consumer,Jersey City,NJ,United States
5399,Consumer,Caguas,PR,Puerto Rico
5400,Corporate,Enfield,CT,United States
5401,Consumer,Caguas,PR,Puerto Rico
5402,Consumer,Fort Lauderdale,FL,United States
5403,Consumer,Columbus,OH,United States
5404,Consumer,Caguas,PR,Puerto Rico
5405,Consumer,Chicago,IL,United States
5406,Home Office,Algonquin,IL,United States
5407,Home Office,Caguas,PR,Puerto Rico
5408,Consumer,Fremont,CA,United States
5409,Consumer,Caguas,PR,Puerto Rico
5410,Consumer,Pittsburg,CA,United States
5411,Consumer,Aurora,CO,United States
5412,Home Office,Caguas,PR,Puerto Rico
5413,Home Office,Chicago,IL,United States
5414,Corporate,Caguas,PR,Puerto Rico
5415,Home Office,Yuma,AZ,United States
5416,Home Office,Medford,MA,United States
5417,Home Office,Caguas,PR,Puerto Rico
5418,Consumer,Marietta,GA,United States
5419,Corporate,Caguas,PR,Puerto Rico
5420,Corporate,Muskegon,MI,United States
5421,Consumer,Caguas,PR,Puerto Rico
5422,Consumer,Hollywood,FL,United States
5423,Consumer,Caguas,PR,Puerto Rico
5424,Home Office,Vista,CA,United States
5425,Home Office,Caguas,PR,Puerto Rico
5426,Home Office,Antioch,CA,United States
5427,Home Office,Ann Arbor,MI,United States
5428,Corporate,La Crosse,WI,United States
5429,Corporate,Jackson,MI,United States
5430,Corporate,Caguas,PR,Puerto Rico
5431,Corporate,Oceanside,CA,United States
5432,Corporate,Baltimore,MD,United States
5433,Corporate,Columbus,OH,United States
5434,Corporate,Caguas,PR,Puerto Rico
5435,Corporate,Lawrenceville,GA,United States
5436,Home Office,Caguas,PR,Puerto Rico
5437,Home Office,San Pablo,CA,United States
5438,Home Office,Caguas,PR,Puerto Rico
5439,Corporate,Bronx,NY,United States
5440,Consumer,Ontario,CA,United States
5441,Consumer,Caguas,PR,Puerto Rico
5442,Home Office,Chicago,IL,United States
5443,Consumer,Greeley,CO,United States
5444,Consumer,Caguas,PR,Puerto Rico
5445,Consumer,Hilliard,OH,United States
5446,Corporate,Douglasville,GA,United States
5447,Home Office,Caguas,PR,Puerto Rico
5448,Home Office,Miami,FL,United States
5449,Home Office,Houston,TX,United States
5450,Home Office,Caguas,PR,Puerto Rico
5451,Home Office,Chicago,IL,United States
5452,Home Office,Santa Cruz,CA,United States
5453,Consumer,Caguas,PR,Puerto Rico
5454,Home Office,Ogden,UT,United States
5455,Home Office,San Sebastian,PR,Puerto Rico
5456,Home Office,Caguas,PR,Puerto Rico
5457,Consumer,Mesa,AZ,United States
5458,Consumer,Florissant,MO,United States
5459,Consumer,Caguas,PR,Puerto Rico
5460,Home Office,Houston,TX,United States
5461,Consumer,Caguas,PR,Puerto Rico
5462,Consumer,Brooklyn,NY,United States
5463,Corporate,Fond Du Lac,WI,United States
5464,Consumer,Caguas,PR,Puerto Rico
5465,Corporate,Alameda,CA,United States
5466,Corporate,Caguas,PR,Puerto Rico
5467,Corporate,Apopka,FL,United States
5468,Corporate,Caguas,PR,Puerto Rico
5469,Consumer,Far Rockaway,NY,United States
5470,Consumer,Caguas,PR,Puerto Rico
5471,Corporate,Tempe,AZ,United States
5472,Consumer,Brighton,MA,United States
5473,Consumer,Caguas,PR,Puerto Rico
5474,Consumer,Fond Du Lac,WI,United States
5475,Corporate,Caguas,PR,Puerto Rico
5476,Corporate,Aurora,CO,United States
5477,Consumer,Caguas,PR,Puerto Rico
5478,Consumer,Temecula,CA,United States
5479,Consumer,Columbia,SC,United States
5480,Consumer,Caguas,PR,Puerto Rico
5481,Consumer,Scottsdale,AZ,United States
5482,Home Office,Caguas,PR,Puerto Rico
5483,Consumer,Murfreesboro,TN,United States
5484,Home Office,Caguas,PR,Puerto Rico
5485,Consumer,Corona,CA,United States
5486,Home Office,Caguas,PR,Puerto Rico
5487,Consumer,Chicago,IL,United States
5488,Corporate,Ontario,CA,United States
5489,Consumer,Caguas,PR,Puerto Rico
5490,Consumer,Bronx,NY,United States
5491,Home Office,Caguas,PR,Puerto Rico
5492,Consumer,Bronx,NY,United States
5493,Home Office,Jersey City,NJ,United States
5494,Consumer,Oceanside,CA,United States
5495,Home Office,Caguas,PR,Puerto Rico
5496,Home Office,Kent,WA,United States
5497,Corporate,San Diego,CA,United States
5498,Corporate,Caguas,PR,Puerto Rico
5499,Consumer,Paramount,CA,United States
5501,Consumer,Caguas,PR,Puerto Rico
5502,Consumer,Brooklyn,NY,United States
5503,Consumer,Escondido,CA,United States
5504,Consumer,Caguas,PR,Puerto Rico
5505,Consumer,North Tonawanda,NY,United States
5506,Consumer,Caguas,PR,Puerto Rico
5507,Corporate,Chambersburg,PA,United States
5508,Corporate,Caguas,PR,Puerto Rico
5509,Corporate,Decatur,GA,United States
5510,Corporate,Caguas,PR,Puerto Rico
5511,Corporate,Detroit,MI,United States
5512,Corporate,Endicott,NY,United States
5513,Corporate,Caguas,PR,Puerto Rico
5514,Consumer,Des Plaines,IL,United States
5515,Home Office,Cincinnati,OH,United States
5516,Home Office,Caguas,PR,Puerto Rico
5517,Home Office,Bloomfield,NJ,United States
5518,Consumer,Princeton,NJ,United States
5519,Corporate,Caguas,PR,Puerto Rico
5520,Corporate,Bellflower,CA,United States
5521,Home Office,West Chester,PA,United States
5522,Consumer,Caguas,PR,Puerto Rico
5523,Corporate,Brooklyn,NY,United States
5524,Corporate,Brooklyn,NY,United States
5525,Corporate,Knoxville,TN,United States
5526,Corporate,Caguas,PR,Puerto Rico
5527,Corporate,Sacramento,CA,United States
5528,Corporate,Fresno,CA,United States
5529,Consumer,Hilliard,OH,United States
5530,Corporate,Caguas,PR,Puerto Rico
5531,Corporate,Chicago,IL,United States
5532,Home Office,Rowland Heights,CA,United States
5533,Consumer,Caguas,PR,Puerto Rico
5534,Corporate,South El Monte,CA,United States
5535,Corporate,Caguas,PR,Puerto Rico
5536,Corporate,Alhambra,CA,United States
5537,Consumer,Caguas,PR,Puerto Rico
5538,Corporate,Livermore,CA,United States
5539,Consumer,Ontario,CA,United States
5540,Corporate,Caguas,PR,Puerto Rico
5541,Home Office,Houston,TX,United States
5542,Consumer,Caguas,PR,Puerto Rico
5543,Corporate,Far Rockaway,NY,United States
5544,Corporate,Tustin,CA,United States
5546,Corporate,Caguas,PR,Puerto Rico
5547,Corporate,Bountiful,UT,United States
5548,Corporate,Caguas,PR,Puerto Rico
5549,Corporate,Brooklyn,NY,United States
5550,Corporate,Weslaco,TX,United States
5551,Home Office,Caguas,PR,Puerto Rico
5552,Consumer,Reynoldsburg,OH,United States
5553,Consumer,Caguas,PR,Puerto Rico
5554,Consumer,Rio Rancho,NM,United States
5555,Consumer,Joliet,IL,United States
5556,Consumer,Caguas,PR,Puerto Rico
5557,Home Office,Lake Forest,CA,United States
5558,Corporate,Kaneohe,HI,United States
5559,Corporate,Crystal Lake,IL,United States
5560,Corporate,Caguas,PR,Puerto Rico
5561,Corporate,Martinsburg,WV,United States
5562,Corporate,Caguas,PR,Puerto Rico
5563,Corporate,West Chester,PA,United States
5564,Home Office,Caguas,PR,Puerto Rico
5565,Consumer,Carolina,PR,Puerto Rico
5566,Consumer,Caguas,PR,Puerto Rico
5567,Consumer,New York,NY,United States
5568,Home Office,Caguas,PR,Puerto Rico
5569,Home Office,Davis,CA,United States
5570,Corporate,Mission Viejo,CA,United States
5571,Corporate,Caguas,PR,Puerto Rico
5572,Corporate,San Jose,CA,United States
5573,Corporate,Cleveland,OH,United States
5574,Consumer,Caguas,PR,Puerto Rico
5575,Home Office,Elk Grove,CA,United States
5576,Home Office,Caguas,PR,Puerto Rico
5577,Home Office,Modesto,CA,United States
5578,Home Office,Caguas,PR,Puerto Rico
5579,Home Office,Elgin,IL,United States
5580,Home Office,Moreno Valley,CA,United States
5581,Corporate,Caguas,PR,Puerto Rico
5582,Corporate,Chicago,IL,United States
5583,Consumer,Caguas,PR,Puerto Rico
5584,Consumer,New York,NY,United States
5585,Consumer,Moreno Valley,CA,United States
5586,Consumer,Caguas,PR,Puerto Rico
5587,Consumer,Bayamon,PR,Puerto Rico
5588,Consumer,Santa Ana,CA,United States
5589,Consumer,Loveland,OH,United States
5590,Home Office,Caguas,PR,Puerto Rico
5591,Home Office,Hollywood,FL,United States
5592,Home Office,Caguas,PR,Puerto Rico
5593,Home Office,Washington,DC,United States
5594,Home Office,Caguas,PR,Puerto Rico
5595,Corporate,Spring Valley,CA,United States
5596,Corporate,Caguas,PR,Puerto Rico
5597,Corporate,Olathe,KS,United States
5598,Corporate,Houston,TX,United States
5599,Corporate,Levittown,NY,United States
5600,Corporate,Caguas,PR,Puerto Rico
5601,Corporate,Sacramento,CA,United States
5602,Corporate,Caguas,PR,Puerto Rico
5603,Corporate,Charlotte,NC,United States
5604,Consumer,Highland Park,MI,United States
5605,Consumer,Caguas,PR,Puerto Rico
5606,Consumer,New York,NY,United States
5607,Consumer,Caguas,PR,Puerto Rico
5608,Consumer,New York,NY,United States
5609,Consumer,Morristown,NJ,United States
5610,Consumer,Caguas,PR,Puerto Rico
5611,Consumer,Virginia Beach,VA,United States
5612,Corporate,Caguas,PR,Puerto Rico
5613,Corporate,Chicago,IL,United States
5614,Corporate,Aurora,IL,United States
5615,Corporate,Caguas,PR,Puerto Rico
5616,Consumer,Oxnard,CA,United States
5617,Consumer,Huntington Station,NY,United States
5618,Corporate,Caguas,PR,Puerto Rico
5619,Corporate,Potomac,MD,United States
5620,Consumer,Caguas,PR,Puerto Rico
5621,Consumer,Virginia Beach,VA,United States
5622,Home Office,Caguas,PR,Puerto Rico
5623,Consumer,Columbus,OH,United States
5624,Consumer,Caguas,PR,Puerto Rico
5625,Consumer,Goleta,CA,United States
5626,Consumer,Caguas,PR,Puerto Rico
5627,Consumer,Jacksonville,FL,United States
5628,Corporate,Caguas,PR,Puerto Rico
5629,Corporate,Glendale,AZ,United States
5630,Corporate,Caguas,PR,Puerto Rico
5631,Corporate,Los Angeles,CA,United States
5632,Home Office,Union,NJ,United States
5633,Home Office,Caguas,PR,Puerto Rico
5634,Home Office,Lynn,MA,United States
5635,Corporate,Caguas,PR,Puerto Rico
5636,Corporate,Columbus,GA,United States
5637,Corporate,New Orleans,LA,United States
5638,Corporate,Caguas,PR,Puerto Rico
5639,Corporate,Tampa,FL,United States
5640,Consumer,Cumberland,MD,United States
5641,Consumer,Caguas,PR,Puerto Rico
5642,Consumer,Columbia,TN,United States
5643,Consumer,Silver Spring,MD,United States
5644,Consumer,Caguas,PR,Puerto Rico
5645,Consumer,Oxnard,CA,United States
5646,Consumer,Jamaica,NY,United States
5647,Corporate,Caguas,PR,Puerto Rico
5648,Corporate,Memphis,TN,United States
5649,Consumer,Caguas,PR,Puerto Rico
5650,Consumer,Brooklyn,NY,United States
5651,Consumer,West Chester,PA,United States
5652,Home Office,Bend,OR,United States
5653,Home Office,Lancaster,SC,United States
5654,Home Office,Caguas,PR,Puerto Rico
5655,Home Office,Los Angeles,CA,United States
5656,Consumer,Caguas,PR,Puerto Rico
5657,Consumer,Lakewood,OH,United States
5658,Consumer,Harlingen,TX,United States
5659,Consumer,Sheboygan,WI,United States
5660,Corporate,Caguas,PR,Puerto Rico
5661,Consumer,Indio,CA,United States
5662,Consumer,Scottsdale,AZ,United States
5663,Consumer,Caguas,PR,Puerto Rico
5664,Consumer,South Gate,CA,United States
5665,Consumer,Virginia Beach,VA,United States
5666,Consumer,Caguas,PR,Puerto Rico
5667,Consumer,Ewa Beach,HI,United States
5668,Consumer,Caguas,PR,Puerto Rico
5669,Consumer,Cerritos,CA,United States
5670,Consumer,Caguas,PR,Puerto Rico
5671,Consumer,Philadelphia,PA,United States
5672,Home Office,Chandler,AZ,United States
5673,Corporate,Roswell,NM,United States
5674,Corporate,Ewa Beach,HI,United States
5675,Consumer,Caguas,PR,Puerto Rico
5676,Consumer,Chicago,IL,United States
5677,Consumer,Caguas,PR,Puerto Rico
5678,Consumer,Palmdale,CA,United States
5679,Home Office,Plymouth,MA,United States
5680,Home Office,Pomona,CA,United States
5681,Home Office,Caguas,PR,Puerto Rico
5682,Home Office,Redmond,WA,United States
5683,Home Office,Cleveland,OH,United States
5684,Home Office,Caguas,PR,Puerto Rico
5685,Corporate,Brooklyn,NY,United States
5686,Consumer,Rochester,NY,United States
5687,Consumer,Fort Lauderdale,FL,United States
5688,Corporate,Caguas,PR,Puerto Rico
5689,Corporate,El Cajon,CA,United States
5690,Corporate,Caguas,PR,Puerto Rico
5691,Corporate,Humacao,PR,Puerto Rico
5692,Corporate,Caguas,PR,Puerto Rico
5693,Consumer,Lockport,IL,United States
5694,Corporate,Cary,NC,United States
5695,Corporate,Caguas,PR,Puerto Rico
5696,Corporate,Philadelphia,PA,United States
5697,Corporate,Caguas,PR,Puerto Rico
5698,Corporate,Fremont,CA,United States
5699,Corporate,Sunnyvale,CA,United States
5700,Corporate,Sacramento,CA,United States
5701,Home Office,Caguas,PR,Puerto Rico
5702,Consumer,Tucson,AZ,United States
5703,Consumer,Caguas,PR,Puerto Rico
5704,Corporate,Medford,MA,United States
5705,Home Office,Brandon,FL,United States
5706,Corporate,Caguas,PR,Puerto Rico
5707,Consumer,Hamilton,OH,United States
5708,Home Office,Los Angeles,CA,United States
5709,Consumer,Strongsville,OH,United States
5710,Corporate,Caguas,PR,Puerto Rico
5711,Consumer,Chambersburg,PA,United States
5712,Consumer,Chandler,AZ,United States
5713,Consumer,Caguas,PR,Puerto Rico
5714,Corporate,Los Angeles,CA,United States
5715,Corporate,Caguas,PR,Puerto Rico
5716,Corporate,Longview,WA,United States
5717,Consumer,Bakersfield,CA,United States
5718,Consumer,Caguas,PR,Puerto Rico
5719,Consumer,Virginia Beach,VA,United States
5720,Consumer,Caguas,PR,Puerto Rico
5721,Consumer,Westland,MI,United States
5722,Corporate,Caguas,PR,Puerto Rico
5723,Consumer,Enfield,CT,United States
5724,Consumer,Caguas,PR,Puerto Rico
5725,Consumer,Brooklyn,NY,United States
5726,Consumer,North Hills,CA,United States
5727,Corporate,Cleveland,OH,United States
5728,Home Office,Caguas,PR,Puerto Rico
5729,Home Office,Mission,TX,United States
5730,Home Office,Doylestown,PA,United States
5731,Home Office,Caguas,PR,Puerto Rico
5732,Corporate,Frankfort,KY,United States
5733,Corporate,Caguas,PR,Puerto Rico
5734,Corporate,Fort Lauderdale,FL,United States
5735,Consumer,Caguas,PR,Puerto Rico
5736,Consumer,Los Angeles,CA,United States
5737,Home Office,Caguas,PR,Puerto Rico
5738,Consumer,Baltimore,MD,United States
5739,Consumer,East Lansing,MI,United States
5740,Corporate,Caguas,PR,Puerto Rico
5741,Corporate,Los Angeles,CA,United States
5742,Home Office,Bend,OR,United States
5743,Home Office,Caguas,PR,Puerto Rico
5744,Corporate,Corona,NY,United States
5745,Corporate,Ridgewood,NY,United States
5746,Home Office,Yonkers,NY,United States
5747,Home Office,San Benito,TX,United States
5748,Home Office,Caguas,PR,Puerto Rico
5749,Consumer,Houston,TX,United States
5750,Consumer,Webster,NY,United States
5751,Consumer,Caguas,PR,Puerto Rico
5752,Consumer,Albuquerque,NM,United States
5753,Consumer,Caguas,PR,Puerto Rico
5754,Consumer,San Antonio,TX,United States
5755,Consumer,Chicago,IL,United States
5756,Consumer,Charlotte,NC,United States
5757,Consumer,Caguas,PR,Puerto Rico
5758,Consumer,Huntington Beach,CA,United States
5759,Corporate,Caguas,PR,Puerto Rico
5760,Consumer,Pompano Beach,FL,United States
5761,Consumer,Caguas,PR,Puerto Rico
5762,Home Office,Trujillo Alto,PR,Puerto Rico
5763,Home Office,Clovis,CA,United States
5764,Home Office,Caguas,PR,Puerto Rico
5765,Home Office,Painesville,OH,United States
5766,Home Office,Caguas,PR,Puerto Rico
5767,Consumer,Los Angeles,CA,United States
5768,Consumer,Caguas,PR,Puerto Rico
5769,Consumer,Mcallen,TX,United States
5770,Consumer,Clovis,CA,United States
5771,Consumer,Caguas,PR,Puerto Rico
5772,Consumer,Hampton,VA,United States
5773,Consumer,Jacksonville,FL,United States
5774,Corporate,Caguas,PR,Puerto Rico
5775,Home Office,Los Angeles,CA,United States
5776,Home Office,Strongsville,OH,United States
5777,Consumer,Caguas,PR,Puerto Rico
5778,Consumer,Eagle Pass,TX,United States
5779,Consumer,Caguas,PR,Puerto Rico
5780,Consumer,Bronx,NY,United States
5781,Consumer,Los Angeles,CA,United States
5782,Consumer,Caguas,PR,Puerto Rico
5783,Consumer,Indianapolis,IN,United States
5784,Home Office,Antioch,TN,United States
5785,Home Office,Caguas,PR,Puerto Rico
5786,Home Office,Sumner,WA,United States
5787,Home Office,Caguas,PR,Puerto Rico
5788,Home Office,Indio,CA,United States
5789,Consumer,Caguas,PR,Puerto Rico
5790,Corporate,Fremont,CA,United States
5791,Consumer,Elk Grove,CA,United States
5792,Consumer,Saint Louis,MO,United States
5793,Consumer,Caguas,PR,Puerto Rico
5794,Consumer,Philadelphia,PA,United States
5795,Home Office,Caguas,PR,Puerto Rico
5796,Home Office,Las Vegas,NV,United States
5797,Consumer,La Mirada,CA,United States
5798,Consumer,Albuquerque,NM,United States
5799,Corporate,Caguas,PR,Puerto Rico
5800,Home Office,Crown Point,IN,United States
5801,Corporate,Lutz,FL,United States
5802,Home Office,Caguas,PR,Puerto Rico
5803,Corporate,Jamaica,NY,United States
5804,Corporate,York,PA,United States
5805,Corporate,Caguas,PR,Puerto Rico
5806,Corporate,Chesapeake,VA,United States
5807,Corporate,Caguas,PR,Puerto Rico
5808,Home Office,Denver,CO,United States
5809,Home Office,Caguas,PR,Puerto Rico
5810,Consumer,Rome,NY,United States
5811,Corporate,Caguas,PR,Puerto Rico
5812,Corporate,New York,NY,United States
5813,Home Office,Caguas,PR,Puerto Rico
5814,Corporate,Washington,DC,United States
5815,Corporate,Caguas,PR,Puerto Rico
5816,Corporate,Chicago,IL,United States
5817,Corporate,Caguas,PR,Puerto Rico
5818,Corporate,El Paso,TX,United States
5819,Corporate,New Brunswick,NJ,United States
5820,Home Office,Caguas,PR,Puerto Rico
5821,Corporate,Hyattsville,MD,United States
5822,Corporate,Caguas,PR,Puerto Rico
5823,Consumer,Lancaster,PA,United States
5824,Corporate,Caguas,PR,Puerto Rico
5825,Home Office,San Diego,CA,United States
5826,Consumer,Caguas,PR,Puerto Rico
5827,Consumer,Seattle,WA,United States
5828,Consumer,Caguas,PR,Puerto Rico
5829,Consumer,Houston,TX,United States
5830,Consumer,Caguas,PR,Puerto Rico
5831,Consumer,Hesperia,CA,United States
5832,Consumer,Baltimore,MD,United States
5833,Home Office,Brooklyn,NY,United States
5834,Consumer,Caguas,PR,Puerto Rico
5835,Consumer,Livermore,CA,United States
5836,Consumer,New York,NY,United States
5837,Consumer,New York,NY,United States
5838,Corporate,Caguas,PR,Puerto Rico
5839,Consumer,Bend,OR,United States
5840,Home Office,Los Angeles,CA,United States
5841,Consumer,Caguas,PR,Puerto Rico
5842,Home Office,San Jose,CA,United States
5843,Home Office,York,PA,United States
5844,Home Office,Caguas,PR,Puerto Rico
5845,Home Office,La Mesa,CA,United States
5846,Corporate,Caguas,PR,Puerto Rico
5847,Home Office,Lockport,NY,United States
5848,Home Office,Caguas,PR,Puerto Rico
5849,Home Office,Saint Louis,MO,United States
5850,Consumer,Caguas,PR,Puerto Rico
5851,Consumer,Brooklyn,NY,United States
5852,Corporate,Las Vegas,NV,United States
5853,Corporate,Caguas,PR,Puerto Rico
5854,Consumer,Fullerton,CA,United States
5855,Consumer,Caguas,PR,Puerto Rico
5856,Consumer,Detroit,MI,United States
5857,Consumer,Caguas,PR,Puerto Rico
5858,Consumer,Chicago,IL,United States
5859,Corporate,San Antonio,TX,United States
5860,Corporate,Caguas,PR,Puerto Rico
5861,Consumer,Des Plaines,IL,United States
5862,Corporate,Caguas,PR,Puerto Rico
5863,Corporate,Cordova,TN,United States
5864,Home Office,Newburgh,NY,United States
5865,Consumer,Caguas,PR,Puerto Rico
5866,Consumer,Modesto,CA,United States
5867,Consumer,Tallahassee,FL,United States
5868,Home Office,Caguas,PR,Puerto Rico
5869,Home Office,Plano,TX,United States
5870,Home Office,Caguas,PR,Puerto Rico
5871,Home Office,Bronx,NY,United States
5872,Home Office,Woonsocket,RI,United States
5873,Corporate,Caguas,PR,Puerto Rico
5874,Corporate,Trujillo Alto,PR,Puerto Rico
5875,Corporate,Philadelphia,PA,United States
5876,Corporate,Costa Mesa,CA,United States
5877,Consumer,Tempe,AZ,United States
5878,Consumer,Caguas,PR,Puerto Rico
5879,Home Office,Brooklyn,NY,United States
5880,Corporate,Santa Clara,CA,United States
5881,Corporate,Caguas,PR,Puerto Rico
5882,Consumer,Oceanside,CA,United States
5883,Consumer,Fayetteville,NC,United States
5884,Consumer,Portland,OR,United States
5885,Consumer,Caguas,PR,Puerto Rico
5886,Consumer,Hampton,VA,United States
5887,Consumer,Caguas,PR,Puerto Rico
5888,Consumer,Jamaica,NY,United States
5889,Home Office,Pekin,IL,United States
5890,Home Office,Caguas,PR,Puerto Rico
5891,Corporate,Las Vegas,NV,United States
5892,Corporate,Newark,DE,United States
5893,Consumer,Caguas,PR,Puerto Rico
5894,Consumer,Chicago,IL,United States
5895,Consumer,Caguas,PR,Puerto Rico
5896,Consumer,Forest Hills,NY,United States
5897,Home Office,Newburgh,NY,United States
5898,Consumer,Caguas,PR,Puerto Rico
5899,Consumer,Brooklyn,NY,United States
5900,Corporate,Colorado Springs,CO,United States
5901,Consumer,Caguas,PR,Puerto Rico
5902,Corporate,Mission,TX,United States
5903,Consumer,Antioch,TN,United States
5904,Consumer,Caguas,PR,Puerto Rico
5905,Consumer,Albuquerque,NM,United States
5906,Consumer,Canovanas,PR,Puerto Rico
5907,Consumer,Caguas,PR,Puerto Rico
5908,Consumer,Austin,TX,United States
5909,Corporate,Caguas,PR,Puerto Rico
5910,Consumer,Long Beach,CA,United States
5911,Consumer,Burnsville,MN,United States
5912,Consumer,Tampa,FL,United States
5913,Consumer,Caguas,PR,Puerto Rico
5914,Consumer,Chicago,IL,United States
5915,Consumer,Lawrenceville,GA,United States
5916,Consumer,Hayward,CA,United States
5917,Corporate,Mchenry,IL,United States
5918,Corporate,Caguas,PR,Puerto Rico
5919,Home Office,Staten Island,NY,United States
5920,Corporate,Chandler,AZ,United States
5921,Corporate,Caguas,PR,Puerto Rico
5922,Home Office,Chicago,IL,United States
5923,Consumer,Highland,CA,United States
5924,Consumer,Caguas,PR,Puerto Rico
5925,Consumer,Hempstead,NY,United States
5926,Consumer,Granada Hills,CA,United States
5927,Consumer,Caguas,PR,Puerto Rico
5928,Consumer,Oxnard,CA,United States
5929,Consumer,Miami,FL,United States
5930,Corporate,Caguas,PR,Puerto Rico
5931,Corporate,Compton,CA,United States
5932,Consumer,Sun Valley,CA,United States
5933,Consumer,Caguas,PR,Puerto Rico
5934,Corporate,Newburgh,NY,United States
5935,Corporate,Philadelphia,PA,United States
5936,Corporate,Caguas,PR,Puerto Rico
5937,Consumer,San Sebastian,PR,Puerto Rico
5938,Consumer,Caguas,PR,Puerto Rico
5939,Consumer,Enfield,CT,United States
5940,Corporate,Caguas,PR,Puerto Rico
5941,Corporate,Newark,OH,United States
5942,Corporate,Philadelphia,PA,United States
5943,Corporate,Caguas,PR,Puerto Rico
5944,Corporate,Elmhurst,NY,United States
5945,Consumer,Morganton,NC,United States
5946,Consumer,Caguas,PR,Puerto Rico
5947,Consumer,Phoenix,AZ,United States
5948,Consumer,Caguas,PR,Puerto Rico
5949,Consumer,Laguna Hills,CA,United States
5950,Consumer,Caguas,PR,Puerto Rico
5951,Consumer,Phoenix,AZ,United States
5952,Consumer,Clearfield,UT,United States
5953,Consumer,Irwin,PA,United States
5954,Consumer,Caguas,PR,Puerto Rico
5955,Corporate,Carolina,PR,Puerto Rico
5956,Corporate,Arlington,TX,United States
5957,Corporate,Caguas,PR,Puerto Rico
5958,Corporate,Garden Grove,CA,United States
5959,Corporate,Caguas,PR,Puerto Rico
5960,Corporate,Round Rock,TX,United States
5961,Home Office,Caguas,PR,Puerto Rico
5962,Home Office,Fresno,CA,United States
5963,Home Office,Elk Grove,CA,United States
5964,Consumer,Saint Louis,MO,United States
5965,Consumer,Caguas,PR,Puerto Rico
5966,Consumer,Fullerton,CA,United States
5967,Corporate,Caguas,PR,Puerto Rico
5968,Consumer,Campbell,CA,United States
5969,Consumer,Caguas,PR,Puerto Rico
5970,Consumer,Manchester,CT,United States
5971,Consumer,Caguas,PR,Puerto Rico
5972,Consumer,Pomona,CA,United States
5973,Corporate,Caguas,PR,Puerto Rico
5974,Consumer,Mcallen,TX,United States
5975,Home Office,Caguas,PR,Puerto Rico
5976,Home Office,Glendale,AZ,United States
5977,Consumer,Montebello,CA,United States
5978,Consumer,Dorchester Center,MA,United States
5979,Consumer,Vista,CA,United States
5980,Consumer,Caguas,PR,Puerto Rico
5981,Corporate,Burnsville,MN,United States
5982,Corporate,Caguas,PR,Puerto Rico
5983,Consumer,New York,NY,United States
5984,Consumer,Dallas,TX,United States
5985,Corporate,Caguas,PR,Puerto Rico
5986,Consumer,Dallas,TX,United States
5987,Consumer,Houston,TX,United States
5988,Consumer,Caguas,PR,Puerto Rico
5989,Consumer,Brooklyn,NY,United States
5990,Consumer,Mayaguez,PR,Puerto Rico
5991,Consumer,Arlington,VA,United States
5992,Consumer,Caguas,PR,Puerto Rico
5993,Consumer,Carson,CA,United States
5994,Consumer,Caguas,PR,Puerto Rico
5996,Consumer,Newark,OH,United States
5997,Corporate,Lynn,MA,United States
5998,Corporate,Caguas,PR,Puerto Rico
5999,Corporate,Cupertino,CA,United States
6000,Consumer,Caguas,PR,Puerto Rico
6001,Home Office,Gardena,CA,United States
6002,Consumer,Caguas,PR,Puerto Rico
6003,Consumer,Hickory,NC,United States
6004,Consumer,Caguas,PR,Puerto Rico
6005,Consumer,Victorville,CA,United States
6006,Consumer,Lancaster,PA,United States
6007,Consumer,Caguas,PR,Puerto Rico
6008,Consumer,Vega Baja,PR,Puerto Rico
6009,Consumer,Salt Lake City,UT,United States
6010,Consumer,Caguas,PR,Puerto Rico
6011,Consumer,Decatur,GA,United States
6012,Corporate,Brooklyn,NY,United States
6013,Corporate,Caguas,PR,Puerto Rico
6014,Home Office,Tucson,AZ,United States
6015,Home Office,Escondido,CA,United States
6016,Home Office,Caguas,PR,Puerto Rico
6017,Home Office,Wyandotte,MI,United States
6018,Consumer,Caguas,PR,Puerto Rico
6019,Home Office,Laredo,TX,United States
6020,Consumer,Caguas,PR,Puerto Rico
6021,Consumer,Bellflower,CA,United States
6022,Consumer,West Chester,PA,United States
6023,Corporate,Caguas,PR,Puerto Rico
6024,Corporate,Las Vegas,NV,United States
6025,Corporate,Caguas,PR,Puerto Rico
6026,Corporate,Las Vegas,NV,United States
6027,Corporate,Hollister,CA,United States
6028,Corporate,Caguas,PR,Puerto Rico
6029,Corporate,Elmhurst,NY,United States
6030,Consumer,Brooklyn,NY,United States
6031,Consumer,Portland,OR,United States
6032,Corporate,Caguas,PR,Puerto Rico
6033,Consumer,Chicago,IL,United States
6034,Consumer,San Diego,CA,United States
6035,Consumer,Caguas,PR,Puerto Rico
6036,Consumer,Stafford,VA,United States
6037,Consumer,Tulare,CA,United States
6038,Consumer,Plainfield,NJ,United States
6039,Consumer,Caguas,PR,Puerto Rico
6040,Consumer,Trujillo Alto,PR,Puerto Rico
6041,Corporate,Caguas,PR,Puerto Rico
6042,Corporate,El Paso,TX,United States
6043,Corporate,Detroit,MI,United States
6044,Corporate,Caguas,PR,Puerto Rico
6045,Consumer,Bakersfield,CA,United States
6046,Corporate,Denton,TX,United States
6047,Consumer,Garden Grove,CA,United States
6048,Corporate,Caguas,PR,Puerto Rico
6049,Consumer,Florissant,MO,United States
6050,Consumer,Endicott,NY,United States
6051,Corporate,Ewa Beach,HI,United States
6052,Corporate,Caguas,PR,Puerto Rico
6053,Corporate,Elmhurst,NY,United States
6054,Home Office,Los Angeles,CA,United States
6055,Home Office,Caguas,PR,Puerto Rico
6056,Consumer,Virginia Beach,VA,United States
6057,Consumer,Brooklyn,NY,United States
6058,Consumer,San Antonio,TX,United States
6059,Consumer,Caguas,PR,Puerto Rico
6060,Consumer,San Diego,CA,United States
6061,Corporate,Caguas,PR,Puerto Rico
6062,Corporate,Marietta,GA,United States
6063,Home Office,Caguas,PR,Puerto Rico
6064,Consumer,South El Monte,CA,United States
6065,Consumer,Caguas,PR,Puerto Rico
6066,Consumer,Kenner,LA,United States
6067,Corporate,Caguas,PR,Puerto Rico
6068,Corporate,Anaheim,CA,United States
6069,Consumer,Orlando,FL,United States
6070,Consumer,Caguas,PR,Puerto Rico
6071,Corporate,New York,NY,United States
6073,Consumer,Caguas,PR,Puerto Rico
6074,Consumer,Chicago,IL,United States
6075,Consumer,Austin,TX,United States
6076,Consumer,Caguas,PR,Puerto Rico
6077,Consumer,Memphis,TN,United States
6078,Consumer,Caguas,PR,Puerto Rico
6079,Consumer,Plymouth,MA,United States
6080,Consumer,Caguas,PR,Puerto Rico
6081,Corporate,Chicago,IL,United States
6082,Corporate,Virginia Beach,VA,United States
6083,Corporate,Lompoc,CA,United States
6084,Home Office,Mission Viejo,CA,United States
6085,Home Office,Caguas,PR,Puerto Rico
6086,Consumer,Pompano Beach,FL,United States
6087,Home Office,Norcross,GA,United States
6088,Home Office,Caguas,PR,Puerto Rico
6089,Home Office,Chicago,IL,United States
6090,Home Office,Houston,TX,United States
6091,Home Office,Massillon,OH,United States
6092,Corporate,Caguas,PR,Puerto Rico
6093,Corporate,Santa Ana,CA,United States
6094,Consumer,Caguas,PR,Puerto Rico
6095,Consumer,Revere,MA,United States
6096,Consumer,Sun Valley,CA,United States
6097,Consumer,Caguas,PR,Puerto Rico
6098,Consumer,Westland,MI,United States
6099,Consumer,Caguas,PR,Puerto Rico
6100,Corporate,Huntington Beach,CA,United States
6101,Corporate,Los Angeles,CA,United States
6102,Corporate,Caguas,PR,Puerto Rico
6103,Consumer,Phoenix,AZ,United States
6104,Corporate,Caguas,PR,Puerto Rico
6105,Consumer,Los Angeles,CA,United States
6106,Home Office,Caguas,PR,Puerto Rico
6107,Home Office,Chicago,IL,United States
6108,Home Office,Hanover,PA,United States
6109,Consumer,Caguas,PR,Puerto Rico
6110,Corporate,New York,NY,United States
6111,Home Office,Clarksville,TN,United States
6112,Home Office,Riverside,CA,United States
6113,Corporate,Caguas,PR,Puerto Rico
6114,Home Office,Fremont,CA,United States
6115,Home Office,Caguas,PR,Puerto Rico
6116,Home Office,Philadelphia,PA,United States
6117,Consumer,Caguas,PR,Puerto Rico
6118,Consumer,San Diego,CA,United States
6119,Home Office,Caguas,PR,Puerto Rico
6120,Home Office,Yonkers,NY,United States
6121,Home Office,Beloit,WI,United States
6122,Home Office,Caguas,PR,Puerto Rico
6123,Consumer,York,PA,United States
6124,Home Office,Houston,TX,United States
6125,Corporate,Caguas,PR,Puerto Rico
6126,Consumer,Chino,CA,United States
6127,Consumer,Pompano Beach,FL,United States
6128,Consumer,Caguas,PR,Puerto Rico
6129,Home Office,Merced,CA,United States
6130,Home Office,Tulare,CA,United States
6131,Home Office,Caguas,PR,Puerto Rico
6132,Consumer,Gardena,CA,United States
6133,Consumer,Caguas,PR,Puerto Rico
6134,Home Office,Brooklyn,NY,United States
6135,Consumer,Grove City,OH,United States
6136,Consumer,Caguas,PR,Puerto Rico
6137,Consumer,Tustin,CA,United States
6138,Consumer,Dearborn,MI,United States
6139,Consumer,Caguas,PR,Puerto Rico
6140,Consumer,Union,NJ,United States
6141,Consumer,Caguas,PR,Puerto Rico
6142,Consumer,Greensburg,PA,United States
6143,Consumer,Irving,TX,United States
6144,Consumer,Broken Arrow,OK,United States
6145,Consumer,Caguas,PR,Puerto Rico
6146,Consumer,Lancaster,CA,United States
6147,Consumer,Caguas,PR,Puerto Rico
6148,Consumer,Los Angeles,CA,United States
6149,Consumer,Caguas,PR,Puerto Rico
6150,Consumer,Lompoc,CA,United States
6151,Consumer,Cary,NC,United States
6152,Consumer,Caguas,PR,Puerto Rico
6153,Corporate,Bronx,NY,United States
6154,Corporate,Miami,FL,United States
6155,Corporate,Caguas,PR,Puerto Rico
6156,Corporate,Bronx,NY,United States
6157,Consumer,Caguas,PR,Puerto Rico
6158,Home Office,Alhambra,CA,United States
6159,Consumer,Caguas,PR,Puerto Rico
6160,Consumer,Washington,DC,United States
6161,Consumer,Burnsville,MN,United States
6162,Consumer,Caguas,PR,Puerto Rico
6163,Home Office,San Jose,CA,United States
6164,Consumer,Los Angeles,CA,United States
6165,Consumer,Caguas,PR,Puerto Rico
6166,Home Office,Greenville,NC,United States
6167,Consumer,Caguas,PR,Puerto Rico
6168,Consumer,Pharr,TX,United States
6169,Home Office,Caguas,PR,Puerto Rico
6170,Home Office,Baltimore,MD,United States
6171,Consumer,Caguas,PR,Puerto Rico
6172,Corporate,Fort Washington,MD,United States
6173,Home Office,Caguas,PR,Puerto Rico
6174,Home Office,Massapequa,NY,United States
6175,Home Office,Caguas,PR,Puerto Rico
6176,Home Office,Brooklyn,NY,United States
6177,Consumer,Detroit,MI,United States
6178,Corporate,Lancaster,SC,United States
6179,Corporate,Caguas,PR,Puerto Rico
6180,Corporate,North Richland Hills,TX,United States
6181,Consumer,Caguas,PR,Puerto Rico
6182,Corporate,Bronx,NY,United States
6183,Corporate,Placentia,CA,United States
6184,Corporate,Caguas,PR,Puerto Rico
6185,Corporate,Chicago,IL,United States
6186,Corporate,Bronx,NY,United States
6187,Corporate,West Covina,CA,United States
6188,Corporate,Caguas,PR,Puerto Rico
6189,Corporate,Long Beach,CA,United States
6191,Consumer,Saint Paul,MN,United States
6192,Consumer,Caguas,PR,Puerto Rico
6193,Consumer,Quincy,MA,United States
6194,Consumer,Caguas,PR,Puerto Rico
6195,Home Office,Apopka,FL,United States
6196,Consumer,Caguas,PR,Puerto Rico
6197,Consumer,San Sebastian,PR,Puerto Rico
6198,Consumer,Caguas,PR,Puerto Rico
6199,Consumer,Corona,NY,United States
6200,Consumer,Seattle,WA,United States
6201,Consumer,Caguas,PR,Puerto Rico
6202,Consumer,Buffalo,NY,United States
6203,Consumer,Caguas,PR,Puerto Rico
6204,Consumer,Quincy,MA,United States
6205,Home Office,Caguas,PR,Puerto Rico
6206,Consumer,Cerritos,CA,United States
6207,Consumer,Houston,TX,United States
6208,Consumer,Caguas,PR,Puerto Rico
6209,Consumer,Houston,TX,United States
6210,Consumer,Caguas,PR,Puerto Rico
6211,Consumer,Lynwood,CA,United States
6212,Corporate,Caguas,PR,Puerto Rico
6213,Corporate,Rock Hill,SC,United States
6214,Corporate,Caguas,PR,Puerto Rico
6215,Corporate,Painesville,OH,United States
6216,Corporate,Caguas,PR,Puerto Rico
6217,Consumer,Morrisville,PA,United States
6218,Consumer,Middletown,CT,United States
6219,Consumer,Caguas,PR,Puerto Rico
6220,Consumer,Ithaca,NY,United States
6221,Corporate,San Jose,CA,United States
6222,Corporate,New York,NY,United States
6223,Corporate,Columbus,OH,United States
6224,Home Office,Caguas,PR,Puerto Rico
6225,Corporate,Riverside,CA,United States
6226,Corporate,Weslaco,TX,United States
6227,Corporate,New Brunswick,NJ,United States
6228,Corporate,Caguas,PR,Puerto Rico
6229,Corporate,Richmond,IN,United States
6230,Corporate,Caguas,PR,Puerto Rico
6231,Home Office,Harlingen,TX,United States
6232,Corporate,Los Angeles,CA,United States
6233,Home Office,Caguas,PR,Puerto Rico
6234,Home Office,Bronx,NY,United States
6235,Home Office,Caguas,PR,Puerto Rico
6236,Corporate,Chicago,IL,United States
6237,Home Office,El Cajon,CA,United States
6238,Home Office,Caguas,PR,Puerto Rico
6239,Corporate,Juana Diaz,PR,Puerto Rico
6240,Corporate,Caguas,PR,Puerto Rico
6241,Corporate,Arlington Heights,IL,United States
6242,Corporate,Caguas,PR,Puerto Rico
6243,Corporate,Chicago,IL,United States
6244,Home Office,Orlando,FL,United States
6245,Consumer,Caguas,PR,Puerto Rico
6246,Consumer,Rome,NY,United States
6247,Consumer,Caguas,PR,Puerto Rico
6248,Consumer,Union City,CA,United States
6249,Consumer,Middletown,CT,United States
6250,Consumer,Caguas,PR,Puerto Rico
6251,Consumer,Madera,CA,United States
6252,Consumer,Carrollton,TX,United States
6253,Consumer,Caguas,PR,Puerto Rico
6254,Consumer,Tonawanda,NY,United States
6255,Consumer,Caguas,PR,Puerto Rico
6256,Home Office,North Bergen,NJ,United States
6257,Consumer,Cayey,PR,Puerto Rico
6258,Consumer,Caguas,PR,Puerto Rico
6259,Corporate,Saginaw,MI,United States
6260,Corporate,Caguas,PR,Puerto Rico
6261,Corporate,Corona,CA,United States
6262,Consumer,Caguas,PR,Puerto Rico
6263,Consumer,Roswell,GA,United States
6264,Consumer,Elmhurst,IL,United States
6265,Consumer,Caguas,PR,Puerto Rico
6266,Consumer,Carolina,PR,Puerto Rico
6267,Home Office,Enfield,CT,United States
6268,Home Office,Caguas,PR,Puerto Rico
6269,Consumer,Hendersonville,TN,United States
6270,Corporate,Caguas,PR,Puerto Rico
6271,Corporate,Brooklyn,NY,United States
6272,Home Office,Toms River,NJ,United States
6273,Corporate,Caguas,PR,Puerto Rico
6274,Corporate,San Juan,PR,Puerto Rico
6275,Home Office,Caguas,PR,Puerto Rico
6276,Home Office,Chicago,IL,United States
6277,Consumer,Caguas,PR,Puerto Rico
6278,Consumer,Vega Baja,PR,Puerto Rico
6279,Consumer,Miami,FL,United States
6280,Home Office,Caguas,PR,Puerto Rico
6281,Consumer,Lancaster,SC,United States
6282,Consumer,Caguas,PR,Puerto Rico
6283,Consumer,Compton,CA,United States
6284,Consumer,Caguas,PR,Puerto Rico
6285,Consumer,Brooklyn,NY,United States
6286,Consumer,Caguas,PR,Puerto Rico
6287,Consumer,Columbus,OH,United States
6288,Consumer,Detroit,MI,United States
6289,Corporate,Caguas,PR,Puerto Rico
6290,Corporate,Ontario,CA,United States
6291,Consumer,Las Vegas,NV,United States
6292,Consumer,Caguas,PR,Puerto Rico
6293,Corporate,Bristol,CT,United States
6294,Consumer,Caguas,PR,Puerto Rico
6295,Consumer,Brooklyn,NY,United States
6296,Consumer,Bakersfield,CA,United States
6297,Consumer,Caguas,PR,Puerto Rico
6298,Consumer,Sun Valley,CA,United States
6299,Corporate,Pomona,CA,United States
6300,Corporate,Caguas,PR,Puerto Rico
6301,Corporate,Moline,IL,United States
6302,Corporate,Caguas,PR,Puerto Rico
6303,Corporate,Elgin,IL,United States
6304,Corporate,Visalia,CA,United States
6305,Corporate,Mount Pleasant,MI,United States
6306,Consumer,Caguas,PR,Puerto Rico
6307,Consumer,Brooklyn,NY,United States
6308,Consumer,Huntington Beach,CA,United States
6309,Consumer,Carlisle,PA,United States
6310,Home Office,Caguas,PR,Puerto Rico
6311,Home Office,Cordova,TN,United States
6312,Consumer,Caguas,PR,Puerto Rico
6313,Consumer,Phoenix,AZ,United States
6314,Home Office,Vega Baja,PR,Puerto Rico
6315,Home Office,Carlsbad,CA,United States
6316,Home Office,Caguas,PR,Puerto Rico
6318,Consumer,Caguas,PR,Puerto Rico
6319,Consumer,San Jose,CA,United States
6320,Consumer,Caguas,PR,Puerto Rico
6321,Consumer,West New York,NJ,United States
6322,Consumer,Hanford,CA,United States
6323,Consumer,Brighton,MA,United States
6324,Consumer,Caguas,PR,Puerto Rico
6325,Consumer,Zanesville,OH,United States
6326,Consumer,Cleveland,OH,United States
6327,Corporate,Caguas,PR,Puerto Rico
6328,Corporate,Los Angeles,CA,United States
6329,Corporate,Caguas,PR,Puerto Rico
6330,Consumer,Pasadena,MD,United States
6331,Consumer,Caguas,PR,Puerto Rico
6332,Consumer,West Covina,CA,United States
6333,Consumer,Memphis,TN,United States
6334,Consumer,Caguas,PR,Puerto Rico
6335,Consumer,Methuen,MA,United States
6336,Consumer,Caguas,PR,Puerto Rico
6337,Consumer,Madison,WI,United States
6338,Consumer,Caguas,PR,Puerto Rico
6339,Consumer,Porterville,CA,United States
6340,Consumer,Albuquerque,NM,United States
6341,Corporate,Caguas,PR,Puerto Rico
6342,Corporate,El Paso,TX,United States
6343,Corporate,Virginia Beach,VA,United States
6344,Corporate,Caguas,PR,Puerto Rico
6345,Corporate,Rio Grande,PR,Puerto Rico
6346,Corporate,Caguas,PR,Puerto Rico
6347,Home Office,Greensboro,NC,United States
6348,Home Office,Caguas,PR,Puerto Rico
6349,Home Office,Lewisville,TX,United States
6350,Home Office,Caguas,PR,Puerto Rico
6351,Home Office,Lancaster,PA,United States
6352,Home Office,Caguas,PR,Puerto Rico
6353,Corporate,Decatur,GA,United States
6354,Corporate,Visalia,CA,United States
6355,Home Office,Caguas,PR,Puerto Rico
6356,Consumer,Annapolis,MD,United States
6357,Home Office,Carol Stream,IL,United States
6358,Home Office,Caguas,PR,Puerto Rico
6359,Home Office,Carol Stream,IL,United States
6360,Consumer,Caguas,PR,Puerto Rico
6361,Consumer,Sugar Land,TX,United States
6362,Consumer,Plano,TX,United States
6363,Home Office,Caguas,PR,Puerto Rico
6364,Consumer,San Bernardino,CA,United States
6365,Consumer,Caguas,PR,Puerto Rico
6366,Consumer,La Habra,CA,United States
6367,Consumer,South Richmond Hill,NY,United States
6368,Consumer,Caguas,PR,Puerto Rico
6369,Corporate,Greensboro,NC,United States
6370,Corporate,Provo,UT,United States
6371,Home Office,Caguas,PR,Puerto Rico
6372,Consumer,Woodside,NY,United States
6373,Corporate,Frankfort,KY,United States
6374,Corporate,Caguas,PR,Puerto Rico
6375,Corporate,Levittown,NY,United States
6376,Corporate,North Tonawanda,NY,United States
6377,Consumer,Caguas,PR,Puerto Rico
6378,Home Office,Aurora,IL,United States
6379,Home Office,Caguas,PR,Puerto Rico
6380,Consumer,Chicago,IL,United States
6381,Corporate,Roseville,MI,United States
6382,Corporate,Caguas,PR,Puerto Rico
6383,Corporate,San Pedro,CA,United States
6384,Corporate,Caguas,PR,Puerto Rico
6385,Corporate,Reseda,CA,United States
6386,Corporate,Folsom,CA,United States
6387,Consumer,San Benito,TX,United States
6388,Consumer,Caguas,PR,Puerto Rico
6389,Home Office,Portland,OR,United States
6390,Home Office,Caguas,PR,Puerto Rico
6391,Consumer,Jackson Heights,NY,United States
6392,Corporate,Washington,DC,United States
6393,Consumer,Greenville,NC,United States
6394,Consumer,Caguas,PR,Puerto Rico
6395,Home Office,Hyattsville,MD,United States
6396,Consumer,Caguas,PR,Puerto Rico
6397,Consumer,Oregon City,OR,United States
6398,Consumer,Caguas,PR,Puerto Rico
6399,Consumer,Chicago,IL,United States
6400,Consumer,Miami,FL,United States
6401,Consumer,Caguas,PR,Puerto Rico
6402,Consumer,Jamaica,NY,United States
6403,Home Office,Modesto,CA,United States
6404,Home Office,Buena Park,CA,United States
6405,Home Office,Caguas,PR,Puerto Rico
6406,Home Office,Washington,DC,United States
6407,Home Office,Rochester,NY,United States
6408,Home Office,Caguas,PR,Puerto Rico
6409,Home Office,Sanford,NC,United States
6410,Home Office,Sheboygan,WI,United States
6411,Home Office,Caguas,PR,Puerto Rico
6412,Home Office,Las Vegas,NV,United States
6413,Corporate,Caguas,PR,Puerto Rico
6414,Corporate,Ponce,PR,Puerto Rico
6415,Consumer,Lindenhurst,NY,United States
6416,Home Office,Caguas,PR,Puerto Rico
6417,Consumer,Houston,TX,United States
6418,Consumer,Caguas,PR,Puerto Rico
6419,Corporate,San Pedro,CA,United States
6420,Consumer,Morganton,NC,United States
6421,Consumer,Caguas,PR,Puerto Rico
6422,Corporate,Ontario,CA,United States
6423,Consumer,San Diego,CA,United States
6424,Corporate,Caguas,PR,Puerto Rico
6425,Home Office,Orlando,FL,United States
6426,Home Office,Caguas,PR,Puerto Rico
6427,Home Office,Union,NJ,United States
6428,Consumer,Caguas,PR,Puerto Rico
6429,Consumer,Chicago,IL,United States
6430,Consumer,Caguas,PR,Puerto Rico
6431,Consumer,Placentia,CA,United States
6432,Consumer,Caguas,PR,Puerto Rico
6433,Corporate,Irvington,NJ,United States
6434,Consumer,Caguas,PR,Puerto Rico
6435,Consumer,Salinas,CA,United States
6436,Corporate,Dallas,TX,United States
6437,Corporate,Caguas,PR,Puerto Rico
6438,Consumer,Cincinnati,OH,United States
6439,Corporate,Lancaster,SC,United States
6440,Consumer,Caguas,PR,Puerto Rico
6441,Consumer,Metairie,LA,United States
6442,Consumer,Caguas,PR,Puerto Rico
6443,Consumer,Tempe,AZ,United States
6444,Consumer,Caguas,PR,Puerto Rico
6445,Home Office,Strongsville,OH,United States
6446,Corporate,Caguas,PR,Puerto Rico
6447,Consumer,Crystal Lake,IL,United States
6448,Corporate,Caguas,PR,Puerto Rico
6449,Consumer,Corona,CA,United States
6450,Consumer,Fresno,CA,United States
6451,Consumer,Greenville,NC,United States
6452,Consumer,Caguas,PR,Puerto Rico
6453,Corporate,Brooklyn,NY,United States
6454,Corporate,Albuquerque,NM,United States
6455,Consumer,Caguas,PR,Puerto Rico
6456,Consumer,Las Vegas,NV,United States
6457,Consumer,Jersey City,NJ,United States
6458,Consumer,Reynoldsburg,OH,United States
6459,Home Office,Caguas,PR,Puerto Rico
6460,Home Office,Morganton,NC,United States
6461,Consumer,Salem,OR,United States
6462,Consumer,Indianapolis,IN,United States
6463,Consumer,Carlsbad,CA,United States
6464,Consumer,Caguas,PR,Puerto Rico
6465,Consumer,Massapequa,NY,United States
6466,Consumer,Caguas,PR,Puerto Rico
6467,Consumer,Tucson,AZ,United States
6468,Consumer,Caguas,PR,Puerto Rico
6469,Consumer,Bayonne,NJ,United States
6470,Consumer,Revere,MA,United States
6471,Consumer,Caguas,PR,Puerto Rico
6472,Consumer,Waipahu,HI,United States
6473,Consumer,Long Beach,CA,United States
6474,Corporate,Caguas,PR,Puerto Rico
6475,Home Office,Chicago,IL,United States
6476,Consumer,Washington,DC,United States
6477,Consumer,Caguas,PR,Puerto Rico
6478,Consumer,New York,NY,United States
6479,Consumer,Caguas,PR,Puerto Rico
6480,Corporate,Chula Vista,CA,United States
6481,Consumer,Cayey,PR,Puerto Rico
6482,Consumer,Caguas,PR,Puerto Rico
6483,Consumer,Baltimore,MD,United States
6484,Consumer,Caguas,PR,Puerto Rico
6485,Consumer,Pompano Beach,FL,United States
6486,Consumer,Aurora,CO,United States
6487,Consumer,Caguas,PR,Puerto Rico
6488,Consumer,Bristol,CT,United States
6489,Home Office,Caguas,PR,Puerto Rico
6490,Home Office,West Jordan,UT,United States
6491,Home Office,Caguas,PR,Puerto Rico
6492,Corporate,Provo,UT,United States
6493,Corporate,Caguas,PR,Puerto Rico
6494,Corporate,Arecibo,PR,Puerto Rico
6495,Corporate,San Bernardino,CA,United States
6496,Home Office,Caguas,PR,Puerto Rico
6497,Home Office,Aguadilla,PR,Puerto Rico
6498,Home Office,Caguas,PR,Puerto Rico
6499,Home Office,Denver,CO,United States
6500,Consumer,Mesquite,TX,United States
6501,Consumer,Fairfield,OH,United States
6502,Home Office,Caguas,PR,Puerto Rico
6503,Corporate,Costa Mesa,CA,United States
6504,Corporate,Jacksonville,FL,United States
6505,Corporate,Caguas,PR,Puerto Rico
6506,Consumer,Brooklyn,NY,United States
6507,Consumer,Caguas,PR,Puerto Rico
6508,Corporate,Hamilton,OH,United States
6509,Corporate,Caguas,PR,Puerto Rico
6510,Corporate,Cumberland,MD,United States
6511,Corporate,Caguas,PR,Puerto Rico
6512,Corporate,Mission,TX,United States
6513,Consumer,Sugar Land,TX,United States
6514,Consumer,Tampa,FL,United States
6515,Corporate,Caguas,PR,Puerto Rico
6516,Consumer,Las Cruces,NM,United States
6517,Consumer,Caguas,PR,Puerto Rico
6518,Consumer,Warren,MI,United States
6519,Consumer,Caguas,PR,Puerto Rico
6520,Consumer,Daly City,CA,United States
6521,Consumer,Chillicothe,OH,United States
6523,Consumer,Caguas,PR,Puerto Rico
6524,Consumer,Bronx,NY,United States
6525,Consumer,San Diego,CA,United States
6526,Consumer,Caguas,PR,Puerto Rico
6527,Consumer,San Jose,CA,United States
6528,Consumer,Compton,CA,United States
6529,Consumer,Caguas,PR,Puerto Rico
6530,Consumer,Chicago,IL,United States
6531,Consumer,San Marcos,CA,United States
6532,Consumer,Phoenix,AZ,United States
6533,Home Office,Caguas,PR,Puerto Rico
6534,Consumer,Massillon,OH,United States
6535,Consumer,Caguas,PR,Puerto Rico
6536,Consumer,San Francisco,CA,United States
6537,Corporate,Mission Viejo,CA,United States
6538,Corporate,Mililani,HI,United States
6539,Consumer,Caguas,PR,Puerto Rico
6540,Consumer,Phoenix,AZ,United States
6541,Consumer,Brentwood,NY,United States
6542,Consumer,Apopka,FL,United States
6543,Consumer,Caguas,PR,Puerto Rico
6544,Consumer,Pekin,IL,United States
6545,Consumer,Caguas,PR,Puerto Rico
6546,Consumer,East Lansing,MI,United States
6547,Consumer,Caguas,PR,Puerto Rico
6548,Consumer,San Diego,CA,United States
6549,Consumer,Caguas,PR,Puerto Rico
6550,Consumer,Brooklyn,NY,United States
6551,Consumer,Fresno,CA,United States
6552,Consumer,Caguas,PR,Puerto Rico
6553,Corporate,Waukegan,IL,United States
6554,Corporate,Pomona,CA,United States
6555,Home Office,Caguas,PR,Puerto Rico
6556,Home Office,Fontana,CA,United States
6557,Corporate,Tempe,AZ,United States
6558,Corporate,Caguas,PR,Puerto Rico
6559,Corporate,San Sebastian,PR,Puerto Rico
6560,Corporate,Caguas,PR,Puerto Rico
6561,Corporate,San Benito,TX,United States
6562,Consumer,Caguas,PR,Puerto Rico
6563,Consumer,Katy,TX,United States
6564,Corporate,Caguas,PR,Puerto Rico
6565,Home Office,Powder Springs,GA,United States
6566,Corporate,Caguas,PR,Puerto Rico
6567,Consumer,Fontana,CA,United States
6568,Consumer,Joliet,IL,United States
6569,Consumer,Caguas,PR,Puerto Rico
6570,Consumer,Mentor,OH,United States
6571,Consumer,Dundalk,MD,United States
6572,Consumer,Caguas,PR,Puerto Rico
6573,Home Office,Brockton,MA,United States
6574,Corporate,Lakewood,NJ,United States
6575,Consumer,Pompano Beach,FL,United States
6576,Consumer,Caguas,PR,Puerto Rico
6577,Consumer,Stafford,VA,United States
6578,Consumer,Laredo,TX,United States
6579,Consumer,Caguas,PR,Puerto Rico
6580,Consumer,Tempe,AZ,United States
6581,Consumer,Virginia Beach,VA,United States
6582,Consumer,Caguas,PR,Puerto Rico
6583,Consumer,Moline,IL,United States
6584,Consumer,Caguas,PR,Puerto Rico
6585,Consumer,San Diego,CA,United States
6586,Consumer,Caguas,PR,Puerto Rico
6587,Consumer,Lancaster,PA,United States
6588,Consumer,Caguas,PR,Puerto Rico
6589,Consumer,Bensalem,PA,United States
6590,Consumer,Caguas,PR,Puerto Rico
6591,Home Office,Philadelphia,PA,United States
6592,Consumer,Caguas,PR,Puerto Rico
6593,Corporate,Miami,FL,United States
6594,Consumer,Caguas,PR,Puerto Rico
6595,Corporate,New York,NY,United States
6596,Corporate,Caguas,PR,Puerto Rico
6597,Corporate,Wheaton,IL,United States
6598,Consumer,Zanesville,OH,United States
6599,Consumer,Caguas,PR,Puerto Rico
6600,Consumer,Escondido,CA,United States
6601,Corporate,Fort Lauderdale,FL,United States
6602,Corporate,Caguas,PR,Puerto Rico
6603,Corporate,Rancho Cucamonga,CA,United States
6604,Consumer,Caguas,PR,Puerto Rico
6605,Consumer,Philadelphia,PA,United States
6606,Home Office,Palmdale,CA,United States
6607,Home Office,Caguas,PR,Puerto Rico
6608,Home Office,Pompano Beach,FL,United States
6609,Consumer,Caguas,PR,Puerto Rico
6610,Consumer,Buffalo,NY,United States
6611,Home Office,Caguas,PR,Puerto Rico
6612,Home Office,Wyandotte,MI,United States
6614,Consumer,Carmichael,CA,United States
6615,Consumer,Olathe,KS,United States
6616,Corporate,San Marcos,CA,United States
6617,Consumer,Caguas,PR,Puerto Rico
6618,Consumer,Huntington Beach,CA,United States
6619,Home Office,San Diego,CA,United States
6620,Consumer,Bountiful,UT,United States
6621,Consumer,Caguas,PR,Puerto Rico
6622,Consumer,Canoga Park,CA,United States
6623,Corporate,Aurora,CO,United States
6624,Consumer,Raleigh,NC,United States
6625,Consumer,Caguas,PR,Puerto Rico
6626,Consumer,Ontario,CA,United States
6627,Corporate,Aguadilla,PR,Puerto Rico
6628,Home Office,Hickory,NC,United States
6629,Home Office,Caguas,PR,Puerto Rico
6630,Home Office,Plainfield,NJ,United States
6631,Home Office,Catonsville,MD,United States
6632,Consumer,Raleigh,NC,United States
6633,Consumer,Caguas,PR,Puerto Rico
6634,Corporate,Toa Alta,PR,Puerto Rico
6635,Corporate,Los Angeles,CA,United States
6636,Home Office,Caguas,PR,Puerto Rico
6637,Consumer,Saint Paul,MN,United States
6638,Corporate,Caguas,PR,Puerto Rico
6639,Corporate,Winnetka,CA,United States
6640,Corporate,Eugene,OR,United States
6641,Consumer,Caguas,PR,Puerto Rico
6642,Consumer,Florissant,MO,United States
6643,Consumer,Caguas,PR,Puerto Rico
6644,Consumer,Quincy,MA,United States
6645,Consumer,Caguas,PR,Puerto Rico
6646,Consumer,Madison,WI,United States
6647,Consumer,Caguas,PR,Puerto Rico
6648,Corporate,Vega Baja,PR,Puerto Rico
6649,Consumer,Detroit,MI,United States
6650,Consumer,Orlando,FL,United States
6651,Consumer,Caguas,PR,Puerto Rico
6652,Consumer,San Jose,CA,United States
6653,Consumer,Hagerstown,MD,United States
6654,Consumer,Irving,TX,United States
6655,Corporate,Pekin,IL,United States
6656,Corporate,Caguas,PR,Puerto Rico
6657,Consumer,San Diego,CA,United States
6658,Consumer,Plano,TX,United States
6659,Corporate,Caguas,PR,Puerto Rico
6660,Home Office,Spring Valley,CA,United States
6661,Home Office,Caguas,PR,Puerto Rico
6662,Consumer,Troy,NY,United States
6663,Consumer,Caguas,PR,Puerto Rico
6664,Consumer,Portland,OR,United States
6665,Consumer,Caguas,PR,Puerto Rico
6666,Consumer,Painesville,OH,United States
6667,Consumer,Caguas,PR,Puerto Rico
6668,Consumer,Los Angeles,CA,United States
6669,Corporate,Los Angeles,CA,United States
6670,Corporate,West Chester,PA,United States
6671,Corporate,Caguas,PR,Puerto Rico
6672,Corporate,Fort Lauderdale,FL,United States
6673,Consumer,Caguas,PR,Puerto Rico
6674,Consumer,Jackson Heights,NY,United States
6675,Home Office,Caguas,PR,Puerto Rico
6676,Consumer,Milwaukee,WI,United States
6677,Corporate,Los Angeles,CA,United States
6678,Consumer,Caguas,PR,Puerto Rico
6679,Consumer,Sunnyvale,CA,United States
6680,Corporate,Perth Amboy,NJ,United States
6681,Corporate,Caguas,PR,Puerto Rico
6682,Corporate,Raleigh,NC,United States
6683,Home Office,Caguas,PR,Puerto Rico
6684,Home Office,Spokane,WA,United States
6685,Consumer,Caguas,PR,Puerto Rico
6686,Consumer,Saint Paul,MN,United States
6687,Consumer,Caguas,PR,Puerto Rico
6688,Corporate,Los Angeles,CA,United States
6689,Corporate,Tallahassee,FL,United States
6690,Corporate,Caguas,PR,Puerto Rico
6691,Home Office,Miami,FL,United States
6692,Home Office,Caguas,PR,Puerto Rico
6693,Home Office,Wyoming,MI,United States
6694,Corporate,Caguas,PR,Puerto Rico
6695,Corporate,Bronx,NY,United States
6696,Corporate,Alpharetta,GA,United States
6697,Home Office,Carlisle,PA,United States
6698,Home Office,Amarillo,TX,United States
6699,Consumer,Caguas,PR,Puerto Rico
6700,Consumer,Eagle Pass,TX,United States
6701,Consumer,Endicott,NY,United States
6702,Consumer,Caguas,PR,Puerto Rico
6703,Consumer,Columbus,GA,United States
6704,Consumer,Oregon City,OR,United States
6705,Consumer,Vista,CA,United States
6706,Consumer,Caguas,PR,Puerto Rico
6707,Corporate,Norfolk,VA,United States
6708,Corporate,Virginia Beach,VA,United States
6709,Corporate,Caguas,PR,Puerto Rico
6710,Corporate,Santa Fe,NM,United States
6711,Corporate,Yauco,PR,Puerto Rico
6712,Consumer,Caguas,PR,Puerto Rico
6713,Consumer,San Diego,CA,United States
6714,Consumer,Smyrna,GA,United States
6715,Consumer,Caguas,PR,Puerto Rico
6716,Consumer,Cordova,TN,United States
6717,Consumer,Caguas,PR,Puerto Rico
6718,Corporate,Pittsburg,CA,United States
6719,Corporate,Encinitas,CA,United States
6720,Consumer,Caguas,PR,Puerto Rico
6721,Corporate,North Hills,CA,United States
6722,Corporate,Normal,IL,United States
6723,Corporate,Caguas,PR,Puerto Rico
6724,Corporate,Chicago,IL,United States
6725,Corporate,Philadelphia,PA,United States
6726,Corporate,Caguas,PR,Puerto Rico
6727,Corporate,Ridgewood,NY,United States
6728,Corporate,Caguas,PR,Puerto Rico
6729,Corporate,Bridgeton,NJ,United States
6730,Corporate,Caguas,PR,Puerto Rico
6731,Corporate,Norwalk,CA,United States
6732,Consumer,Honolulu,HI,United States
6733,Consumer,Caguas,PR,Puerto Rico
6734,Home Office,Hialeah,FL,United States
6735,Corporate,Caguas,PR,Puerto Rico
6736,Corporate,San Diego,CA,United States
6737,Consumer,Moreno Valley,CA,United States
6738,Consumer,Caguas,PR,Puerto Rico
6739,Consumer,Lake Forest,CA,United States
6740,Corporate,Zanesville,OH,United States
6741,Corporate,Winter Park,FL,United States
6742,Corporate,Caguas,PR,Puerto Rico
6743,Consumer,Dallas,TX,United States
6744,Corporate,Caguas,PR,Puerto Rico
6745,Corporate,Chicago,IL,United States
6746,Home Office,Caguas,PR,Puerto Rico
6747,Home Office,San Diego,CA,United States
6748,Home Office,Greensboro,NC,United States
6749,Home Office,Sheboygan,WI,United States
6750,Consumer,Caguas,PR,Puerto Rico
6751,Consumer,Los Angeles,CA,United States
6752,Consumer,Caguas,PR,Puerto Rico
6753,Home Office,Winter Park,FL,United States
6754,Home Office,Caguas,PR,Puerto Rico
6755,Home Office,Passaic,NJ,United States
6756,Home Office,Metairie,LA,United States
6757,Consumer,Caguas,PR,Puerto Rico
6758,Consumer,Santa Ana,CA,United States
6759,Consumer,Caguas,PR,Puerto Rico
6760,Consumer,Oceanside,CA,United States
6761,Consumer,Orange Park,FL,United States
6762,Home Office,Caguas,PR,Puerto Rico
6763,Corporate,Los Angeles,CA,United States
6764,Home Office,Caguas,PR,Puerto Rico
6765,Home Office,Silver Spring,MD,United States
6766,Consumer,Fort Washington,MD,United States
6767,Consumer,Caguas,PR,Puerto Rico
6768,Consumer,Laguna Hills,CA,United States
6769,Home Office,Walnut,CA,United States
6770,Home Office,Caguas,PR,Puerto Rico
6771,Consumer,Tucson,AZ,United States
6772,Consumer,Caguas,PR,Puerto Rico
6773,Corporate,San Jose,CA,United States
6774,Consumer,Caguas,PR,Puerto Rico
6775,Consumer,Mayaguez,PR,Puerto Rico
6776,Consumer,San Diego,CA,United States
6777,Consumer,Cumberland,MD,United States
6778,Consumer,Caguas,PR,Puerto Rico
6779,Corporate,Pacoima,CA,United States
6780,Corporate,Lancaster,SC,United States
6781,Corporate,Caguas,PR,Puerto Rico
6782,Consumer,Roseburg,OR,United States
6783,Corporate,Caguas,PR,Puerto Rico
6784,Corporate,O Fallon,MO,United States
6785,Corporate,Caguas,PR,Puerto Rico
6786,Corporate,San Jose,CA,United States
6787,Corporate,Caguas,PR,Puerto Rico
6788,Corporate,Lake Forest,CA,United States
6789,Corporate,Pompano Beach,FL,United States
6790,Corporate,Caguas,PR,Puerto Rico
6791,Consumer,Orlando,FL,United States
6792,Consumer,Caguas,PR,Puerto Rico
6793,Consumer,Plano,TX,United States
6794,Consumer,Caguas,PR,Puerto Rico
6795,Consumer,Granada Hills,CA,United States
6796,Consumer,Lenoir,NC,United States
6797,Consumer,Caguas,PR,Puerto Rico
6798,Consumer,Gaithersburg,MD,United States
6799,Consumer,Caguas,PR,Puerto Rico
6800,Corporate,West Covina,CA,United States
6801,Consumer,Caguas,PR,Puerto Rico
6802,Corporate,Alpharetta,GA,United States
6803,Home Office,Louisville,KY,United States
6804,Home Office,Caguas,PR,Puerto Rico
6805,Home Office,San Francisco,CA,United States
6806,Home Office,Caguas,PR,Puerto Rico
6807,Corporate,Davis,CA,United States
6808,Corporate,Endicott,NY,United States
6809,Consumer,Caguas,PR,Puerto Rico
6810,Consumer,Philadelphia,PA,United States
6811,Consumer,Caguas,PR,Puerto Rico
6812,Consumer,Cleveland,OH,United States
6813,Corporate,Caguas,PR,Puerto Rico
6814,Consumer,Chicago,IL,United States
6815,Consumer,Los Angeles,CA,United States
6816,Corporate,Caguas,PR,Puerto Rico
6817,Consumer,Zanesville,OH,United States
6818,Home Office,Carson,CA,United States
6819,Home Office,Greensboro,NC,United States
6820,Home Office,Caguas,PR,Puerto Rico
6821,Home Office,Los Angeles,CA,United States
6822,Home Office,Caguas,PR,Puerto Rico
6823,Home Office,Chicago,IL,United States
6824,Home Office,Escondido,CA,United States
6825,Home Office,Caguas,PR,Puerto Rico
6826,Home Office,Staten Island,NY,United States
6827,Home Office,Caguas,PR,Puerto Rico
6828,Home Office,Jersey City,NJ,United States
6829,Consumer,Caguas,PR,Puerto Rico
6830,Consumer,Lakewood,OH,United States
6831,Consumer,Modesto,CA,United States
6832,Consumer,Saint Louis,MO,United States
6833,Corporate,Caguas,PR,Puerto Rico
6834,Consumer,Fresno,CA,United States
6835,Consumer,Wilkes Barre,PA,United States
6836,Consumer,Albuquerque,NM,United States
6837,Corporate,Caguas,PR,Puerto Rico
6838,Home Office,New York,NY,United States
6839,Corporate,Austin,TX,United States
6840,Corporate,Caguas,PR,Puerto Rico
6841,Corporate,Los Angeles,CA,United States
6842,Corporate,San Diego,CA,United States
6843,Consumer,New York,NY,United States
6844,Consumer,Caguas,PR,Puerto Rico
6845,Home Office,Los Angeles,CA,United States
6846,Consumer,Saint Louis,MO,United States
6847,Consumer,Caguas,PR,Puerto Rico
6848,Consumer,Phoenix,AZ,United States
6849,Consumer,Caguas,PR,Puerto Rico
6850,Consumer,Albuquerque,NM,United States
6851,Consumer,Westland,MI,United States
6852,Consumer,Caguas,PR,Puerto Rico
6853,Consumer,Dayton,OH,United States
6854,Consumer,Caguas,PR,Puerto Rico
6855,Corporate,Philadelphia,PA,United States
6856,Corporate,Plainfield,IL,United States
6857,Corporate,Caguas,PR,Puerto Rico
6858,Corporate,Hialeah,FL,United States
6859,Consumer,Littleton,CO,United States
6860,Consumer,Potomac,MD,United States
6861,Consumer,Caguas,PR,Puerto Rico
6862,Consumer,Watsonville,CA,United States
6863,Corporate,Memphis,TN,United States
6864,Corporate,Caguas,PR,Puerto Rico
6865,Consumer,Moline,IL,United States
6866,Consumer,Caguas,PR,Puerto Rico
6867,Consumer,Cicero,IL,United States
6868,Corporate,Detroit,MI,United States
6869,Home Office,Wayne,NJ,United States
6870,Home Office,San Diego,CA,United States
6871,Home Office,Caguas,PR,Puerto Rico
6872,Corporate,Azusa,CA,United States
6873,Corporate,Albuquerque,NM,United States
6874,Corporate,Caguas,PR,Puerto Rico
6875,Corporate,Newark,NJ,United States
6876,Corporate,Caguas,PR,Puerto Rico
6877,Corporate,Lancaster,PA,United States
6878,Corporate,Caguas,PR,Puerto Rico
6879,Consumer,Sanford,NC,United States
6880,Consumer,Annandale,VA,United States
6881,Consumer,Caguas,PR,Puerto Rico
6882,Home Office,Newark,NJ,United States
6883,Corporate,Caguas,PR,Puerto Rico
6884,Consumer,Peabody,MA,United States
6885,Consumer,Cypress,CA,United States
6886,Consumer,Lawrence,MA,United States
6887,Consumer,Caguas,PR,Puerto Rico
6888,Corporate,San Jose,CA,United States
6889,Consumer,Hanford,CA,United States
6890,Consumer,Roswell,NM,United States
6891,Consumer,Caguas,PR,Puerto Rico
6892,Consumer,Bakersfield,CA,United States
6893,Consumer,Caguas,PR,Puerto Rico
6894,Corporate,Raleigh,NC,United States
6895,Corporate,Caguas,PR,Puerto Rico
6896,Corporate,Santa Ana,CA,United States
6897,Corporate,Columbus,GA,United States
6898,Corporate,Caguas,PR,Puerto Rico
6899,Consumer,Albuquerque,NM,United States
6900,Consumer,Caguas,PR,Puerto Rico
6901,Consumer,Garland,TX,United States
6902,Consumer,Caguas,PR,Puerto Rico
6903,Consumer,New York,NY,United States
6904,Consumer,Hamilton,OH,United States
6905,Consumer,Caguas,PR,Puerto Rico
6906,Consumer,Dallas,TX,United States
6907,Consumer,El Paso,TX,United States
6908,Consumer,Denver,CO,United States
6909,Consumer,Florissant,MO,United States
6910,Consumer,Caguas,PR,Puerto Rico
6911,Corporate,San Diego,CA,United States
6912,Corporate,Bayamon,PR,Puerto Rico
6913,Home Office,Cypress,CA,United States
6914,Corporate,San Diego,CA,United States
6915,Corporate,Caguas,PR,Puerto Rico
6916,Home Office,Escondido,CA,United States
6917,Home Office,Beloit,WI,United States
6918,Home Office,Caguas,PR,Puerto Rico
6919,Consumer,San Pablo,CA,United States
6920,Consumer,Chicago,IL,United States
6921,Consumer,Caguas,PR,Puerto Rico
6922,Consumer,Frankfort,KY,United States
6923,Corporate,Miami,FL,United States
6924,Consumer,Caguas,PR,Puerto Rico
6925,Consumer,New York,NY,United States
6926,Consumer,Harlingen,TX,United States
6927,Consumer,Summerville,SC,United States
6928,Consumer,Caguas,PR,Puerto Rico
6929,Home Office,Pittsfield,MA,United States
6930,Home Office,Honolulu,HI,United States
6931,Consumer,Caguas,PR,Puerto Rico
6932,Home Office,Brooklyn,NY,United States
6933,Consumer,Taylor,MI,United States
6934,Corporate,Middletown,OH,United States
6935,Corporate,Caguas,PR,Puerto Rico
6936,Consumer,Findlay,OH,United States
6937,Consumer,Caguas,PR,Puerto Rico
6938,Consumer,Albuquerque,NM,United States
6939,Consumer,Caguas,PR,Puerto Rico
6940,Consumer,Encinitas,CA,United States
6941,Home Office,Caguas,PR,Puerto Rico
6942,Home Office,Long Beach,CA,United States
6943,Home Office,Opelousas,LA,United States
6944,Home Office,Caguas,PR,Puerto Rico
6945,Home Office,Richmond,TX,United States
6946,Corporate,Caguas,PR,Puerto Rico
6947,Consumer,Los Angeles,CA,United States
6948,Consumer,Round Rock,TX,United States
6949,Home Office,Caguas,PR,Puerto Rico
6950,Corporate,Marrero,LA,United States
6951,Corporate,East Brunswick,NJ,United States
6952,Consumer,Caguas,PR,Puerto Rico
6953,Home Office,Brooklyn,NY,United States
6954,Home Office,Lawrenceville,GA,United States
6955,Corporate,Caguas,PR,Puerto Rico
6956,Corporate,Joliet,IL,United States
6957,Corporate,Los Angeles,CA,United States
6958,Corporate,Caguas,PR,Puerto Rico
6959,Consumer,Fairfield,OH,United States
6960,Consumer,Caguas,PR,Puerto Rico
6961,Corporate,Costa Mesa,CA,United States
6962,Corporate,Elgin,IL,United States
6963,Corporate,Harlingen,TX,United States
6964,Corporate,Caguas,PR,Puerto Rico
6965,Corporate,Hialeah,FL,United States
6966,Corporate,Caguas,PR,Puerto Rico
6967,Corporate,Oceanside,CA,United States
6968,Corporate,Elyria,OH,United States
6969,Corporate,Tustin,CA,United States
6970,Corporate,Strongsville,OH,United States
6971,Corporate,Caguas,PR,Puerto Rico
6972,Corporate,Fairfield,CA,United States
6973,Home Office,Chula Vista,CA,United States
6974,Home Office,Chicago,IL,United States
6975,Consumer,Caguas,PR,Puerto Rico
6976,Home Office,Tulare,CA,United States
6977,Consumer,Caguas,PR,Puerto Rico
6978,Consumer,Los Angeles,CA,United States
6979,Home Office,Hyattsville,MD,United States
6980,Home Office,Caguas,PR,Puerto Rico
6981,Home Office,Long Beach,CA,United States
6982,Corporate,Canyon Country,CA,United States
6983,Consumer,Caguas,PR,Puerto Rico
6984,Consumer,Chicago,IL,United States
6985,Consumer,Caguas,PR,Puerto Rico
6986,Consumer,North Hollywood,CA,United States
6987,Corporate,Caguas,PR,Puerto Rico
6988,Corporate,Denton,TX,United States
6989,Corporate,Caguas,PR,Puerto Rico
6990,Corporate,New York,NY,United States
6991,Corporate,Caguas,PR,Puerto Rico
6992,Corporate,Oxnard,CA,United States
6993,Home Office,Bakersfield,CA,United States
6994,Home Office,Caguas,PR,Puerto Rico
6995,Home Office,Brandon,FL,United States
6996,Consumer,Caguas,PR,Puerto Rico
6997,Consumer,Fresno,CA,United States
6998,Consumer,Caguas,PR,Puerto Rico
6999,Consumer,Cicero,IL,United States
7000,Consumer,Indianapolis,IN,United States
7001,Consumer,Caguas,PR,Puerto Rico
7002,Consumer,Wyoming,MI,United States
7003,Consumer,Caguas,PR,Puerto Rico
7004,Consumer,Hagerstown,MD,United States
7005,Consumer,Caguas,PR,Puerto Rico
7006,Consumer,Arlington,VA,United States
7007,Consumer,Caguas,PR,Puerto Rico
7008,Corporate,Hialeah,FL,United States
7009,Consumer,Lancaster,CA,United States
7010,Home Office,Caguas,PR,Puerto Rico
7012,Consumer,Caguas,PR,Puerto Rico
7013,Consumer,Amarillo,TX,United States
7014,Consumer,Caguas,PR,Puerto Rico
7015,Corporate,Rosemead,CA,United States
7016,Corporate,Columbia,MO,United States
7017,Corporate,Caguas,PR,Puerto Rico
7018,Consumer,Fontana,CA,United States
7019,Consumer,Bellflower,CA,United States
7020,Consumer,Lancaster,PA,United States
7021,Consumer,Caguas,PR,Puerto Rico
7022,Corporate,Miami,FL,United States
7023,Consumer,Everett,WA,United States
7024,Consumer,Caguas,PR,Puerto Rico
7025,Corporate,Buffalo,NY,United States
7026,Corporate,Caguas,PR,Puerto Rico
7027,Consumer,Joliet,IL,United States
7028,Corporate,Caguas,PR,Puerto Rico
7029,Consumer,North Hollywood,CA,United States
7030,Consumer,Alpharetta,GA,United States
7031,Consumer,Caguas,PR,Puerto Rico
7032,Consumer,Memphis,TN,United States
7033,Corporate,Henrico,VA,United States
7034,Corporate,Bismarck,ND,United States
7035,Corporate,Caguas,PR,Puerto Rico
7036,Corporate,Sanford,NC,United States
7037,Consumer,New York,NY,United States
7038,Consumer,Lancaster,PA,United States
7039,Corporate,Caguas,PR,Puerto Rico
7040,Consumer,Pompano Beach,FL,United States
7041,Consumer,Elmhurst,IL,United States
7042,Home Office,Caguas,PR,Puerto Rico
7043,Consumer,Brooklyn,NY,United States
7044,Consumer,Detroit,MI,United States
7045,Consumer,Caguas,PR,Puerto Rico
7046,Home Office,Memphis,TN,United States
7047,Consumer,Caguas,PR,Puerto Rico
7048,Home Office,Salt Lake City,UT,United States
7049,Corporate,Caguas,PR,Puerto Rico
7050,Consumer,Porterville,CA,United States
7051,Consumer,Wheaton,IL,United States
7052,Consumer,Albany,OR,United States
7053,Consumer,Saginaw,MI,United States
7054,Consumer,Caguas,PR,Puerto Rico
7055,Consumer,Pompano Beach,FL,United States
7056,Consumer,Caguas,PR,Puerto Rico
7057,Consumer,Carson,CA,United States
7058,Consumer,Caguas,PR,Puerto Rico
7059,Consumer,Colorado Springs,CO,United States
7060,Home Office,Caguas,PR,Puerto Rico
7061,Consumer,Marietta,GA,United States
7062,Consumer,Caguas,PR,Puerto Rico
7063,Corporate,Brownsville,TX,United States
7064,Corporate,Fairfield,CA,United States
7065,Corporate,Olathe,KS,United States
7066,Consumer,Fresno,CA,United States
7067,Corporate,Sacramento,CA,United States
7068,Corporate,Caguas,PR,Puerto Rico
7069,Corporate,Santa Clara,CA,United States
7070,Corporate,Caguas,PR,Puerto Rico
7071,Home Office,North Richland Hills,TX,United States
7072,Consumer,Mililani,HI,United States
7073,Consumer,Del Rio,TX,United States
7074,Consumer,Caguas,PR,Puerto Rico
7075,Home Office,San Jose,CA,United States
7076,Home Office,Clovis,CA,United States
7077,Home Office,Caguas,PR,Puerto Rico
7078,Home Office,Las Vegas,NV,United States
7079,Home Office,Marietta,GA,United States
7080,Consumer,Washington,DC,United States
7081,Consumer,Caguas,PR,Puerto Rico
7082,Consumer,Fort Lauderdale,FL,United States
7083,Home Office,Caguas,PR,Puerto Rico
7084,Home Office,Porterville,CA,United States
7085,Corporate,Longview,WA,United States
7086,Corporate,Caguas,PR,Puerto Rico
7087,Consumer,Brooklyn,NY,United States
7088,Corporate,Westerville,OH,United States
7089,Consumer,Juana Diaz,PR,Puerto Rico
7090,Consumer,Van Nuys,CA,United States
7091,Consumer,Taunton,MA,United States
7092,Consumer,Caguas,PR,Puerto Rico
7093,Consumer,Lilburn,GA,United States
7094,Consumer,Newark,NJ,United States
7095,Consumer,Caguas,PR,Puerto Rico
7096,Consumer,Vista,CA,United States
7097,Consumer,Caguas,PR,Puerto Rico
7098,Consumer,Chicago,IL,United States
7099,Consumer,Orlando,FL,United States
7100,Consumer,Wichita,KS,United States
7101,Consumer,Caguas,PR,Puerto Rico
7102,Consumer,Staten Island,NY,United States
7103,Consumer,Chicago,IL,United States
7104,Home Office,Caguas,PR,Puerto Rico
7105,Home Office,El Paso,TX,United States
7106,Home Office,Detroit,MI,United States
7107,Home Office,Caguas,PR,Puerto Rico
7108,Home Office,Chicago,IL,United States
7109,Corporate,Chicago,IL,United States
7110,Consumer,Beaverton,OR,United States
7111,Home Office,Ewa Beach,HI,United States
7112,Home Office,Caguas,PR,Puerto Rico
7113,Corporate,North Richland Hills,TX,United States
7114,Corporate,Cleveland,OH,United States
7115,Corporate,Caguas,PR,Puerto Rico
7116,Corporate,Walnut,CA,United States
7117,Consumer,Caguas,PR,Puerto Rico
7118,Consumer,York,PA,United States
7119,Consumer,Caguas,PR,Puerto Rico
7120,Consumer,South Richmond Hill,NY,United States
7121,Consumer,Caguas,PR,Puerto Rico
7122,Consumer,New York,NY,United States
7123,Consumer,Meridian,ID,United States
7124,Consumer,Caguas,PR,Puerto Rico
7125,Consumer,Ontario,CA,United States
7126,Consumer,Caguas,PR,Puerto Rico
7127,Consumer,Bronx,NY,United States
7128,Consumer,Gardena,CA,United States
7129,Corporate,Caguas,PR,Puerto Rico
7130,Corporate,Brooklyn,NY,United States
7131,Corporate,San Diego,CA,United States
7132,Consumer,Caguas,PR,Puerto Rico
7133,Consumer,Saint Paul,MN,United States
7135,Consumer,Woodbridge,VA,United States
7136,Consumer,Caguas,PR,Puerto Rico
7137,Consumer,Daly City,CA,United States
7139,Home Office,Baldwin Park,CA,United States
7140,Corporate,San Jose,CA,United States
7141,Corporate,Sacramento,CA,United States
7142,Home Office,Caguas,PR,Puerto Rico
7143,Home Office,Brooklyn,NY,United States
7144,Home Office,New York,NY,United States
7145,Home Office,Lancaster,OH,United States
7146,Consumer,Caguas,PR,Puerto Rico
7147,Corporate,La Crosse,WI,United States
7148,Corporate,Caguas,PR,Puerto Rico
7149,Corporate,Cleveland,OH,United States
7150,Consumer,Algonquin,IL,United States
7151,Consumer,Caguas,PR,Puerto Rico
7152,Consumer,Daly City,CA,United States
7153,Consumer,Caguas,PR,Puerto Rico
7154,Home Office,Chicago,IL,United States
7155,Home Office,Lawrence,MA,United States
7156,Home Office,Caguas,PR,Puerto Rico
7157,Corporate,Vallejo,CA,United States
7158,Consumer,Caguas,PR,Puerto Rico
7159,Consumer,Hawthorne,CA,United States
7160,Corporate,Diamond Bar,CA,United States
7161,Corporate,Caguas,PR,Puerto Rico
7162,Corporate,Brooklyn,NY,United States
7163,Corporate,Detroit,MI,United States
7164,Corporate,Huntington Station,NY,United States
7165,Home Office,Caguas,PR,Puerto Rico
7166,Home Office,Victorville,CA,United States
7167,Consumer,Caguas,PR,Puerto Rico
7168,Consumer,Tallahassee,FL,United States
7169,Consumer,Caguas,PR,Puerto Rico
7170,Consumer,San Diego,CA,United States
7171,Consumer,Caguas,PR,Puerto Rico
7172,Corporate,Bayamon,PR,Puerto Rico
7173,Consumer,Salem,OR,United States
7174,Corporate,Martinez,CA,United States
7175,Consumer,Caguas,PR,Puerto Rico
7176,Corporate,Williamsport,PA,United States
7177,Consumer,Caguas,PR,Puerto Rico
7178,Corporate,Greenville,NC,United States
7179,Corporate,Caguas,PR,Puerto Rico
7180,Consumer,Pacoima,CA,United States
7181,Consumer,Sumner,WA,United States
7182,Consumer,Caguas,PR,Puerto Rico
7183,Consumer,Hacienda Heights,CA,United States
7184,Consumer,Caguas,PR,Puerto Rico
7185,Corporate,Wichita,KS,United States
7186,Consumer,Caguas,PR,Puerto Rico
7187,Corporate,Apex,NC,United States
7188,Corporate,Caguas,PR,Puerto Rico
7189,Consumer,Jonesboro,AR,United States
7190,Consumer,Caguas,PR,Puerto Rico
7191,Consumer,Berwyn,IL,United States
7192,Consumer,Cumberland,MD,United States
7193,Corporate,Caguas,PR,Puerto Rico
7194,Corporate,Vallejo,CA,United States
7195,Consumer,Newark,NJ,United States
7196,Corporate,Caguas,PR,Puerto Rico
7197,Consumer,Saginaw,MI,United States
7198,Corporate,Caguas,PR,Puerto Rico
7199,Consumer,Miami,FL,United States
7200,Consumer,Caguas,PR,Puerto Rico
7201,Consumer,Opa Locka,FL,United States
7202,Consumer,Caguas,PR,Puerto Rico
7203,Consumer,Bronx,NY,United States
7204,Consumer,Fresno,CA,United States
7205,Consumer,Carrollton,TX,United States
7206,Consumer,Caguas,PR,Puerto Rico
7207,Consumer,Washington,DC,United States
7208,Consumer,Middletown,CT,United States
7209,Consumer,Caguas,PR,Puerto Rico
7210,Consumer,New York,NY,United States
7211,Corporate,Littleton,CO,United States
7212,Corporate,Fort Worth,TX,United States
7213,Corporate,Caguas,PR,Puerto Rico
7214,Corporate,Memphis,TN,United States
7215,Consumer,Caguas,PR,Puerto Rico
7216,Consumer,Highland,CA,United States
7217,Corporate,Caguas,PR,Puerto Rico
7218,Consumer,Brooklyn,NY,United States
7219,Consumer,Detroit,MI,United States
7220,Consumer,Lansdale,PA,United States
7221,Consumer,Caguas,PR,Puerto Rico
7222,Consumer,Lompoc,CA,United States
7223,Consumer,Caguas,PR,Puerto Rico
7224,Home Office,New York,NY,United States
7225,Home Office,Miami,FL,United States
7226,Home Office,Michigan City,IN,United States
7227,Consumer,Caguas,PR,Puerto Rico
7228,Consumer,Wayne,NJ,United States
7229,Corporate,Newburgh,NY,United States
7230,Corporate,Caguas,PR,Puerto Rico
7231,Consumer,Stamford,CT,United States
7232,Corporate,Caguas,PR,Puerto Rico
7233,Corporate,Chicago,IL,United States
7234,Consumer,San Antonio,TX,United States
7235,Consumer,Caguas,PR,Puerto Rico
7236,Consumer,Columbia,MO,United States
7237,Corporate,Caguas,PR,Puerto Rico
7238,Corporate,Honolulu,HI,United States
7239,Corporate,Caguas,PR,Puerto Rico
7240,Corporate,Brooklyn,NY,United States
7241,Corporate,Caguas,PR,Puerto Rico
7242,Consumer,Princeton,NJ,United States
7243,Consumer,Caguas,PR,Puerto Rico
7244,Home Office,College Station,TX,United States
7245,Home Office,Caguas,PR,Puerto Rico
7246,Consumer,Raleigh,NC,United States
7247,Consumer,Caguas,PR,Puerto Rico
7248,Consumer,Houston,TX,United States
7249,Corporate,Apex,NC,United States
7250,Corporate,Caguas,PR,Puerto Rico
7251,Consumer,Los Angeles,CA,United States
7252,Consumer,Freehold,NJ,United States
7253,Consumer,Powder Springs,GA,United States
7254,Consumer,Caguas,PR,Puerto Rico
7255,Consumer,Saint Louis,MO,United States
7256,Corporate,Caguas,PR,Puerto Rico
7257,Consumer,Aguadilla,PR,Puerto Rico
7258,Consumer,Caguas,PR,Puerto Rico
7259,Corporate,Murfreesboro,TN,United States
7260,Corporate,Caguas,PR,Puerto Rico
7261,Consumer,Broomfield,CO,United States
7262,Consumer,Webster,NY,United States
7263,Consumer,Caguas,PR,Puerto Rico
7264,Home Office,Fresno,CA,United States
7265,Home Office,Caguas,PR,Puerto Rico
7266,Home Office,Gilroy,CA,United States
7267,Home Office,Caguas,PR,Puerto Rico
7268,Corporate,Davis,CA,United States
7269,Consumer,San Jose,CA,United States
7270,Consumer,Caguas,PR,Puerto Rico
7271,Consumer,Stamford,CT,United States
7272,Consumer,Jersey City,NJ,United States
7273,Consumer,Bayamon,PR,Puerto Rico
7274,Consumer,Caguas,PR,Puerto Rico
7275,Corporate,Billings,MT,United States
7276,Consumer,Caguas,PR,Puerto Rico
7277,Corporate,Littleton,CO,United States
7278,Corporate,Tucson,AZ,United States
7279,Consumer,Massillon,OH,United States
7280,Corporate,Caguas,PR,Puerto Rico
7281,Corporate,Chicago,IL,United States
7282,Corporate,Hanford,CA,United States
7283,Corporate,West Chester,PA,United States
7284,Consumer,Greeley,CO,United States
7285,Consumer,Caguas,PR,Puerto Rico
7286,Home Office,Mount Pleasant,MI,United States
7287,Home Office,Caguas,PR,Puerto Rico
7288,Consumer,Laguna Hills,CA,United States
7289,Consumer,Los Angeles,CA,United States
7290,Consumer,Caguas,PR,Puerto Rico
7291,Corporate,Detroit,MI,United States
7292,Consumer,Caguas,PR,Puerto Rico
7293,Consumer,Lancaster,SC,United States
7294,Consumer,Caguas,PR,Puerto Rico
7295,Home Office,Upland,CA,United States
7296,Corporate,Caguas,PR,Puerto Rico
7297,Consumer,Carmichael,CA,United States
7298,Consumer,Oak Lawn,IL,United States
7299,Consumer,Caguas,PR,Puerto Rico
7300,Consumer,New Bedford,MA,United States
7301,Corporate,Caguas,PR,Puerto Rico
7302,Corporate,Brooklyn,NY,United States
7303,Corporate,Madison,WI,United States
7304,Consumer,Caguas,PR,Puerto Rico
7305,Corporate,Brooklyn,NY,United States
7306,Corporate,Chicago,IL,United States
7307,Corporate,Palatine,IL,United States
7308,Home Office,Columbus,OH,United States
7309,Home Office,Caguas,PR,Puerto Rico
7310,Consumer,Saint Charles,MO,United States
7311,Consumer,Caguas,PR,Puerto Rico
7312,Consumer,Union City,CA,United States
7313,Consumer,Astoria,NY,United States
7314,Consumer,Caguas,PR,Puerto Rico
7315,Home Office,Elgin,IL,United States
7316,Corporate,Baytown,TX,United States
7317,Consumer,Caguas,PR,Puerto Rico
7318,Corporate,Memphis,TN,United States
7319,Corporate,Caguas,PR,Puerto Rico
7320,Corporate,Salina,KS,United States
7321,Corporate,Caguas,PR,Puerto Rico
7322,Corporate,Chicago,IL,United States
7323,Corporate,Caguas,PR,Puerto Rico
7324,Consumer,Philadelphia,PA,United States
7325,Consumer,Caguas,PR,Puerto Rico
7326,Consumer,Aurora,IL,United States
7327,Consumer,Orlando,FL,United States
7328,Consumer,Caguas,PR,Puerto Rico
7329,Consumer,Las Vegas,NV,United States
7330,Consumer,Caguas,PR,Puerto Rico
7331,Consumer,Lombard,IL,United States
7332,Corporate,Fond Du Lac,WI,United States
7333,Consumer,Richardson,TX,United States
7334,Consumer,Caguas,PR,Puerto Rico
7335,Corporate,Lancaster,OH,United States
7336,Consumer,Miami,FL,United States
7337,Corporate,Caguas,PR,Puerto Rico
7338,Corporate,Santee,CA,United States
7339,Corporate,Caguas,PR,Puerto Rico
7340,Corporate,Los Angeles,CA,United States
7341,Consumer,Caguas,PR,Puerto Rico
7342,Consumer,Greeley,CO,United States
7343,Consumer,Caguas,PR,Puerto Rico
7344,Corporate,Lancaster,PA,United States
7345,Corporate,Fresno,CA,United States
7346,Home Office,Caguas,PR,Puerto Rico
7347,Corporate,Huntington Station,NY,United States
7348,Corporate,Brownsville,TX,United States
7349,Corporate,Caguas,PR,Puerto Rico
7350,Corporate,Salt Lake City,UT,United States
7351,Consumer,Caguas,PR,Puerto Rico
7352,Consumer,Anaheim,CA,United States
7353,Corporate,Caguas,PR,Puerto Rico
7354,Consumer,Flushing,NY,United States
7355,Consumer,San Diego,CA,United States
7356,Consumer,Caguas,PR,Puerto Rico
7357,Consumer,Caguas,PR,Puerto Rico
7358,Consumer,Carmichael,CA,United States
7359,Consumer,Jackson,MI,United States
7360,Consumer,Caguas,PR,Puerto Rico
7361,Home Office,Carolina,PR,Puerto Rico
7362,Consumer,Lakewood,OH,United States
7363,Consumer,Tonawanda,NY,United States
7364,Consumer,Caguas,PR,Puerto Rico
7365,Consumer,Elmhurst,NY,United States
7366,Consumer,Columbia,SC,United States
7367,Consumer,Caguas,PR,Puerto Rico
7368,Home Office,Portland,OR,United States
7369,Corporate,Caguas,PR,Puerto Rico
7370,Corporate,Rock Hill,SC,United States
7371,Corporate,Caguas,PR,Puerto Rico
7372,Corporate,Marion,OH,United States
7373,Corporate,Hyattsville,MD,United States
7374,Consumer,Caguas,PR,Puerto Rico
7375,Corporate,Hagerstown,MD,United States
7376,Consumer,Lombard,IL,United States
7377,Consumer,Caguas,PR,Puerto Rico
7378,Consumer,Pico Rivera,CA,United States
7379,Consumer,Marrero,LA,United States
7380,Consumer,Caguas,PR,Puerto Rico
7381,Consumer,Rio Rancho,NM,United States
7382,Consumer,Chicago,IL,United States
7383,Consumer,Aurora,IL,United States
7384,Consumer,Caguas,PR,Puerto Rico
7385,Home Office,Phoenix,AZ,United States
7386,Home Office,Caguas,PR,Puerto Rico
7387,Home Office,Phoenix,AZ,United States
7388,Home Office,Tampa,FL,United States
7389,Consumer,Caguas,PR,Puerto Rico
7390,Consumer,New Bedford,MA,United States
7391,Consumer,Caguas,PR,Puerto Rico
7392,Home Office,Philadelphia,PA,United States
7393,Home Office,Caguas,PR,Puerto Rico
7394,Home Office,Bellingham,WA,United States
7395,Corporate,East Brunswick,NJ,United States
7396,Home Office,Caguas,PR,Puerto Rico
7397,Home Office,Jersey City,NJ,United States
7398,Home Office,Caguas,PR,Puerto Rico
7399,Home Office,Los Angeles,CA,United States
7400,Home Office,Caguas,PR,Puerto Rico
7401,Corporate,Santa Clara,CA,United States
7402,Consumer,Caguas,PR,Puerto Rico
7403,Consumer,Honolulu,HI,United States
7404,Consumer,Caguas,PR,Puerto Rico
7405,Consumer,Mission Viejo,CA,United States
7406,Consumer,Atlanta,GA,United States
7407,Consumer,Caguas,PR,Puerto Rico
7408,Home Office,Peoria,AZ,United States
7409,Consumer,Caguas,PR,Puerto Rico
7410,Consumer,Quincy,IL,United States
7411,Consumer,Fresno,CA,United States
7412,Consumer,Caguas,PR,Puerto Rico
7413,Consumer,San Bernardino,CA,United States
7414,Consumer,Laredo,TX,United States
7415,Consumer,Caguas,PR,Puerto Rico
7416,Corporate,Sandusky,OH,United States
7417,Home Office,Caguas,PR,Puerto Rico
7418,Home Office,El Paso,TX,United States
7419,Consumer,Las Vegas,NV,United States
7420,Consumer,Caguas,PR,Puerto Rico
7421,Consumer,Dallas,TX,United States
7422,Consumer,San Jose,CA,United States
7423,Consumer,Cleveland,OH,United States
7424,Consumer,Caguas,PR,Puerto Rico
7425,Consumer,Pompano Beach,FL,United States
7426,Home Office,Caguas,PR,Puerto Rico
7427,Home Office,Chicago,IL,United States
7428,Home Office,Caguas,PR,Puerto Rico
7429,Consumer,Houston,TX,United States
7430,Consumer,Caguas,PR,Puerto Rico
7431,Consumer,Houston,TX,United States
7432,Consumer,Columbus,OH,United States
7433,Consumer,Caguas,PR,Puerto Rico
7434,Consumer,Cordova,TN,United States
7435,Consumer,Caguas,PR,Puerto Rico
7436,Consumer,Fairfield,CA,United States
7437,Corporate,Corona,CA,United States
7438,Corporate,Katy,TX,United States
7439,Consumer,York,PA,United States
7440,Corporate,Caguas,PR,Puerto Rico
7441,Consumer,Joliet,IL,United States
7442,Consumer,Denton,TX,United States
7444,Consumer,Caguas,PR,Puerto Rico
7445,Consumer,Santa Cruz,CA,United States
7446,Consumer,Caguas,PR,Puerto Rico
7447,Consumer,San Jose,CA,United States
7448,Consumer,Apex,NC,United States
7449,Corporate,Caguas,PR,Puerto Rico
7450,Corporate,Pharr,TX,United States
7451,Corporate,Moline,IL,United States
7452,Corporate,Pekin,IL,United States
7453,Corporate,Caguas,PR,Puerto Rico
7454,Corporate,West Covina,CA,United States
7455,Corporate,Caguas,PR,Puerto Rico
7456,Corporate,Brooklyn,NY,United States
7457,Consumer,El Monte,CA,United States
7458,Consumer,Caguas,PR,Puerto Rico
7459,Consumer,Mayaguez,PR,Puerto Rico
7460,Consumer,East Brunswick,NJ,United States
7461,Consumer,Caguas,PR,Puerto Rico
7462,Consumer,Tucson,AZ,United States
7463,Consumer,Caguas,PR,Puerto Rico
7464,Consumer,Bell Gardens,CA,United States
7465,Consumer,Albuquerque,NM,United States
7466,Consumer,Caguas,PR,Puerto Rico
7467,Home Office,Levittown,NY,United States
7468,Home Office,Caguas,PR,Puerto Rico
7469,Consumer,Brooklyn,NY,United States
7470,Consumer,Orlando,FL,United States
7471,Corporate,Caguas,PR,Puerto Rico
7472,Consumer,Plymouth,MA,United States
7473,Consumer,Caguas,PR,Puerto Rico
7474,Corporate,Memphis,TN,United States
7475,Corporate,Bridgeton,NJ,United States
7476,Corporate,Austin,TX,United States
7477,Corporate,Caguas,PR,Puerto Rico
7478,Corporate,Buffalo,NY,United States
7479,Corporate,Caguas,PR,Puerto Rico
7480,Corporate,Trujillo Alto,PR,Puerto Rico
7481,Corporate,Caguas,PR,Puerto Rico
7482,Consumer,Stafford,VA,United States
7483,Consumer,Caguas,PR,Puerto Rico
7484,Consumer,North Hills,CA,United States
7485,Consumer,Caguas,PR,Puerto Rico
7486,Corporate,Azusa,CA,United States
7487,Consumer,Caguas,PR,Puerto Rico
7488,Corporate,Knoxville,TN,United States
7489,Corporate,Caguas,PR,Puerto Rico
7490,Consumer,Chapel Hill,NC,United States
7491,Consumer,Caguas,PR,Puerto Rico
7492,Consumer,Simi Valley,CA,United States
7493,Consumer,South Ozone Park,NY,United States
7494,Consumer,Caguas,PR,Puerto Rico
7495,Consumer,Colorado Springs,CO,United States
7496,Home Office,Caguas,PR,Puerto Rico
7497,Consumer,Chandler,AZ,United States
7498,Corporate,Milpitas,CA,United States
7499,Consumer,Seattle,WA,United States
7500,Consumer,Caguas,PR,Puerto Rico
7501,Consumer,Las Vegas,NV,United States
7502,Consumer,Caguas,PR,Puerto Rico
7503,Corporate,Union City,CA,United States
7504,Consumer,Lithonia,GA,United States
7505,Consumer,Indianapolis,IN,United States
7506,Consumer,Caguas,PR,Puerto Rico
7507,Corporate,Washington,DC,United States
7508,Corporate,Caguas,PR,Puerto Rico
7509,Corporate,Brooklyn,NY,United States
7510,Corporate,Albuquerque,NM,United States
7511,Consumer,Miami,FL,United States
7512,Consumer,Caguas,PR,Puerto Rico
7513,Consumer,El Paso,TX,United States
7514,Home Office,Caguas,PR,Puerto Rico
7515,Home Office,El Paso,TX,United States
7516,Consumer,Lynnwood,WA,United States
7517,Consumer,Caguas,PR,Puerto Rico
7518,Consumer,Oak Lawn,IL,United States
7519,Home Office,Caguas,PR,Puerto Rico
7520,Home Office,Catonsville,MD,United States
7521,Consumer,York,PA,United States
7522,Consumer,Caguas,PR,Puerto Rico
7523,Consumer,San Antonio,TX,United States
7524,Home Office,Mchenry,IL,United States
7525,Consumer,Caguas,PR,Puerto Rico
7526,Corporate,Jacksonville,FL,United States
7527,Corporate,Caguas,PR,Puerto Rico
7528,Corporate,Brooklyn,NY,United States
7529,Corporate,Denver,CO,United States
7530,Corporate,Long Beach,CA,United States
7531,Home Office,Caguas,PR,Puerto Rico
7532,Corporate,Philadelphia,PA,United States
7533,Corporate,Caguas,PR,Puerto Rico
7534,Corporate,Sylmar,CA,United States
7535,Corporate,Honolulu,HI,United States
7536,Corporate,Caguas,PR,Puerto Rico
7537,Consumer,San Antonio,TX,United States
7538,Consumer,Caguas,PR,Puerto Rico
7539,Consumer,Canyon Country,CA,United States
7540,Corporate,Lancaster,PA,United States
7541,Corporate,Pompano Beach,FL,United States
7542,Corporate,Buffalo,NY,United States
7543,Consumer,Caguas,PR,Puerto Rico
7544,Consumer,Detroit,MI,United States
7545,Consumer,Caguas,PR,Puerto Rico
7546,Home Office,Newark,NJ,United States
7547,Consumer,Caguas,PR,Puerto Rico
7548,Consumer,Hollywood,FL,United States
7549,Consumer,Phoenix,AZ,United States
7550,Consumer,Caguas,PR,Puerto Rico
7551,Consumer,El Paso,TX,United States
7553,Consumer,Caguas,PR,Puerto Rico
7554,Consumer,Baltimore,MD,United States
7555,Home Office,Caguas,PR,Puerto Rico
7556,Corporate,New York,NY,United States
7557,Corporate,Caguas,PR,Puerto Rico
7558,Corporate,Bronx,NY,United States
7559,Corporate,Chandler,AZ,United States
7560,Consumer,Caguas,PR,Puerto Rico
7561,Consumer,Tucson,AZ,United States
7562,Consumer,Escondido,CA,United States
7563,Home Office,Caguas,PR,Puerto Rico
7564,Consumer,Powder Springs,GA,United States
7565,Consumer,Las Vegas,NV,United States
7566,Consumer,Caguas,PR,Puerto Rico
7567,Consumer,Roseburg,OR,United States
7568,Corporate,Caguas,PR,Puerto Rico
7569,Consumer,San Jose,CA,United States
7570,Consumer,Caguas,PR,Puerto Rico
7571,Consumer,Chicago,IL,United States
7572,Consumer,Caguas,PR,Puerto Rico
7573,Consumer,Dubuque,IA,United States
7574,Consumer,Caguas,PR,Puerto Rico
7575,Home Office,Roseville,MI,United States
7576,Home Office,Caguas,PR,Puerto Rico
7577,Consumer,North Richland Hills,TX,United States
7578,Home Office,Pompano Beach,FL,United States
7579,Consumer,Phoenix,AZ,United States
7580,Consumer,Caguas,PR,Puerto Rico
7581,Consumer,Reno,NV,United States
7582,Consumer,Caguas,PR,Puerto Rico
7583,Consumer,Asheboro,NC,United States
7584,Consumer,Elgin,IL,United States
7585,Consumer,Caguas,PR,Puerto Rico
7586,Consumer,La Mirada,CA,United States
7587,Home Office,Caguas,PR,Puerto Rico
7588,Home Office,Rochester,NY,United States
7589,Home Office,Caguas,PR,Puerto Rico
7590,Home Office,Los Angeles,CA,United States
7591,Home Office,Caguas,PR,Puerto Rico
7592,Home Office,Detroit,MI,United States
7593,Home Office,New Haven,CT,United States
7594,Home Office,Wilkes Barre,PA,United States
7595,Home Office,Irwin,PA,United States
7596,Corporate,Caguas,PR,Puerto Rico
7597,Corporate,Paramount,CA,United States
7598,Corporate,San Benito,TX,United States
7599,Corporate,Caguas,PR,Puerto Rico
7600,Consumer,Hacienda Heights,CA,United States
7601,Corporate,Caguas,PR,Puerto Rico
7602,Corporate,Harlingen,TX,United States
7603,Home Office,Caguas,PR,Puerto Rico
7604,Corporate,Phoenix,AZ,United States
7605,Corporate,San Marcos,TX,United States
7606,Consumer,San Antonio,TX,United States
7607,Consumer,Caguas,PR,Puerto Rico
7608,Corporate,El Cajon,CA,United States
7609,Consumer,Caguas,PR,Puerto Rico
7610,Consumer,Sunnyvale,CA,United States
7611,Corporate,Caguas,PR,Puerto Rico
7612,Consumer,Brooklyn,NY,United States
7613,Corporate,Pomona,CA,United States
7614,Consumer,Caguas,PR,Puerto Rico
7615,Consumer,Las Cruces,NM,United States
7616,Consumer,Caguas,PR,Puerto Rico
7617,Consumer,New York,NY,United States
7618,Home Office,Caguas,PR,Puerto Rico
7619,Consumer,Silver Spring,MD,United States
7620,Consumer,Caguas,PR,Puerto Rico
7621,Consumer,College Station,TX,United States
7622,Home Office,Caguas,PR,Puerto Rico
7623,Consumer,San Antonio,TX,United States
7624,Consumer,Caguas,PR,Puerto Rico
7625,Consumer,Detroit,MI,United States
7626,Consumer,Caguas,PR,Puerto Rico
7627,Home Office,York,PA,United States
7628,Corporate,Guayama,PR,Puerto Rico
7629,Home Office,Caguas,PR,Puerto Rico
7630,Corporate,Opelousas,LA,United States
7631,Corporate,Caguas,PR,Puerto Rico
7632,Home Office,San Antonio,TX,United States
7633,Home Office,Caguas,PR,Puerto Rico
7634,Consumer,Wichita,KS,United States
7635,Consumer,Caguas,PR,Puerto Rico
7636,Consumer,New York,NY,United States
7637,Consumer,Mesquite,TX,United States
7638,Consumer,El Paso,TX,United States
7639,Consumer,Columbus,OH,United States
7640,Consumer,Caguas,PR,Puerto Rico
7641,Corporate,Houston,TX,United States
7642,Consumer,San Jose,CA,United States
7643,Corporate,Buffalo,NY,United States
7644,Corporate,Caguas,PR,Puerto Rico
7645,Corporate,Laredo,TX,United States
7646,Corporate,Caguas,PR,Puerto Rico
7647,Corporate,Muskegon,MI,United States
7648,Consumer,Caguas,PR,Puerto Rico
7649,Consumer,Chicago,IL,United States
7650,Consumer,Wayne,NJ,United States
7651,Consumer,Elk Grove,CA,United States
7652,Consumer,Caguas,PR,Puerto Rico
7653,Consumer,Chicago,IL,United States
7655,Corporate,Caguas,PR,Puerto Rico
7656,Corporate,Bakersfield,CA,United States
7657,Corporate,Goleta,CA,United States
7658,Corporate,Caguas,PR,Puerto Rico
7659,Corporate,Fairfield,OH,United States
7660,Corporate,Caguas,PR,Puerto Rico
7661,Corporate,Dallas,TX,United States
7662,Corporate,Caguas,PR,Puerto Rico
7663,Corporate,Anaheim,CA,United States
7664,Corporate,Piscataway,NJ,United States
7665,Home Office,Caguas,PR,Puerto Rico
7666,Consumer,Pharr,TX,United States
7667,Corporate,Caguas,PR,Puerto Rico
7668,Corporate,South Ozone Park,NY,United States
7669,Corporate,Caguas,PR,Puerto Rico
7670,Corporate,Houston,TX,United States
7671,Corporate,Caguas,PR,Puerto Rico
7672,Corporate,Chicago,IL,United States
7673,Consumer,Chicago,IL,United States
7674,Consumer,Caguas,PR,Puerto Rico
7675,Corporate,Laredo,TX,United States
7676,Consumer,Caguas,PR,Puerto Rico
7677,Consumer,Chicago,IL,United States
7678,Consumer,Louisville,KY,United States
7679,Consumer,Caguas,PR,Puerto Rico
7680,Consumer,Freeport,NY,United States
7681,Consumer,Caguas,PR,Puerto Rico
7682,Consumer,Brooklyn,NY,United States
7683,Consumer,Newburgh,NY,United States
7684,Consumer,Brentwood,NY,United States
7685,Consumer,Caguas,PR,Puerto Rico
7686,Consumer,Brooklyn,NY,United States
7687,Home Office,Caguas,PR,Puerto Rico
7688,Consumer,Walnut,CA,United States
7689,Consumer,Caguas,PR,Puerto Rico
7690,Consumer,Los Angeles,CA,United States
7691,Consumer,Caguas,PR,Puerto Rico
7692,Consumer,Orlando,FL,United States
7693,Consumer,Caguas,PR,Puerto Rico
7694,Consumer,Carlsbad,CA,United States
7695,Consumer,Caguas,PR,Puerto Rico
7696,Corporate,Caguas,PR,Puerto Rico
7697,Corporate,New York,NY,United States
7698,Corporate,Endicott,NY,United States
7699,Consumer,Caguas,PR,Puerto Rico
7700,Consumer,Decatur,GA,United States
7701,Consumer,Caguas,PR,Puerto Rico
7702,Consumer,Chicago,IL,United States
7703,Consumer,Rancho Cordova,CA,United States
7704,Corporate,Caguas,PR,Puerto Rico
7705,Corporate,Chicago,IL,United States
7706,Consumer,Caguas,PR,Puerto Rico
7707,Corporate,Brooklyn,NY,United States
7708,Corporate,Philadelphia,PA,United States
7709,Consumer,Caguas,PR,Puerto Rico
7710,Corporate,Greensboro,NC,United States
7711,Consumer,Caguas,PR,Puerto Rico
7712,Consumer,Ridgewood,NY,United States
7713,Consumer,Chicago,IL,United States
7714,Home Office,Houston,TX,United States
7715,Home Office,Lancaster,PA,United States
7716,Home Office,Caguas,PR,Puerto Rico
7717,Home Office,Princeton,NJ,United States
7718,Home Office,Caguas,PR,Puerto Rico
7719,Consumer,Campbell,CA,United States
7720,Consumer,Caguas,PR,Puerto Rico
7721,Consumer,San Francisco,CA,United States
7722,Consumer,Miami,FL,United States
7723,Consumer,Caguas,PR,Puerto Rico
7724,Consumer,Morganton,NC,United States
7725,Consumer,Columbia,SC,United States
7726,Consumer,Caguas,PR,Puerto Rico
7727,Consumer,Eugene,OR,United States
7728,Consumer,Caguas,PR,Puerto Rico
7729,Corporate,Las Vegas,NV,United States
7730,Corporate,Guaynabo,PR,Puerto Rico
7731,Corporate,Caguas,PR,Puerto Rico
7732,Corporate,Bronx,NY,United States
7733,Corporate,Hanford,CA,United States
7734,Consumer,Simi Valley,CA,United States
7735,Consumer,Caguas,PR,Puerto Rico
7736,Consumer,Brooklyn,NY,United States
7737,Consumer,Hayward,CA,United States
7738,Corporate,Pharr,TX,United States
7739,Corporate,Caguas,PR,Puerto Rico
7740,Consumer,Denver,CO,United States
7741,Corporate,Caguas,PR,Puerto Rico
7742,Home Office,Victorville,CA,United States
7743,Consumer,Caguas,PR,Puerto Rico
7744,Consumer,Garden Grove,CA,United States
7745,Consumer,Caguas,PR,Puerto Rico
7746,Consumer,Chicago,IL,United States
7747,Consumer,Caguas,PR,Puerto Rico
7748,Consumer,Long Beach,CA,United States
7749,Consumer,Caguas,PR,Puerto Rico
7750,Home Office,Bronx,NY,United States
7751,Consumer,National City,CA,United States
7752,Consumer,Carlisle,PA,United States
7753,Consumer,Columbus,OH,United States
7754,Consumer,Caguas,PR,Puerto Rico
7755,Consumer,Bowling Green,KY,United States
7756,Consumer,Daly City,CA,United States
7757,Consumer,Caguas,PR,Puerto Rico
7758,Consumer,Woodbridge,VA,United States
7759,Consumer,Caguas,PR,Puerto Rico
7760,Corporate,New Orleans,LA,United States
7761,Consumer,Caguas,PR,Puerto Rico
7762,Consumer,Brooklyn,NY,United States
7763,Consumer,Austin,TX,United States
7764,Consumer,Indianapolis,IN,United States
7765,Consumer,Caguas,PR,Puerto Rico
7766,Consumer,Saint Charles,MO,United States
7767,Consumer,Caguas,PR,Puerto Rico
7768,Corporate,Winnetka,CA,United States
7769,Corporate,Caguas,PR,Puerto Rico
7770,Corporate,South Gate,CA,United States
7771,Corporate,Caguas,PR,Puerto Rico
7772,Consumer,Bronx,NY,United States
7773,Corporate,La Crosse,WI,United States
7774,Home Office,Caguas,PR,Puerto Rico
7775,Consumer,Dundalk,MD,United States
7776,Consumer,Caguas,PR,Puerto Rico
7777,Consumer,Rowland Heights,CA,United States
7778,Corporate,Palo Alto,CA,United States
7779,Corporate,Caguas,PR,Puerto Rico
7780,Consumer,Richardson,TX,United States
7781,Consumer,Caguas,PR,Puerto Rico
7782,Consumer,Richmond,KY,United States
7783,Consumer,Hanover,PA,United States
7784,Consumer,Caguas,PR,Puerto Rico
7785,Consumer,Fort Washington,MD,United States
7786,Consumer,Caguas,PR,Puerto Rico
7787,Consumer,Highland,CA,United States
7788,Corporate,Mission Viejo,CA,United States
7789,Home Office,Caguas,PR,Puerto Rico
7790,Corporate,Fullerton,CA,United States
7791,Corporate,Caguas,PR,Puerto Rico
7792,Corporate,La Mirada,CA,United States
7793,Corporate,Caguas,PR,Puerto Rico
7794,Corporate,Chicago,IL,United States
7795,Corporate,Honolulu,HI,United States
7796,Home Office,Caguas,PR,Puerto Rico
7797,Home Office,Los Angeles,CA,United States
7798,Consumer,New York,NY,United States
7799,Consumer,Caguas,PR,Puerto Rico
7800,Consumer,Bronx,NY,United States
7801,Consumer,Albuquerque,NM,United States
7802,Consumer,Caguas,PR,Puerto Rico
7803,Consumer,Lompoc,CA,United States
7804,Corporate,Caguas,PR,Puerto Rico
7805,Consumer,Hickory,NC,United States
7806,Consumer,Caguas,PR,Puerto Rico
7807,Consumer,Houston,TX,United States
7808,Home Office,Plano,TX,United States
7809,Consumer,Caguas,PR,Puerto Rico
7810,Consumer,Memphis,TN,United States
7811,Consumer,Caguas,PR,Puerto Rico
7812,Consumer,Hickory,NC,United States
7813,Corporate,Caguas,PR,Puerto Rico
7814,Corporate,Dallas,TX,United States
7815,Consumer,Lithonia,GA,United States
7816,Corporate,Caguas,PR,Puerto Rico
7817,Consumer,West Lafayette,IN,United States
7818,Consumer,Caguas,PR,Puerto Rico
7819,Consumer,Santa Ana,CA,United States
7820,Consumer,Fort Lauderdale,FL,United States
7821,Corporate,Caguas,PR,Puerto Rico
7822,Home Office,Ridgewood,NY,United States
7823,Home Office,Victorville,CA,United States
7824,Home Office,Caguas,PR,Puerto Rico
7825,Corporate,San Diego,CA,United States
7826,Corporate,Riverside,CA,United States
7827,Consumer,Caguas,PR,Puerto Rico
7828,Consumer,Oak Lawn,IL,United States
7829,Consumer,Milford,CT,United States
7830,Corporate,East Lansing,MI,United States
7831,Consumer,Caguas,PR,Puerto Rico
7832,Corporate,Chicago,IL,United States
7833,Home Office,Caguas,PR,Puerto Rico
7834,Home Office,Salt Lake City,UT,United States
7835,Consumer,Caguas,PR,Puerto Rico
7836,Consumer,College Station,TX,United States
7837,Consumer,Eugene,OR,United States
7838,Consumer,Caguas,PR,Puerto Rico
7839,Consumer,Hamtramck,MI,United States
7840,Consumer,Caguas,PR,Puerto Rico
7841,Corporate,Brooklyn,NY,United States
7842,Corporate,Murfreesboro,TN,United States
7843,Consumer,Caguas,PR,Puerto Rico
7844,Consumer,Mayaguez,PR,Puerto Rico
7845,Consumer,Ontario,CA,United States
7846,Corporate,Caguas,PR,Puerto Rico
7847,Corporate,Saint Louis,MO,United States
7848,Corporate,Hickory,NC,United States
7849,Consumer,Caguas,PR,Puerto Rico
7850,Consumer,O Fallon,MO,United States
7851,Corporate,Caguas,PR,Puerto Rico
7852,Consumer,San Francisco,CA,United States
7853,Consumer,Caguas,PR,Puerto Rico
7854,Consumer,Chicago,IL,United States
7855,Consumer,Cicero,IL,United States
7856,Consumer,Chicago,IL,United States
7857,Consumer,Caguas,PR,Puerto Rico
7858,Consumer,Miami,FL,United States
7859,Home Office,West Covina,CA,United States
7860,Home Office,Caguas,PR,Puerto Rico
7861,Home Office,Compton,CA,United States
7862,Home Office,Caguas,PR,Puerto Rico
7863,Home Office,Mililani,HI,United States
7864,Home Office,Caguas,PR,Puerto Rico
7865,Home Office,New York,NY,United States
7866,Home Office,Caguas,PR,Puerto Rico
7867,Consumer,Cayey,PR,Puerto Rico
7868,Home Office,Gwynn Oak,MD,United States
7869,Corporate,Sumner,WA,United States
7870,Corporate,Caguas,PR,Puerto Rico
7871,Home Office,Las Vegas,NV,United States
7872,Home Office,San Jose,CA,United States
7874,Consumer,Dundalk,MD,United States
7875,Corporate,Lenoir,NC,United States
7876,Consumer,Caguas,PR,Puerto Rico
7877,Home Office,Chicago,IL,United States
7878,Consumer,Caguas,PR,Puerto Rico
7879,Corporate,Aurora,CO,United States
7880,Corporate,Caguas,PR,Puerto Rico
7881,Corporate,Saint Louis,MO,United States
7882,Corporate,Round Rock,TX,United States
7883,Corporate,Caguas,PR,Puerto Rico
7884,Corporate,Greenville,NC,United States
7885,Corporate,Caguas,PR,Puerto Rico
7886,Corporate,Salem,OR,United States
7887,Corporate,Loveland,OH,United States
7888,Home Office,Caguas,PR,Puerto Rico
7889,Home Office,Kaneohe,HI,United States
7890,Home Office,South Ozone Park,NY,United States
7891,Home Office,Caguas,PR,Puerto Rico
7892,Consumer,Dallas,TX,United States
7893,Consumer,Porterville,CA,United States
7894,Consumer,Caguas,PR,Puerto Rico
7895,Consumer,Milford,CT,United States
7896,Consumer,Lindenhurst,NY,United States
7897,Corporate,Temecula,CA,United States
7898,Corporate,Caguas,PR,Puerto Rico
7899,Corporate,Bowling Green,KY,United States
7900,Home Office,San Diego,CA,United States
7901,Consumer,Caguas,PR,Puerto Rico
7902,Consumer,El Paso,TX,United States
7903,Consumer,Fullerton,CA,United States
7904,Consumer,Caguas,PR,Puerto Rico
7905,Consumer,Brownsville,TX,United States
7906,Consumer,Caguas,PR,Puerto Rico
7907,Consumer,Jamaica,NY,United States
7908,Corporate,Sugar Land,TX,United States
7909,Consumer,Caguas,PR,Puerto Rico
7910,Consumer,Cordova,TN,United States
7911,Consumer,Las Vegas,NV,United States
7912,Consumer,Bend,OR,United States
7913,Consumer,Caguas,PR,Puerto Rico
7914,Consumer,Annapolis,MD,United States
7915,Consumer,Caguas,PR,Puerto Rico
7916,Consumer,Lancaster,PA,United States
7917,Consumer,Dallas,TX,United States
7918,Corporate,Caguas,PR,Puerto Rico
7919,Consumer,Augusta,GA,United States
7920,Consumer,Plymouth,MA,United States
7921,Consumer,Caguas,PR,Puerto Rico
7922,Home Office,Norfolk,VA,United States
7923,Corporate,Caguas,PR,Puerto Rico
7924,Consumer,Brooklyn,NY,United States
7925,Consumer,Houston,TX,United States
7926,Consumer,Freeport,NY,United States
7927,Consumer,Caguas,PR,Puerto Rico
7928,Consumer,Irving,TX,United States
7929,Corporate,Caguas,PR,Puerto Rico
7930,Corporate,Pompano Beach,FL,United States
7931,Corporate,Glen Burnie,MD,United States
7932,Corporate,Caguas,PR,Puerto Rico
7933,Corporate,Chicago,IL,United States
7934,Home Office,Davis,CA,United States
7935,Consumer,Pawtucket,RI,United States
7936,Consumer,Caguas,PR,Puerto Rico
7937,Consumer,Asheboro,NC,United States
7938,Corporate,Caguas,PR,Puerto Rico
7939,Consumer,South Ozone Park,NY,United States
7940,Consumer,Caguas,PR,Puerto Rico
7941,Consumer,Brooklyn,NY,United States
7942,Consumer,Caguas,PR,Puerto Rico
7943,Consumer,Juana Diaz,PR,Puerto Rico
7944,Consumer,Caguas,PR,Puerto Rico
7945,Consumer,Baltimore,MD,United States
7946,Consumer,San Marcos,CA,United States
7947,Consumer,Richardson,TX,United States
7948,Consumer,Caguas,PR,Puerto Rico
7949,Consumer,Painesville,OH,United States
7950,Consumer,Caguas,PR,Puerto Rico
7951,Consumer,Chicago,IL,United States
7952,Consumer,Eugene,OR,United States
7953,Consumer,Caguas,PR,Puerto Rico
7954,Consumer,York,PA,United States
7955,Home Office,Caguas,PR,Puerto Rico
7956,Consumer,Hialeah,FL,United States
7957,Consumer,Albuquerque,NM,United States
7958,Consumer,Miami,FL,United States
7959,Consumer,Strongsville,OH,United States
7960,Corporate,Caguas,PR,Puerto Rico
7961,Corporate,Miami,FL,United States
7962,Corporate,Caguas,PR,Puerto Rico
7963,Corporate,New York,NY,United States
7964,Corporate,Caguas,PR,Puerto Rico
7965,Consumer,Hialeah,FL,United States
7966,Corporate,Elgin,IL,United States
7967,Consumer,Philadelphia,PA,United States
7968,Consumer,Caguas,PR,Puerto Rico
7969,Consumer,Duluth,GA,United States
7970,Consumer,Caguas,PR,Puerto Rico
7971,Consumer,Annandale,VA,United States
7972,Consumer,Caguas,PR,Puerto Rico
7973,Consumer,Bronx,NY,United States
7974,Consumer,Baltimore,MD,United States
7975,Corporate,Wayne,NJ,United States
7976,Corporate,East Brunswick,NJ,United States
7977,Consumer,Caguas,PR,Puerto Rico
7978,Corporate,Chicago,IL,United States
7979,Consumer,El Paso,TX,United States
7980,Consumer,Metairie,LA,United States
7981,Corporate,Caguas,PR,Puerto Rico
7982,Corporate,Chicago,IL,United States
7983,Corporate,New York,NY,United States
7984,Corporate,Chillicothe,OH,United States
7985,Corporate,Caguas,PR,Puerto Rico
7986,Home Office,Chicago,IL,United States
7987,Home Office,Yauco,PR,Puerto Rico
7988,Home Office,Caguas,PR,Puerto Rico
7989,Consumer,Augusta,GA,United States
7990,Consumer,Bakersfield,CA,United States
7991,Consumer,Caguas,PR,Puerto Rico
7992,Consumer,Memphis,TN,United States
7993,Corporate,San Antonio,TX,United States
7994,Corporate,Caguas,PR,Puerto Rico
7996,Corporate,Potomac,MD,United States
7997,Consumer,Howell,MI,United States
7998,Consumer,Caguas,PR,Puerto Rico
7999,Corporate,Compton,CA,United States
8000,Home Office,Caguas,PR,Puerto Rico
8001,Home Office,Houston,TX,United States
8002,Consumer,Caguas,PR,Puerto Rico
8003,Consumer,El Paso,TX,United States
8004,Consumer,Caguas,PR,Puerto Rico
8005,Consumer,Brooklyn,NY,United States
8006,Consumer,San Juan,PR,Puerto Rico
8007,Consumer,Caguas,PR,Puerto Rico
8008,Corporate,Oxnard,CA,United States
8009,Corporate,Caguas,PR,Puerto Rico
8010,Corporate,Martinsburg,WV,United States
8011,Home Office,Caguas,PR,Puerto Rico
8012,Home Office,Hayward,CA,United States
8013,Home Office,Fond Du Lac,WI,United States
8014,Consumer,Seattle,WA,United States
8015,Home Office,Caguas,PR,Puerto Rico
8016,Consumer,Carson,CA,United States
8017,Corporate,Caguas,PR,Puerto Rico
8018,Consumer,Grove City,OH,United States
8019,Consumer,Lodi,CA,United States
8020,Consumer,Caguas,PR,Puerto Rico
8021,Consumer,Albany,OR,United States
8022,Consumer,Caguas,PR,Puerto Rico
8023,Consumer,Tampa,FL,United States
8024,Consumer,Caguas,PR,Puerto Rico
8025,Consumer,Staten Island,NY,United States
8026,Corporate,Middletown,OH,United States
8027,Home Office,Caguas,PR,Puerto Rico
8028,Consumer,Arlington,TX,United States
8029,Corporate,Caguas,PR,Puerto Rico
8030,Corporate,Virginia Beach,VA,United States
8031,Corporate,Richmond,VA,United States
8032,Corporate,Caguas,PR,Puerto Rico
8033,Corporate,Miami,FL,United States
8035,Corporate,Pacoima,CA,United States
8036,Corporate,San Francisco,CA,United States
8037,Corporate,Salem,OR,United States
8038,Consumer,Denton,TX,United States
8039,Consumer,Caguas,PR,Puerto Rico
8040,Consumer,Paramount,CA,United States
8041,Corporate,Caguas,PR,Puerto Rico
8042,Corporate,Lakewood,NJ,United States
8043,Corporate,Caguas,PR,Puerto Rico
8044,Home Office,Gaithersburg,MD,United States
8045,Home Office,Powder Springs,GA,United States
8046,Home Office,Caguas,PR,Puerto Rico
8047,Consumer,San Jose,CA,United States
8048,Consumer,Caguas,PR,Puerto Rico
8049,Consumer,Long Beach,CA,United States
8050,Consumer,Fort Worth,TX,United States
8051,Consumer,Caguas,PR,Puerto Rico
8052,Consumer,La Mesa,CA,United States
8053,Consumer,Caguas,PR,Puerto Rico
8054,Consumer,Brooklyn,NY,United States
8055,Consumer,Katy,TX,United States
8056,Consumer,Pharr,TX,United States
8057,Consumer,Caguas,PR,Puerto Rico
8058,Consumer,Kailua,HI,United States
8059,Consumer,Caguas,PR,Puerto Rico
8060,Consumer,Chicago,IL,United States
8061,Corporate,Salt Lake City,UT,United States
8062,Corporate,Caguas,PR,Puerto Rico
8063,Consumer,Brooklyn,NY,United States
8064,Consumer,Oxnard,CA,United States
8065,Consumer,Los Angeles,CA,United States
8066,Corporate,Caguas,PR,Puerto Rico
8067,Corporate,Virginia Beach,VA,United States
8068,Consumer,Philadelphia,PA,United States
8069,Home Office,Highland Park,MI,United States
8070,Consumer,Eugene,OR,United States
8071,Home Office,Plano,TX,United States
8072,Home Office,Caguas,PR,Puerto Rico
8073,Home Office,San Jose,CA,United States
8074,Home Office,College Station,TX,United States
8075,Corporate,Caguas,PR,Puerto Rico
8076,Corporate,Ann Arbor,MI,United States
8077,Corporate,Caguas,PR,Puerto Rico
8078,Corporate,Brooklyn,NY,United States
8079,Corporate,Spring Valley,NY,United States
8080,Home Office,Caguas,PR,Puerto Rico
8081,Home Office,San Jose,CA,United States
8082,Consumer,Caguas,PR,Puerto Rico
8083,Consumer,New York,NY,United States
8084,Consumer,Houston,TX,United States
8085,Consumer,Caguas,PR,Puerto Rico
8086,Consumer,Philadelphia,PA,United States
8087,Corporate,Caguas,PR,Puerto Rico
8088,Corporate,San Marcos,TX,United States
8089,Corporate,Caguas,PR,Puerto Rico
8090,Corporate,Clarksville,TN,United States
8091,Consumer,Caguas,PR,Puerto Rico
8092,Consumer,Irwin,PA,United States
8093,Consumer,Caguas,PR,Puerto Rico
8094,Consumer,Milwaukee,WI,United States
8095,Corporate,Caguas,PR,Puerto Rico
8096,Home Office,Chicago,IL,United States
8097,Consumer,Sheboygan,WI,United States
8098,Consumer,Caguas,PR,Puerto Rico
8099,Home Office,Brooklyn,NY,United States
8100,Corporate,Upland,CA,United States
8101,Corporate,Caguas,PR,Puerto Rico
8102,Consumer,Memphis,TN,United States
8103,Consumer,Caguas,PR,Puerto Rico
8104,Consumer,Taylor,MI,United States
8105,Consumer,Mesa,AZ,United States
8106,Consumer,Caguas,PR,Puerto Rico
8107,Consumer,Denver,CO,United States
8108,Consumer,Los Angeles,CA,United States
8109,Corporate,Opelousas,LA,United States
8110,Corporate,Caguas,PR,Puerto Rico
8111,Home Office,Pompano Beach,FL,United States
8112,Home Office,Caguas,PR,Puerto Rico
8113,Consumer,Pittsfield,MA,United States
8114,Consumer,Caguas,PR,Puerto Rico
8115,Consumer,Cupertino,CA,United States
8116,Consumer,Dallas,TX,United States
8117,Consumer,Caguas,PR,Puerto Rico
8118,Consumer,Cumberland,MD,United States
8119,Consumer,Caguas,PR,Puerto Rico
8120,Consumer,Loveland,OH,United States
8121,Consumer,Portland,OR,United States
8122,Corporate,Caguas,PR,Puerto Rico
8123,Home Office,San Diego,CA,United States
8124,Consumer,Glendale,AZ,United States
8125,Corporate,Caguas,PR,Puerto Rico
8126,Corporate,Philadelphia,PA,United States
8127,Corporate,Caguas,PR,Puerto Rico
8128,Home Office,San Sebastian,PR,Puerto Rico
8129,Home Office,Caguas,PR,Puerto Rico
8130,Home Office,Hollywood,FL,United States
8131,Home Office,Massapequa,NY,United States
8132,Home Office,Raleigh,NC,United States
8133,Home Office,Caguas,PR,Puerto Rico
8134,Consumer,Elmhurst,NY,United States
8135,Consumer,Cincinnati,OH,United States
8136,Home Office,Saint Charles,MO,United States
8137,Home Office,Caguas,PR,Puerto Rico
8138,Home Office,Caguas,PR,Puerto Rico
8139,Consumer,Apopka,FL,United States
8140,Consumer,Caguas,PR,Puerto Rico
8141,Home Office,Houston,TX,United States
8142,Home Office,Clovis,CA,United States
8143,Consumer,Caguas,PR,Puerto Rico
8144,Consumer,Simi Valley,CA,United States
8145,Consumer,Gilroy,CA,United States
8146,Corporate,Caguas,PR,Puerto Rico
8147,Consumer,Muskegon,MI,United States
8148,Consumer,Tampa,FL,United States
8149,Corporate,Caguas,PR,Puerto Rico
8150,Corporate,Los Angeles,CA,United States
8151,Corporate,Caguas,PR,Puerto Rico
8152,Corporate,Colton,CA,United States
8153,Consumer,Caguas,PR,Puerto Rico
8154,Consumer,Mission Viejo,CA,United States
8155,Corporate,Caguas,PR,Puerto Rico
8156,Corporate,Los Angeles,CA,United States
8157,Corporate,Manati,PR,Puerto Rico
8158,Corporate,Caguas,PR,Puerto Rico
8159,Corporate,Newark,OH,United States
8160,Home Office,El Centro,CA,United States
8161,Corporate,Caguas,PR,Puerto Rico
8162,Corporate,Fort Worth,TX,United States
8163,Corporate,Caguas,PR,Puerto Rico
8164,Corporate,Carrollton,TX,United States
8165,Corporate,Caguas,PR,Puerto Rico
8166,Home Office,Aurora,IL,United States
8167,Consumer,Rochester,NY,United States
8168,Consumer,Caguas,PR,Puerto Rico
8169,Consumer,Bell Gardens,CA,United States
8170,Consumer,Henderson,NV,United States
8171,Consumer,Temecula,CA,United States
8172,Consumer,Caguas,PR,Puerto Rico
8173,Consumer,Porterville,CA,United States
8174,Consumer,Caguas,PR,Puerto Rico
8175,Corporate,Santa Maria,CA,United States
8176,Home Office,Caguas,PR,Puerto Rico
8177,Consumer,Phoenix,AZ,United States
8178,Home Office,Memphis,TN,United States
8179,Home Office,Caguas,PR,Puerto Rico
8180,Home Office,Brooklyn,NY,United States
8181,Corporate,Livermore,CA,United States
8182,Corporate,Tucson,AZ,United States
8183,Corporate,Caguas,PR,Puerto Rico
8184,Corporate,Brooklyn,NY,United States
8185,Home Office,Folsom,CA,United States
8186,Home Office,Roseville,MI,United States
8187,Home Office,Caguas,PR,Puerto Rico
8188,Consumer,Las Vegas,NV,United States
8189,Consumer,Portland,OR,United States
8190,Consumer,Caguas,PR,Puerto Rico
8191,Consumer,Caguas,PR,Puerto Rico
8192,Consumer,Houston,TX,United States
8193,Consumer,Caguas,PR,Puerto Rico
8194,Consumer,Clearfield,UT,United States
8195,Consumer,Caguas,PR,Puerto Rico
8196,Consumer,Eagle Pass,TX,United States
8197,Consumer,Caguas,PR,Puerto Rico
8198,Consumer,New Orleans,LA,United States
8199,Consumer,Caguas,PR,Puerto Rico
8200,Consumer,Muskegon,MI,United States
8201,Consumer,Caguas,PR,Puerto Rico
8202,Consumer,Brighton,MA,United States
8203,Consumer,Caguas,PR,Puerto Rico
8204,Corporate,Bronx,NY,United States
8205,Consumer,Caguas,PR,Puerto Rico
8206,Consumer,Hayward,CA,United States
8207,Corporate,Saint Paul,MN,United States
8208,Corporate,Lenoir,NC,United States
8209,Consumer,Caguas,PR,Puerto Rico
8210,Consumer,Los Angeles,CA,United States
8211,Consumer,Caguas,PR,Puerto Rico
8212,Home Office,Spring Valley,CA,United States
8213,Consumer,Caguas,PR,Puerto Rico
8214,Consumer,North Hills,CA,United States
8215,Consumer,Eagle Pass,TX,United States
8216,Corporate,Caguas,PR,Puerto Rico
8217,Home Office,Sacramento,CA,United States
8218,Home Office,Fort Worth,TX,United States
8219,Home Office,Caguas,PR,Puerto Rico
8220,Home Office,Orlando,FL,United States
8221,Home Office,New Braunfels,TX,United States
8222,Consumer,Caguas,PR,Puerto Rico
8223,Home Office,Warren,MI,United States
8224,Consumer,Caguas,PR,Puerto Rico
8225,Home Office,Encinitas,CA,United States
8226,Corporate,Caguas,PR,Puerto Rico
8227,Consumer,Bay Shore,NY,United States
8228,Corporate,Morristown,NJ,United States
8229,Corporate,Caguas,PR,Puerto Rico
8230,Consumer,Carlisle,PA,United States
8231,Consumer,Marietta,GA,United States
8232,Consumer,Philadelphia,PA,United States
8233,Consumer,Caguas,PR,Puerto Rico
8234,Consumer,Vacaville,CA,United States
8235,Consumer,Sugar Land,TX,United States
8236,Consumer,Tucson,AZ,United States
8237,Consumer,Caguas,PR,Puerto Rico
8238,Consumer,Mesquite,TX,United States
8239,Consumer,Caguas,PR,Puerto Rico
8240,Consumer,New Castle,DE,United States
8241,Consumer,Louisville,KY,United States
8242,Consumer,Caguas,PR,Puerto Rico
8244,Home Office,Lancaster,CA,United States
8245,Consumer,San Antonio,TX,United States
8246,Consumer,Caguas,PR,Puerto Rico
8247,Consumer,Philadelphia,PA,United States
8248,Home Office,Wyandotte,MI,United States
8249,Consumer,Caguas,PR,Puerto Rico
8250,Consumer,Las Vegas,NV,United States
8251,Home Office,Jackson,MI,United States
8252,Home Office,Sandusky,OH,United States
8253,Consumer,Caguas,PR,Puerto Rico
8254,Consumer,Martinsburg,WV,United States
8255,Corporate,Caguas,PR,Puerto Rico
8256,Home Office,Phoenix,AZ,United States
8257,Corporate,Fargo,ND,United States
8258,Corporate,Canton,MI,United States
8259,Corporate,Caguas,PR,Puerto Rico
8260,Corporate,Antioch,TN,United States
8261,Corporate,Dallas,TX,United States
8262,Corporate,West Orange,NJ,United States
8263,Corporate,Caguas,PR,Puerto Rico
8264,Corporate,Cicero,IL,United States
8265,Corporate,Caguas,PR,Puerto Rico
8266,Corporate,Hayward,CA,United States
8267,Home Office,Brighton,MA,United States
8268,Corporate,Caguas,PR,Puerto Rico
8269,Corporate,Detroit,MI,United States
8270,Consumer,Caguas,PR,Puerto Rico
8271,Consumer,North Hollywood,CA,United States
8272,Consumer,Caguas,PR,Puerto Rico
8273,Consumer,New Orleans,LA,United States
8274,Consumer,Caguas,PR,Puerto Rico
8275,Corporate,Panorama City,CA,United States
8276,Consumer,Longmont,CO,United States
8277,Consumer,Caguas,PR,Puerto Rico
8278,Consumer,Staten Island,NY,United States
8279,Corporate,Fort Worth,TX,United States
8280,Consumer,Caguas,PR,Puerto Rico
8281,Corporate,Bakersfield,CA,United States
8282,Corporate,Caguas,PR,Puerto Rico
8283,Consumer,Baltimore,MD,United States
8284,Consumer,Caguas,PR,Puerto Rico
8285,Consumer,Brooklyn,NY,United States
8286,Consumer,San Bernardino,CA,United States
8287,Home Office,Glenview,IL,United States
8288,Consumer,Caguas,PR,Puerto Rico
8289,Corporate,Los Angeles,CA,United States
8290,Corporate,Santa Ana,CA,United States
8291,Corporate,Caguas,PR,Puerto Rico
8292,Consumer,La Mirada,CA,United States
8293,Consumer,Caguas,PR,Puerto Rico
8294,Consumer,Las Vegas,NV,United States
8295,Consumer,Caguas,PR,Puerto Rico
8296,Consumer,Detroit,MI,United States
8297,Consumer,Caguas,PR,Puerto Rico
8298,Consumer,Scottsdale,AZ,United States
8299,Home Office,Caguas,PR,Puerto Rico
8300,Consumer,Santa Ana,CA,United States
8301,Consumer,Baltimore,MD,United States
8302,Consumer,Caguas,PR,Puerto Rico
8303,Home Office,Bell Gardens,CA,United States
8304,Corporate,Carolina,PR,Puerto Rico
8305,Consumer,Jackson,MI,United States
8306,Home Office,Caguas,PR,Puerto Rico
8307,Consumer,Dallas,TX,United States
8308,Consumer,Cleveland,OH,United States
8309,Corporate,Caguas,PR,Puerto Rico
8310,Home Office,Fargo,ND,United States
8311,Home Office,Caguas,PR,Puerto Rico
8312,Home Office,Chicago,IL,United States
8313,Corporate,Spring Valley,CA,United States
8314,Corporate,Detroit,MI,United States
8315,Home Office,Caguas,PR,Puerto Rico
8316,Home Office,Augusta,GA,United States
8317,Home Office,Wheeling,WV,United States
8318,Home Office,Caguas,PR,Puerto Rico
8319,Consumer,Albany,OR,United States
8320,Consumer,Caguas,PR,Puerto Rico
8321,Corporate,Sugar Land,TX,United States
8322,Corporate,Vista,CA,United States
8323,Corporate,Caguas,PR,Puerto Rico
8324,Consumer,South Gate,CA,United States
8325,Corporate,Brooklyn,NY,United States
8326,Home Office,Oregon City,OR,United States
8327,Corporate,Caguas,PR,Puerto Rico
8328,Consumer,Crown Point,IN,United States
8329,Consumer,Caguas,PR,Puerto Rico
8330,Consumer,Mchenry,IL,United States
8331,Consumer,Caguas,PR,Puerto Rico
8332,Home Office,Hanford,CA,United States
8333,Home Office,Caguas,PR,Puerto Rico
8334,Corporate,Las Cruces,NM,United States
8335,Corporate,Caguas,PR,Puerto Rico
8336,Corporate,Hesperia,CA,United States
8337,Home Office,Chicago,IL,United States
8338,Corporate,Caguas,PR,Puerto Rico
8339,Consumer,Alhambra,CA,United States
8340,Consumer,Oceanside,CA,United States
8341,Corporate,Caguas,PR,Puerto Rico
8342,Consumer,El Centro,CA,United States
8344,Consumer,Santa Fe,NM,United States
8345,Consumer,Lynn,MA,United States
8346,Corporate,Caguas,PR,Puerto Rico
8347,Corporate,Lynnwood,WA,United States
8348,Consumer,Caguas,PR,Puerto Rico
8349,Corporate,Westminster,CA,United States
8350,Consumer,Watsonville,CA,United States
8351,Consumer,Caguas,PR,Puerto Rico
8352,Consumer,San Diego,CA,United States
8353,Consumer,Mililani,HI,United States
8354,Corporate,Caguas,PR,Puerto Rico
8355,Corporate,Lake Forest,CA,United States
8356,Corporate,New York,NY,United States
8357,Consumer,Caguas,PR,Puerto Rico
8358,Corporate,San Diego,CA,United States
8359,Consumer,Sacramento,CA,United States
8360,Consumer,Caguas,PR,Puerto Rico
8361,Corporate,Ontario,CA,United States
8362,Corporate,Hampton,VA,United States
8363,Corporate,Caguas,PR,Puerto Rico
8364,Corporate,Brooklyn,NY,United States
8365,Consumer,Caguas,PR,Puerto Rico
8366,Corporate,Las Vegas,NV,United States
8367,Corporate,Newark,DE,United States
8368,Corporate,Caguas,PR,Puerto Rico
8369,Corporate,Garden Grove,CA,United States
8370,Corporate,Caguas,PR,Puerto Rico
8371,Corporate,San Jose,CA,United States
8372,Corporate,Caguas,PR,Puerto Rico
8373,Home Office,Lompoc,CA,United States
8374,Consumer,Caguas,PR,Puerto Rico
8375,Consumer,Philadelphia,PA,United States
8376,Consumer,Silver Spring,MD,United States
8377,Consumer,Irving,TX,United States
8378,Consumer,Caguas,PR,Puerto Rico
8379,Home Office,Brandon,FL,United States
8380,Home Office,Caguas,PR,Puerto Rico
8381,Home Office,Lockport,IL,United States
8382,Home Office,Fort Worth,TX,United States
8383,Consumer,Caguas,PR,Puerto Rico
8384,Consumer,Opa Locka,FL,United States
8385,Consumer,Methuen,MA,United States
8386,Consumer,Caguas,PR,Puerto Rico
8387,Corporate,Waipahu,HI,United States
8388,Corporate,Caguas,PR,Puerto Rico
8389,Consumer,Perth Amboy,NJ,United States
8390,Consumer,Pompano Beach,FL,United States
8391,Consumer,Amarillo,TX,United States
8392,Consumer,Bountiful,UT,United States
8393,Consumer,Richmond,VA,United States
8394,Corporate,Caguas,PR,Puerto Rico
8395,Consumer,Brooklyn,NY,United States
8396,Consumer,San Jose,CA,United States
8397,Consumer,Caguas,PR,Puerto Rico
8398,Consumer,Bayamon,PR,Puerto Rico
8399,Consumer,Caguas,PR,Puerto Rico
8400,Consumer,Smyrna,GA,United States
8401,Consumer,Caguas,PR,Puerto Rico
8402,Corporate,Brooklyn,NY,United States
8403,Corporate,Caguas,PR,Puerto Rico
8404,Corporate,Troy,NY,United States
8405,Corporate,Fort Washington,MD,United States
8406,Consumer,El Centro,CA,United States
8407,Consumer,Caguas,PR,Puerto Rico
8408,Consumer,Columbus,OH,United States
8409,Corporate,Caguas,PR,Puerto Rico
8410,Corporate,Miami,FL,United States
8411,Corporate,Caguas,PR,Puerto Rico
8412,Home Office,Carson,CA,United States
8413,Consumer,Caguas,PR,Puerto Rico
8414,Consumer,San Marcos,CA,United States
8415,Consumer,Caguas,PR,Puerto Rico
8416,Home Office,Colton,CA,United States
8417,Corporate,Houston,TX,United States
8418,Home Office,Caguas,PR,Puerto Rico
8419,Consumer,Aurora,CO,United States
8420,Consumer,Caguas,PR,Puerto Rico
8421,Consumer,Van Nuys,CA,United States
8422,Consumer,Caguas,PR,Puerto Rico
8423,Consumer,South Gate,CA,United States
8424,Consumer,Yuma,AZ,United States
8425,Consumer,Virginia Beach,VA,United States
8426,Consumer,Caguas,PR,Puerto Rico
8427,Consumer,Chicago,IL,United States
8428,Consumer,Fort Worth,TX,United States
8429,Consumer,Cleveland,OH,United States
8430,Consumer,Caguas,PR,Puerto Rico
8431,Consumer,Hilliard,OH,United States
8432,Consumer,Caguas,PR,Puerto Rico
8433,Consumer,Ponce,PR,Puerto Rico
8434,Consumer,Caguas,PR,Puerto Rico
8435,Consumer,Los Angeles,CA,United States
8436,Consumer,Caguas,PR,Puerto Rico
8437,Consumer,Atlanta,GA,United States
8438,Consumer,Caguas,PR,Puerto Rico
8439,Consumer,Chino Hills,CA,United States
8440,Consumer,Napa,CA,United States
8441,Consumer,North Hollywood,CA,United States
8442,Corporate,Crown Point,IN,United States
8443,Consumer,Caguas,PR,Puerto Rico
8444,Consumer,Hollywood,FL,United States
8445,Corporate,Hamilton,OH,United States
8446,Consumer,Baltimore,MD,United States
8447,Consumer,Caguas,PR,Puerto Rico
8448,Consumer,New York,NY,United States
8449,Corporate,Pompano Beach,FL,United States
8450,Corporate,Caguas,PR,Puerto Rico
8451,Corporate,Houston,TX,United States
8452,Home Office,Hendersonville,TN,United States
8453,Corporate,Virginia Beach,VA,United States
8454,Corporate,Caguas,PR,Puerto Rico
8455,Corporate,Brownsville,TX,United States
8456,Consumer,Caguas,PR,Puerto Rico
8457,Corporate,Bakersfield,CA,United States
8458,Corporate,Apex,NC,United States
8459,Home Office,Caguas,PR,Puerto Rico
8460,Corporate,Aguadilla,PR,Puerto Rico
8461,Home Office,Fort Lauderdale,FL,United States
8462,Home Office,Caguas,PR,Puerto Rico
8463,Home Office,Albany,OR,United States
8464,Home Office,West Chester,PA,United States
8465,Home Office,Caguas,PR,Puerto Rico
8466,Home Office,Bartlett,IL,United States
8467,Home Office,Cordova,TN,United States
8468,Consumer,Caguas,PR,Puerto Rico
8469,Consumer,Garden Grove,CA,United States
8470,Consumer,Escondido,CA,United States
8471,Consumer,Caguas,PR,Puerto Rico
8472,Consumer,Findlay,OH,United States
8473,Corporate,Caguas,PR,Puerto Rico
8474,Corporate,Los Angeles,CA,United States
8475,Consumer,Chicago,IL,United States
8476,Consumer,Los Angeles,CA,United States
8477,Corporate,Caguas,PR,Puerto Rico
8478,Corporate,Rowland Heights,CA,United States
8479,Corporate,Caguas,PR,Puerto Rico
8480,Consumer,Rego Park,NY,United States
8481,Consumer,Caguas,PR,Puerto Rico
8482,Consumer,Phoenix,AZ,United States
8483,Consumer,Caguas,PR,Puerto Rico
8484,Home Office,Saint Louis,MO,United States
8485,Home Office,Caguas,PR,Puerto Rico
8486,Consumer,Los Angeles,CA,United States
8487,Consumer,Caguas,PR,Puerto Rico
8488,Consumer,Pompano Beach,FL,United States
8489,Corporate,Gilroy,CA,United States
8490,Corporate,Caguas,PR,Puerto Rico
8491,Corporate,Chicago,IL,United States
8492,Corporate,San Diego,CA,United States
8493,Consumer,Caguas,PR,Puerto Rico
8494,Corporate,Chandler,AZ,United States
8495,Consumer,Upland,CA,United States
8496,Consumer,South Ozone Park,NY,United States
8497,Consumer,Caguas,PR,Puerto Rico
8498,Corporate,Baytown,TX,United States
8499,Corporate,Caguas,PR,Puerto Rico
8500,Corporate,Brooklyn,NY,United States
8501,Corporate,Bloomfield,NJ,United States
8502,Corporate,Caguas,PR,Puerto Rico
8503,Corporate,Houston,TX,United States
8504,Consumer,Virginia Beach,VA,United States
8505,Consumer,Buena Park,CA,United States
8506,Consumer,Caguas,PR,Puerto Rico
8507,Corporate,Milpitas,CA,United States
8508,Corporate,New Orleans,LA,United States
8509,Corporate,Caguas,PR,Puerto Rico
8510,Consumer,New York,NY,United States
8511,Home Office,Caguas,PR,Puerto Rico
8512,Consumer,Bronx,NY,United States
8513,Consumer,New Orleans,LA,United States
8514,Home Office,Caguas,PR,Puerto Rico
8516,Consumer,Caguas,PR,Puerto Rico
8517,Consumer,Humacao,PR,Puerto Rico
8518,Corporate,Caguas,PR,Puerto Rico
8519,Consumer,Granite City,IL,United States
8520,Consumer,Caguas,PR,Puerto Rico
8521,Consumer,Chicago,IL,United States
8522,Consumer,Findlay,OH,United States
8523,Consumer,Las Cruces,NM,United States
8524,Consumer,Caguas,PR,Puerto Rico
8525,Consumer,New York,NY,United States
8526,Corporate,Caguas,PR,Puerto Rico
8527,Corporate,Orlando,FL,United States
8528,Consumer,Caguas,PR,Puerto Rico
8529,Consumer,Clarksville,TN,United States
8530,Consumer,Highland,CA,United States
8531,Consumer,Caguas,PR,Puerto Rico
8532,Consumer,South Richmond Hill,NY,United States
8533,Consumer,Caguas,PR,Puerto Rico
8534,Consumer,San Antonio,TX,United States
8535,Consumer,Caguas,PR,Puerto Rico
8536,Consumer,Bayonne,NJ,United States
8538,Corporate,Laredo,TX,United States
8539,Corporate,Caguas,PR,Puerto Rico
8540,Consumer,Kent,WA,United States
8541,Home Office,Caguas,PR,Puerto Rico
8542,Consumer,Rowland Heights,CA,United States
8543,Consumer,Caguas,PR,Puerto Rico
8544,Consumer,Bronx,NY,United States
8545,Corporate,Opelousas,LA,United States
8546,Corporate,Caguas,PR,Puerto Rico
8547,Corporate,Pompano Beach,FL,United States
8548,Corporate,Caguas,PR,Puerto Rico
8549,Consumer,Hollywood,FL,United States
8550,Corporate,Caguas,PR,Puerto Rico
8551,Corporate,Los Angeles,CA,United States
8552,Corporate,Philadelphia,PA,United States
8553,Corporate,Caguas,PR,Puerto Rico
8554,Consumer,Tempe,AZ,United States
8555,Consumer,Caguas,PR,Puerto Rico
8556,Corporate,Bronx,NY,United States
8557,Corporate,Lansdale,PA,United States
8558,Corporate,West Jordan,UT,United States
8559,Home Office,Caguas,PR,Puerto Rico
8560,Consumer,Union City,NJ,United States
8561,Home Office,Tucson,AZ,United States
8562,Home Office,Caguas,PR,Puerto Rico
8563,Consumer,Atlanta,GA,United States
8564,Home Office,Irving,TX,United States
8565,Corporate,Caguas,PR,Puerto Rico
8566,Consumer,Brooklyn,NY,United States
8567,Corporate,Philadelphia,PA,United States
8568,Corporate,Escondido,CA,United States
8569,Corporate,Caguas,PR,Puerto Rico
8570,Corporate,Escondido,CA,United States
8571,Consumer,Fort Lauderdale,FL,United States
8572,Consumer,Caguas,PR,Puerto Rico
8573,Consumer,Guaynabo,PR,Puerto Rico
8574,Consumer,Wyandotte,MI,United States
8576,Consumer,Fremont,CA,United States
8577,Consumer,Virginia Beach,VA,United States
8578,Consumer,Caguas,PR,Puerto Rico
8579,Corporate,Fort Worth,TX,United States
8580,Corporate,Caguas,PR,Puerto Rico
8581,Home Office,Atlanta,GA,United States
8582,Home Office,Houston,TX,United States
8584,Consumer,Caguas,PR,Puerto Rico
8585,Consumer,Anaheim,CA,United States
8586,Corporate,Caguas,PR,Puerto Rico
8587,Consumer,San Juan,PR,Puerto Rico
8588,Consumer,Salt Lake City,UT,United States
8589,Home Office,Caguas,PR,Puerto Rico
8590,Consumer,Fort Lauderdale,FL,United States
8591,Consumer,Caguas,PR,Puerto Rico
8592,Corporate,Carol Stream,IL,United States
8593,Corporate,Caguas,PR,Puerto Rico
8594,Home Office,Massillon,OH,United States
8595,Corporate,Caguas,PR,Puerto Rico
8596,Corporate,Canton,MI,United States
8597,Corporate,Caguas,PR,Puerto Rico
8598,Corporate,San Diego,CA,United States
8599,Corporate,Caguas,PR,Puerto Rico
8600,Home Office,Honolulu,HI,United States
8601,Corporate,Lutz,FL,United States
8602,Home Office,Caguas,PR,Puerto Rico
8603,Home Office,Indianapolis,IN,United States
8604,Home Office,Medina,OH,United States
8605,Home Office,Caguas,PR,Puerto Rico
8606,Home Office,Winter Park,FL,United States
8607,Home Office,Diamond Bar,CA,United States
8608,Home Office,Caguas,PR,Puerto Rico
8609,Home Office,Jamaica,NY,United States
8610,Corporate,Federal Way,WA,United States
8611,Corporate,Wichita,KS,United States
8612,Corporate,Hanover,PA,United States
8613,Corporate,Caguas,PR,Puerto Rico
8614,Consumer,Sunnyvale,CA,United States
8615,Corporate,San Antonio,TX,United States
8616,Consumer,Riverside,CA,United States
8617,Consumer,Caguas,PR,Puerto Rico
8618,Consumer,New Albany,IN,United States
8619,Corporate,Caguas,PR,Puerto Rico
8620,Corporate,Philadelphia,PA,United States
8621,Corporate,Salem,OR,United States
8622,Corporate,Pompano Beach,FL,United States
8623,Corporate,Caguas,PR,Puerto Rico
8624,Corporate,Miami,FL,United States
8625,Consumer,Caguas,PR,Puerto Rico
8626,Home Office,Indianapolis,IN,United States
8627,Home Office,Miami,FL,United States
8628,Consumer,Apopka,FL,United States
8629,Home Office,Caguas,PR,Puerto Rico
8630,Home Office,Sacramento,CA,United States
8631,Consumer,Marietta,GA,United States
8632,Consumer,Washington,DC,United States
8633,Consumer,Greenville,NC,United States
8634,Consumer,Caguas,PR,Puerto Rico
8635,Consumer,Yonkers,NY,United States
8636,Consumer,Rome,NY,United States
8637,Corporate,Caguas,PR,Puerto Rico
8638,Consumer,Los Angeles,CA,United States
8639,Consumer,Caguas,PR,Puerto Rico
8640,Corporate,Diamond Bar,CA,United States
8641,Corporate,Caguas,PR,Puerto Rico
8642,Corporate,Chicago,IL,United States
8643,Corporate,Ontario,CA,United States
8644,Corporate,Englewood,CO,United States
8645,Consumer,Caguas,PR,Puerto Rico
8646,Home Office,Piscataway,NJ,United States
8647,Corporate,Lewisville,TX,United States
8648,Home Office,Visalia,CA,United States
8649,Corporate,Caguas,PR,Puerto Rico
8650,Corporate,Buffalo,NY,United States
8651,Corporate,Caguas,PR,Puerto Rico
8652,Corporate,Woodside,NY,United States
8653,Corporate,Saint Louis,MO,United States
8654,Corporate,Caguas,PR,Puerto Rico
8655,Corporate,San Bernardino,CA,United States
8656,Corporate,Caguas,PR,Puerto Rico
8657,Corporate,Douglasville,GA,United States
8658,Corporate,Caguas,PR,Puerto Rico
8659,Consumer,Chandler,AZ,United States
8660,Home Office,Caguas,PR,Puerto Rico
8661,Home Office,Las Vegas,NV,United States
8662,Home Office,Caguas,PR,Puerto Rico
8663,Consumer,Chicago,IL,United States
8664,Consumer,El Cajon,CA,United States
8665,Consumer,San Bernardino,CA,United States
8666,Corporate,Caguas,PR,Puerto Rico
8667,Corporate,Alameda,CA,United States
8668,Corporate,Caguas,PR,Puerto Rico
8669,Consumer,Astoria,NY,United States
8670,Consumer,Caguas,PR,Puerto Rico
8671,Consumer,Santa Fe,NM,United States
8672,Consumer,San Diego,CA,United States
8673,Consumer,Caguas,PR,Puerto Rico
8674,Consumer,Baldwin Park,CA,United States
8675,Corporate,Chula Vista,CA,United States
8676,Corporate,North Las Vegas,NV,United States
8677,Consumer,Caguas,PR,Puerto Rico
8678,Corporate,Hialeah,FL,United States
8679,Corporate,Lansdale,PA,United States
8680,Corporate,Caguas,PR,Puerto Rico
8681,Corporate,Longmont,CO,United States
8682,Corporate,Caguas,PR,Puerto Rico
8683,Corporate,Brighton,MA,United States
8684,Consumer,Caguas,PR,Puerto Rico
8685,Consumer,Santa Ana,CA,United States
8686,Corporate,Caguas,PR,Puerto Rico
8687,Corporate,Brooklyn,NY,United States
8688,Corporate,Eagle Pass,TX,United States
8689,Corporate,Caguas,PR,Puerto Rico
8690,Corporate,Honolulu,HI,United States
8691,Corporate,Guaynabo,PR,Puerto Rico
8692,Consumer,Summerville,SC,United States
8693,Corporate,Caguas,PR,Puerto Rico
8694,Corporate,Winter Park,FL,United States
8695,Corporate,Caguas,PR,Puerto Rico
8696,Corporate,Washington,DC,United States
8697,Home Office,Caguas,PR,Puerto Rico
8698,Consumer,Oxnard,CA,United States
8699,Corporate,Caguas,PR,Puerto Rico
8700,Home Office,Milwaukee,WI,United States
8701,Consumer,Troy,MI,United States
8702,Consumer,Caguas,PR,Puerto Rico
8703,Consumer,Carlisle,PA,United States
8704,Consumer,Caguas,PR,Puerto Rico
8705,Consumer,Stockton,CA,United States
8706,Home Office,Brandon,FL,United States
8707,Home Office,Caguas,PR,Puerto Rico
8708,Consumer,Dallas,TX,United States
8709,Consumer,Alameda,CA,United States
8710,Consumer,Duluth,GA,United States
8711,Consumer,Caguas,PR,Puerto Rico
8712,Consumer,Riverside,CA,United States
8713,Consumer,Caguas,PR,Puerto Rico
8714,Corporate,Germantown,MD,United States
8715,Corporate,Apex,NC,United States
8716,Home Office,Caguas,PR,Puerto Rico
8717,Home Office,Granada Hills,CA,United States
8718,Consumer,Seattle,WA,United States
8719,Corporate,Caguas,PR,Puerto Rico
8720,Corporate,Strongsville,OH,United States
8721,Consumer,Caguas,PR,Puerto Rico
8722,Consumer,Chicago,IL,United States
8723,Consumer,Washington,DC,United States
8724,Consumer,Caguas,PR,Puerto Rico
8725,Consumer,New York,NY,United States
8726,Consumer,New Brunswick,NJ,United States
8727,Consumer,San Antonio,TX,United States
8728,Consumer,Raleigh,NC,United States
8729,Corporate,Caguas,PR,Puerto Rico
8730,Corporate,Hayward,CA,United States
8731,Home Office,Detroit,MI,United States
8732,Consumer,Marietta,GA,United States
8733,Consumer,Caguas,PR,Puerto Rico
8734,Consumer,Ridgewood,NY,United States
8735,Consumer,Muskegon,MI,United States
8736,Consumer,Caguas,PR,Puerto Rico
8737,Consumer,Costa Mesa,CA,United States
8738,Consumer,Caguas,PR,Puerto Rico
8739,Consumer,Jacksonville,FL,United States
8740,Consumer,Caguas,PR,Puerto Rico
8741,Consumer,Vista,CA,United States
8742,Consumer,Columbia,SC,United States
8743,Consumer,Caguas,PR,Puerto Rico
8744,Consumer,Salinas,CA,United States
8745,Corporate,Ontario,CA,United States
8746,Corporate,Cleveland,OH,United States
8747,Corporate,Wyandotte,MI,United States
8748,Corporate,Caguas,PR,Puerto Rico
8749,Consumer,Bronx,NY,United States
8750,Consumer,Vista,CA,United States
8751,Consumer,Caguas,PR,Puerto Rico
8752,Home Office,Oceanside,CA,United States
8753,Consumer,Hagerstown,MD,United States
8754,Consumer,South Richmond Hill,NY,United States
8755,Consumer,Caguas,PR,Puerto Rico
8756,Consumer,Spokane,WA,United States
8757,Corporate,Aurora,CO,United States
8758,Consumer,Caguas,PR,Puerto Rico
8759,Corporate,Los Angeles,CA,United States
8760,Consumer,Caguas,PR,Puerto Rico
8761,Corporate,Bronx,NY,United States
8762,Corporate,San Francisco,CA,United States
8763,Home Office,Santee,CA,United States
8764,Home Office,Peoria,AZ,United States
8765,Corporate,College Station,TX,United States
8766,Corporate,Caguas,PR,Puerto Rico
8767,Corporate,Pasadena,MD,United States
8768,Corporate,Hamtramck,MI,United States
8769,Consumer,Caguas,PR,Puerto Rico
8770,Consumer,West Chester,PA,United States
8771,Corporate,Caguas,PR,Puerto Rico
8772,Corporate,Norfolk,VA,United States
8773,Consumer,Caguas,PR,Puerto Rico
8774,Consumer,Dallas,TX,United States
8775,Consumer,New Orleans,LA,United States
8776,Consumer,Caguas,PR,Puerto Rico
8777,Consumer,Kent,WA,United States
8779,Home Office,Opa Locka,FL,United States
8780,Home Office,Caguas,PR,Puerto Rico
8781,Home Office,Miami,FL,United States
8782,Home Office,Caguas,PR,Puerto Rico
8783,Home Office,Buena Park,CA,United States
8784,Home Office,Caguas,PR,Puerto Rico
8785,Home Office,New York,NY,United States
8786,Home Office,Compton,CA,United States
8787,Consumer,Caguas,PR,Puerto Rico
8788,Consumer,Chicago,IL,United States
8789,Consumer,Caguas,PR,Puerto Rico
8790,Consumer,Toms River,NJ,United States
8791,Consumer,Caguas,PR,Puerto Rico
8792,Consumer,Hayward,CA,United States
8793,Consumer,Bellingham,WA,United States
8794,Home Office,Tucson,AZ,United States
8795,Corporate,Greenville,NC,United States
8796,Corporate,Caguas,PR,Puerto Rico
8797,Consumer,Bakersfield,CA,United States
8798,Consumer,Caguas,PR,Puerto Rico
8799,Consumer,Stockton,CA,United States
8800,Consumer,Caguas,PR,Puerto Rico
8801,Consumer,Livermore,CA,United States
8802,Consumer,Amarillo,TX,United States
8803,Consumer,Caguas,PR,Puerto Rico
8804,Consumer,Moline,IL,United States
8805,Consumer,Caguas,PR,Puerto Rico
8806,Consumer,Virginia Beach,VA,United States
8807,Consumer,Caguas,PR,Puerto Rico
8808,Consumer,Glen Burnie,MD,United States
8809,Consumer,Bakersfield,CA,United States
8810,Corporate,Caguas,PR,Puerto Rico
8811,Consumer,Houston,TX,United States
8812,Consumer,Caguas,PR,Puerto Rico
8813,Consumer,Brooklyn,NY,United States
8814,Consumer,Vallejo,CA,United States
8815,Home Office,Pompano Beach,FL,United States
8816,Consumer,Caguas,PR,Puerto Rico
8817,Home Office,Winnetka,CA,United States
8818,Home Office,Caguas,PR,Puerto Rico
8819,Home Office,Encinitas,CA,United States
8820,Home Office,San Jose,CA,United States
8821,Home Office,Caguas,PR,Puerto Rico
8822,Home Office,Dallas,TX,United States
8823,Home Office,Van Nuys,CA,United States
8824,Home Office,Caguas,PR,Puerto Rico
8825,Home Office,Hialeah,FL,United States
8826,Home Office,Greensboro,NC,United States
8827,Home Office,San Antonio,TX,United States
8828,Home Office,Caguas,PR,Puerto Rico
8829,Corporate,Woodside,NY,United States
8830,Corporate,Bensalem,PA,United States
8831,Home Office,Caguas,PR,Puerto Rico
8832,Home Office,Brooklyn,NY,United States
8833,Home Office,Caguas,PR,Puerto Rico
8834,Home Office,Simi Valley,CA,United States
8835,Corporate,Richmond,TX,United States
8836,Home Office,Caguas,PR,Puerto Rico
8837,Home Office,Apopka,FL,United States
8838,Corporate,Caguas,PR,Puerto Rico
8839,Corporate,Campbell,CA,United States
8840,Corporate,Caguas,PR,Puerto Rico
8841,Corporate,Los Angeles,CA,United States
8842,Corporate,Caguas,PR,Puerto Rico
8843,Corporate,Houston,TX,United States
8844,Corporate,Caguas,PR,Puerto Rico
8845,Consumer,San Juan,PR,Puerto Rico
8846,Consumer,Indio,CA,United States
8847,Consumer,Baltimore,MD,United States
8848,Consumer,Katy,TX,United States
8849,Corporate,Caguas,PR,Puerto Rico
8850,Corporate,Brooklyn,NY,United States
8851,Consumer,Long Beach,CA,United States
8852,Consumer,Caguas,PR,Puerto Rico
8853,Consumer,Littleton,CO,United States
8854,Consumer,Blacksburg,VA,United States
8855,Consumer,Poway,CA,United States
8856,Home Office,Caguas,PR,Puerto Rico
8857,Home Office,Hawthorne,CA,United States
8858,Consumer,Los Angeles,CA,United States
8859,Home Office,Caguas,PR,Puerto Rico
8860,Consumer,Hamtramck,MI,United States
8861,Consumer,Caguas,PR,Puerto Rico
8862,Consumer,Zanesville,OH,United States
8863,Consumer,Washington,DC,United States
8864,Consumer,Caguas,PR,Puerto Rico
8865,Consumer,Philadelphia,PA,United States
8866,Consumer,Chambersburg,PA,United States
8867,Consumer,Caguas,PR,Puerto Rico
8868,Consumer,Philadelphia,PA,United States
8869,Consumer,Caguas,PR,Puerto Rico
8870,Consumer,Fort Lauderdale,FL,United States
8871,Home Office,Granite City,IL,United States
8872,Consumer,Portland,OR,United States
8873,Corporate,Caguas,PR,Puerto Rico
8874,Corporate,Bronx,NY,United States
8875,Corporate,Saint Charles,MO,United States
8876,Corporate,Caguas,PR,Puerto Rico
8877,Corporate,Livermore,CA,United States
8878,Corporate,Waipahu,HI,United States
8879,Consumer,Stockbridge,GA,United States
8880,Home Office,Escondido,CA,United States
8881,Consumer,Caguas,PR,Puerto Rico
8883,Home Office,Caguas,PR,Puerto Rico
8884,Home Office,Philadelphia,PA,United States
8885,Consumer,Stockbridge,GA,United States
8886,Corporate,Brandon,FL,United States
8887,Corporate,Caguas,PR,Puerto Rico
8888,Corporate,Alpharetta,GA,United States
8889,Consumer,Caguas,PR,Puerto Rico
8890,Corporate,York,PA,United States
8891,Consumer,Detroit,MI,United States
8892,Consumer,Manati,PR,Puerto Rico
8893,Corporate,Caguas,PR,Puerto Rico
8894,Corporate,Chino,CA,United States
8895,Home Office,Rio Rancho,NM,United States
8896,Home Office,Joliet,IL,United States
8897,Home Office,Caguas,PR,Puerto Rico
8898,Home Office,Montebello,CA,United States
8899,Consumer,San Jose,CA,United States
8900,Consumer,Greeley,CO,United States
8901,Consumer,Guayama,PR,Puerto Rico
8902,Consumer,Caguas,PR,Puerto Rico
8903,Consumer,Ypsilanti,MI,United States
8904,Consumer,Caguas,PR,Puerto Rico
8905,Consumer,Augusta,GA,United States
8906,Corporate,New York,NY,United States
8907,Corporate,Caguas,PR,Puerto Rico
8908,Consumer,Humacao,PR,Puerto Rico
8909,Consumer,Los Angeles,CA,United States
8910,Corporate,Caguas,PR,Puerto Rico
8911,Corporate,Stockbridge,GA,United States
8912,Home Office,Caguas,PR,Puerto Rico
8913,Consumer,Fort Lauderdale,FL,United States
8914,Consumer,Yauco,PR,Puerto Rico
8915,Corporate,Caguas,PR,Puerto Rico
8916,Consumer,Bayamon,PR,Puerto Rico
8917,Consumer,Caguas,PR,Puerto Rico
8918,Consumer,Bakersfield,CA,United States
8919,Consumer,Caguas,PR,Puerto Rico
8920,Home Office,Troy,MI,United States
8921,Corporate,Caguas,PR,Puerto Rico
8922,Corporate,Chicago,IL,United States
8923,Consumer,Opelousas,LA,United States
8924,Corporate,Caguas,PR,Puerto Rico
8925,Corporate,Opa Locka,FL,United States
8926,Consumer,Caguas,PR,Puerto Rico
8927,Corporate,North Hollywood,CA,United States
8928,Consumer,Eugene,OR,United States
8929,Consumer,Caguas,PR,Puerto Rico
8930,Consumer,Memphis,TN,United States
8931,Consumer,Douglasville,GA,United States
8932,Consumer,Caguas,PR,Puerto Rico
8933,Consumer,Dallas,TX,United States
8934,Consumer,Lancaster,PA,United States
8935,Consumer,Caguas,PR,Puerto Rico
8936,Consumer,Bell Gardens,CA,United States
8937,Consumer,Aurora,CO,United States
8938,Consumer,Caguas,PR,Puerto Rico
8939,Corporate,Staten Island,NY,United States
8940,Corporate,Greensboro,NC,United States
8941,Home Office,Richmond,VA,United States
8942,Home Office,Caguas,PR,Puerto Rico
8943,Home Office,Las Vegas,NV,United States
8944,Home Office,Los Angeles,CA,United States
8945,Home Office,San Jose,CA,United States
8946,Home Office,Caguas,PR,Puerto Rico
8947,Home Office,Milford,CT,United States
8948,Home Office,Cerritos,CA,United States
8949,Consumer,Caguas,PR,Puerto Rico
8950,Home Office,Bronx,NY,United States
8951,Home Office,Caguas,PR,Puerto Rico
8952,Home Office,Mission,TX,United States
8953,Home Office,Meridian,ID,United States
8954,Corporate,Columbia,SC,United States
8955,Corporate,Caguas,PR,Puerto Rico
8956,Corporate,Salina,KS,United States
8957,Home Office,Caguas,PR,Puerto Rico
8958,Home Office,Chicago,IL,United States
8959,Corporate,Dearborn,MI,United States
8960,Consumer,Caguas,PR,Puerto Rico
8961,Corporate,Huntington Beach,CA,United States
8962,Corporate,Caguas,PR,Puerto Rico
8963,Corporate,Los Angeles,CA,United States
8964,Home Office,Louisville,KY,United States
8965,Home Office,Caguas,PR,Puerto Rico
8966,Home Office,Fort Worth,TX,United States
8967,Home Office,Caguas,PR,Puerto Rico
8968,Home Office,Buffalo,NY,United States
8969,Home Office,Carrollton,TX,United States
8970,Home Office,Phoenix,AZ,United States
8971,Home Office,Caguas,PR,Puerto Rico
8972,Consumer,Bismarck,ND,United States
8973,Consumer,Caguas,PR,Puerto Rico
8974,Corporate,Longmont,CO,United States
8975,Corporate,Fort Worth,TX,United States
8976,Consumer,Caguas,PR,Puerto Rico
8977,Corporate,Elyria,OH,United States
8978,Corporate,North Hills,CA,United States
8979,Consumer,Albuquerque,NM,United States
8980,Consumer,Opelousas,LA,United States
8981,Consumer,Caguas,PR,Puerto Rico
8982,Home Office,Sunnyvale,CA,United States
8983,Home Office,Pekin,IL,United States
8984,Home Office,Caguas,PR,Puerto Rico
8985,Home Office,Wyoming,MI,United States
8986,Home Office,Caguas,PR,Puerto Rico
8987,Consumer,Chicago,IL,United States
8988,Consumer,Pekin,IL,United States
8989,Consumer,Caguas,PR,Puerto Rico
8990,Consumer,Chicago,IL,United States
8991,Consumer,Rancho Cucamonga,CA,United States
8992,Consumer,Caguas,PR,Puerto Rico
8993,Corporate,Bakersfield,CA,United States
8994,Consumer,Caguas,PR,Puerto Rico
8995,Corporate,Mechanicsburg,PA,United States
8996,Corporate,Augusta,GA,United States
8997,Corporate,Caguas,PR,Puerto Rico
8998,Corporate,Chicago,IL,United States
8999,Corporate,Oregon City,OR,United States
9000,Corporate,Caguas,PR,Puerto Rico
9001,Corporate,Canoga Park,CA,United States
9002,Corporate,New York,NY,United States
9003,Corporate,Lancaster,SC,United States
9004,Consumer,Caguas,PR,Puerto Rico
9005,Consumer,Elgin,IL,United States
9006,Corporate,Caguas,PR,Puerto Rico
9007,Consumer,Chicago,IL,United States
9008,Consumer,Hanover,PA,United States
9009,Consumer,Caguas,PR,Puerto Rico
9010,Consumer,Santa Clara,CA,United States
9011,Home Office,Caguas,PR,Puerto Rico
9012,Home Office,Alameda,CA,United States
9013,Home Office,Caguas,PR,Puerto Rico
9014,Consumer,Cypress,CA,United States
9015,Corporate,Tampa,FL,United States
9016,Corporate,Caguas,PR,Puerto Rico
9017,Consumer,Troy,NY,United States
9018,Consumer,Dallas,TX,United States
9019,Consumer,Caguas,PR,Puerto Rico
9020,Consumer,Bayamon,PR,Puerto Rico
9021,Consumer,Woodbridge,VA,United States
9022,Corporate,Caguas,PR,Puerto Rico
9023,Corporate,Cleveland,OH,United States
9024,Corporate,Longview,WA,United States
9025,Corporate,Caguas,PR,Puerto Rico
9026,Corporate,Sacramento,CA,United States
9027,Home Office,Denver,CO,United States
9028,Home Office,Orlando,FL,United States
9029,Home Office,Caguas,PR,Puerto Rico
9030,Home Office,Ontario,CA,United States
9031,Home Office,Philadelphia,PA,United States
9032,Consumer,Caguas,PR,Puerto Rico
9033,Consumer,Marrero,LA,United States
9034,Consumer,Pomona,CA,United States
9035,Consumer,Caguas,PR,Puerto Rico
9036,Consumer,Brooklyn,NY,United States
9037,Consumer,Bellflower,CA,United States
9038,Home Office,Caguas,PR,Puerto Rico
9039,Corporate,Miami,FL,United States
9040,Corporate,Bowling Green,KY,United States
9041,Consumer,Caguas,PR,Puerto Rico
9042,Consumer,Ogden,UT,United States
9043,Consumer,Sandusky,OH,United States
9044,Consumer,Caguas,PR,Puerto Rico
9045,Corporate,Chicago,IL,United States
9046,Consumer,San Juan,PR,Puerto Rico
9047,Home Office,Caguas,PR,Puerto Rico
9048,Home Office,Stockton,CA,United States
9049,Home Office,Caguas,PR,Puerto Rico
9050,Home Office,Cleveland,OH,United States
9051,Corporate,Caguas,PR,Puerto Rico
9052,Corporate,Stone Mountain,GA,United States
9053,Corporate,Tustin,CA,United States
9054,Consumer,Washington,DC,United States
9055,Home Office,Caguas,PR,Puerto Rico
9056,Home Office,Carlsbad,CA,United States
9057,Home Office,Caguas,PR,Puerto Rico
9058,Home Office,Dearborn,MI,United States
9059,Home Office,Caguas,PR,Puerto Rico
9061,Consumer,Cary,NC,United States
9062,Consumer,Caguas,PR,Puerto Rico
9063,Corporate,New York,NY,United States
9064,Corporate,Philadelphia,PA,United States
9065,Home Office,Milwaukee,WI,United States
9066,Home Office,Lawrence,MA,United States
9067,Home Office,Guayama,PR,Puerto Rico
9068,Home Office,Caguas,PR,Puerto Rico
9069,Home Office,Carlisle,PA,United States
9070,Home Office,Caguas,PR,Puerto Rico
9071,Home Office,Victorville,CA,United States
9072,Consumer,Caguas,PR,Puerto Rico
9073,Consumer,Bayamon,PR,Puerto Rico
9074,Consumer,Gardena,CA,United States
9075,Corporate,Caguas,PR,Puerto Rico
9076,Consumer,Stockbridge,GA,United States
9077,Consumer,Caguas,PR,Puerto Rico
9078,Home Office,Glen Burnie,MD,United States
9079,Home Office,Caguas,PR,Puerto Rico
9080,Home Office,Chicago,IL,United States
9081,Home Office,Chicago,IL,United States
9082,Home Office,Caguas,PR,Puerto Rico
9083,Home Office,Bayamon,PR,Puerto Rico
9084,Consumer,Jonesboro,AR,United States
9085,Corporate,Caguas,PR,Puerto Rico
9086,Consumer,Philadelphia,PA,United States
9087,Consumer,Caguas,PR,Puerto Rico
9088,Consumer,Encinitas,CA,United States
9089,Consumer,Caguas,PR,Puerto Rico
9090,Consumer,Oviedo,FL,United States
9091,Home Office,Caguas,PR,Puerto Rico
9092,Home Office,Columbia,TN,United States
9093,Home Office,Hamilton,OH,United States
9094,Consumer,Caguas,PR,Puerto Rico
9095,Consumer,Chicago,IL,United States
9096,Consumer,Los Angeles,CA,United States
9097,Consumer,Caguas,PR,Puerto Rico
9098,Home Office,Washington,PA,United States
9099,Home Office,Caguas,PR,Puerto Rico
9100,Consumer,La Habra,CA,United States
9101,Consumer,Las Vegas,NV,United States
9102,Consumer,Aurora,IL,United States
9103,Consumer,Caguas,PR,Puerto Rico
9104,Consumer,Apex,NC,United States
9105,Consumer,Caguas,PR,Puerto Rico
9106,Consumer,Waukegan,IL,United States
9107,Consumer,Los Angeles,CA,United States
9108,Consumer,Methuen,MA,United States
9109,Consumer,Caguas,PR,Puerto Rico
9110,Corporate,Mount Pleasant,MI,United States
9111,Corporate,Caguas,PR,Puerto Rico
9112,Corporate,Bay Shore,NY,United States
9113,Consumer,Salem,OR,United States
9114,Home Office,Caguas,PR,Puerto Rico
9115,Home Office,New York,NY,United States
9116,Home Office,Caguas,PR,Puerto Rico
9117,Home Office,Tampa,FL,United States
9118,Consumer,Caguas,PR,Puerto Rico
9119,Consumer,La Crosse,WI,United States
9120,Home Office,Caguas,PR,Puerto Rico
9121,Home Office,Hawthorne,CA,United States
9122,Home Office,Las Vegas,NV,United States
9123,Consumer,Caguas,PR,Puerto Rico
9124,Consumer,Temecula,CA,United States
9125,Consumer,Caguas,PR,Puerto Rico
9126,Consumer,Atlanta,GA,United States
9127,Consumer,Dallas,TX,United States
9128,Corporate,San Diego,CA,United States
9129,Corporate,Caguas,PR,Puerto Rico
9130,Corporate,Brooklyn,NY,United States
9131,Consumer,New Castle,DE,United States
9132,Home Office,Eugene,OR,United States
9133,Home Office,Caguas,PR,Puerto Rico
9134,Home Office,Fresno,CA,United States
9135,Home Office,Caguas,PR,Puerto Rico
9136,Consumer,Philadelphia,PA,United States
9137,Consumer,Tempe,AZ,United States
9138,Consumer,Caguas,PR,Puerto Rico
9139,Home Office,Greensboro,NC,United States
9140,Consumer,Caguas,PR,Puerto Rico
9141,Corporate,Bakersfield,CA,United States
9142,Corporate,Caguas,PR,Puerto Rico
9143,Home Office,Wheeling,WV,United States
9144,Corporate,Caguas,PR,Puerto Rico
9145,Corporate,Brooklyn,NY,United States
9146,Consumer,Wheaton,IL,United States
9147,Home Office,Philadelphia,PA,United States
9148,Consumer,Caguas,PR,Puerto Rico
9149,Consumer,Santa Ana,CA,United States
9150,Consumer,Caguas,PR,Puerto Rico
9151,Consumer,Potomac,MD,United States
9152,Consumer,Salt Lake City,UT,United States
9153,Consumer,Caguas,PR,Puerto Rico
9154,Consumer,Detroit,MI,United States
9155,Consumer,Caguas,PR,Puerto Rico
9156,Consumer,Chicago,IL,United States
9157,Corporate,Federal Way,WA,United States
9158,Corporate,Caguas,PR,Puerto Rico
9159,Consumer,Los Angeles,CA,United States
9160,Consumer,Caguas,PR,Puerto Rico
9161,Consumer,Elk Grove,CA,United States
9162,Corporate,Lodi,CA,United States
9163,Corporate,Billings,MT,United States
9164,Consumer,Caguas,PR,Puerto Rico
9165,Consumer,San Diego,CA,United States
9166,Consumer,Roswell,NM,United States
9167,Consumer,Philadelphia,PA,United States
9168,Consumer,Caguas,PR,Puerto Rico
9169,Consumer,Phoenix,AZ,United States
9170,Consumer,Caguas,PR,Puerto Rico
9171,Consumer,Virginia Beach,VA,United States
9172,Consumer,Chino Hills,CA,United States
9173,Consumer,Caguas,PR,Puerto Rico
9174,Consumer,Corona,NY,United States
9175,Corporate,Detroit,MI,United States
9176,Corporate,Webster,NY,United States
9177,Consumer,Caguas,PR,Puerto Rico
9178,Consumer,New Orleans,LA,United States
9179,Consumer,Rego Park,NY,United States
9180,Consumer,Caguas,PR,Puerto Rico
9181,Corporate,Chicago Heights,IL,United States
9182,Consumer,Troy,MI,United States
9183,Home Office,Pekin,IL,United States
9184,Home Office,Caguas,PR,Puerto Rico
9185,Home Office,Chicago,IL,United States
9186,Home Office,Long Beach,CA,United States
9187,Home Office,Caguas,PR,Puerto Rico
9188,Consumer,Bakersfield,CA,United States
9189,Home Office,Caguas,PR,Puerto Rico
9190,Consumer,Dallas,TX,United States
9191,Home Office,Caguas,PR,Puerto Rico
9192,Home Office,Chicago,IL,United States
9193,Consumer,Carlsbad,CA,United States
9194,Consumer,Caguas,PR,Puerto Rico
9195,Consumer,Fresno,CA,United States
9196,Consumer,Crystal Lake,IL,United States
9197,Consumer,Caguas,PR,Puerto Rico
9198,Consumer,Bowling Green,KY,United States
9199,Consumer,Caguas,PR,Puerto Rico
9200,Consumer,Brooklyn,NY,United States
9201,Consumer,Martinsburg,WV,United States
9202,Consumer,Caguas,PR,Puerto Rico
9203,Consumer,Passaic,NJ,United States
9204,Consumer,Caguas,PR,Puerto Rico
9205,Consumer,Hilliard,OH,United States
9206,Corporate,Pomona,CA,United States
9207,Consumer,Caguas,PR,Puerto Rico
9208,Corporate,Hempstead,NY,United States
9209,Corporate,Los Angeles,CA,United States
9210,Corporate,Caguas,PR,Puerto Rico
9211,Corporate,Spokane,WA,United States
9212,Corporate,Caguas,PR,Puerto Rico
9213,Home Office,Rio Grande,PR,Puerto Rico
9214,Consumer,Philadelphia,PA,United States
9215,Corporate,Caguas,PR,Puerto Rico
9216,Consumer,Brooklyn,NY,United States
9217,Consumer,Meridian,ID,United States
9218,Consumer,Caguas,PR,Puerto Rico
9219,Home Office,Oceanside,CA,United States
9220,Consumer,San Diego,CA,United States
9221,Consumer,San Bernardino,CA,United States
9222,Consumer,Fayetteville,NC,United States
9223,Consumer,Caguas,PR,Puerto Rico
9224,Corporate,Riverside,CA,United States
9225,Consumer,San Diego,CA,United States
9226,Corporate,Caguas,PR,Puerto Rico
9227,Consumer,Wilkes Barre,PA,United States
9228,Corporate,Caguas,PR,Puerto Rico
9229,Corporate,Van Nuys,CA,United States
9230,Consumer,Columbus,OH,United States
9231,Corporate,Mission Viejo,CA,United States
9232,Corporate,Caguas,PR,Puerto Rico
9233,Corporate,Des Plaines,IL,United States
9234,Corporate,Caguas,PR,Puerto Rico
9235,Corporate,Buffalo,NY,United States
9236,Corporate,Caguas,PR,Puerto Rico
9237,Corporate,Vista,CA,United States
9238,Corporate,Caguas,PR,Puerto Rico
9239,Consumer,Hollywood,FL,United States
9240,Consumer,Carlsbad,CA,United States
9241,Home Office,Caguas,PR,Puerto Rico
9242,Home Office,Fayetteville,NC,United States
9243,Home Office,Caguas,PR,Puerto Rico
9244,Consumer,North Hollywood,CA,United States
9245,Consumer,Caguas,PR,Puerto Rico
9246,Consumer,Greensboro,NC,United States
9247,Consumer,Chicago,IL,United States
9248,Consumer,Caguas,PR,Puerto Rico
9249,Consumer,Panorama City,CA,United States
9250,Consumer,Detroit,MI,United States
9251,Consumer,Caguas,PR,Puerto Rico
9252,Consumer,Chicago,IL,United States
9253,Consumer,Fort Lauderdale,FL,United States
9254,Consumer,Caguas,PR,Puerto Rico
9255,Consumer,Oak Lawn,IL,United States
9256,Corporate,New Orleans,LA,United States
9257,Corporate,Caguas,PR,Puerto Rico
9258,Consumer,Marrero,LA,United States
9259,Consumer,Guayama,PR,Puerto Rico
9260,Corporate,Caguas,PR,Puerto Rico
9261,Corporate,Fond Du Lac,WI,United States
9262,Consumer,Caguas,PR,Puerto Rico
9263,Consumer,Dallas,TX,United States
9264,Consumer,Caguas,PR,Puerto Rico
9265,Consumer,Yauco,PR,Puerto Rico
9266,Consumer,Caguas,PR,Puerto Rico
9267,Consumer,Chicago,IL,United States
9268,Corporate,Plainfield,IL,United States
9269,Consumer,Citrus Heights,CA,United States
9270,Home Office,Caguas,PR,Puerto Rico
9271,Consumer,Fort Worth,TX,United States
9272,Home Office,Caguas,PR,Puerto Rico
9273,Home Office,New Orleans,LA,United States
9274,Corporate,Murfreesboro,TN,United States
9275,Consumer,Caguas,PR,Puerto Rico
9276,Consumer,Dallas,TX,United States
9277,Corporate,Eugene,OR,United States
9278,Corporate,Caguas,PR,Puerto Rico
9279,Corporate,Michigan City,IN,United States
9280,Corporate,Caguas,PR,Puerto Rico
9281,Consumer,Los Angeles,CA,United States
9282,Consumer,Fremont,CA,United States
9283,Consumer,Caguas,PR,Puerto Rico
9284,Consumer,Tempe,AZ,United States
9285,Consumer,Caguas,PR,Puerto Rico
9286,Consumer,Chapel Hill,NC,United States
9287,Consumer,Tucson,AZ,United States
9288,Corporate,Caguas,PR,Puerto Rico
9289,Consumer,Honolulu,HI,United States
9290,Consumer,Hampton,VA,United States
9291,Consumer,Caguas,PR,Puerto Rico
9292,Home Office,San Marcos,TX,United States
9293,Consumer,Broken Arrow,OK,United States
9294,Consumer,Caguas,PR,Puerto Rico
9295,Consumer,College Station,TX,United States
9296,Home Office,Caguas,PR,Puerto Rico
9297,Home Office,Fremont,CA,United States
9298,Home Office,Hollywood,FL,United States
9299,Home Office,South Ozone Park,NY,United States
9300,Home Office,Enfield,CT,United States
9301,Home Office,New Bedford,MA,United States
9302,Consumer,Caguas,PR,Puerto Rico
9303,Consumer,Dallas,TX,United States
9304,Consumer,Caguas,PR,Puerto Rico
9305,Consumer,Florissant,MO,United States
9306,Corporate,Caguas,PR,Puerto Rico
9307,Corporate,Stone Mountain,GA,United States
9308,Consumer,Chicago,IL,United States
9309,Consumer,Princeton,NJ,United States
9310,Consumer,Caguas,PR,Puerto Rico
9311,Consumer,Saint Charles,MO,United States
9312,Consumer,Massillon,OH,United States
9313,Consumer,Caguas,PR,Puerto Rico
9314,Consumer,Chula Vista,CA,United States
9316,Consumer,Caguas,PR,Puerto Rico
9317,Consumer,Brooklyn,NY,United States
9318,Corporate,Virginia Beach,VA,United States
9319,Corporate,Caguas,PR,Puerto Rico
9320,Corporate,Philadelphia,PA,United States
9321,Corporate,Caguas,PR,Puerto Rico
9322,Corporate,New Brunswick,NJ,United States
9323,Consumer,Tallahassee,FL,United States
9324,Consumer,Madison,WI,United States
9325,Consumer,Caguas,PR,Puerto Rico
9326,Consumer,Portland,OR,United States
9327,Corporate,Caguas,PR,Puerto Rico
9328,Home Office,Moreno Valley,CA,United States
9329,Corporate,Metairie,LA,United States
9330,Consumer,Caguas,PR,Puerto Rico
9331,Consumer,Clementon,NJ,United States
9332,Consumer,Caguas,PR,Puerto Rico
9333,Corporate,Los Angeles,CA,United States
9334,Consumer,Tampa,FL,United States
9335,Consumer,Caguas,PR,Puerto Rico
9336,Consumer,Spring Valley,CA,United States
9337,Consumer,Chicago,IL,United States
9338,Consumer,Canoga Park,CA,United States
9339,Consumer,Caguas,PR,Puerto Rico
9340,Consumer,Victorville,CA,United States
9341,Consumer,Chicago,IL,United States
9342,Consumer,Caguas,PR,Puerto Rico
9343,Consumer,Salina,KS,United States
9344,Consumer,Caguas,PR,Puerto Rico
9345,Corporate,Aurora,CO,United States
9346,Corporate,Caguas,PR,Puerto Rico
9347,Corporate,Oxnard,CA,United States
9348,Corporate,Wyoming,MI,United States
9349,Home Office,Caguas,PR,Puerto Rico
9350,Corporate,Chillicothe,OH,United States
9351,Corporate,Caguas,PR,Puerto Rico
9352,Corporate,South El Monte,CA,United States
9353,Home Office,Caguas,PR,Puerto Rico
9354,Consumer,Roswell,GA,United States
9355,Corporate,Caguas,PR,Puerto Rico
9356,Corporate,Phoenix,AZ,United States
9357,Corporate,Encinitas,CA,United States
9358,Corporate,Caguas,PR,Puerto Rico
9359,Home Office,Beloit,WI,United States
9360,Home Office,Caguas,PR,Puerto Rico
9361,Home Office,Middletown,CT,United States
9362,Home Office,Caguas,PR,Puerto Rico
9363,Home Office,San Diego,CA,United States
9364,Home Office,Jamaica,NY,United States
9365,Home Office,Cleveland,OH,United States
9366,Corporate,Caguas,PR,Puerto Rico
9367,Consumer,San Benito,TX,United States
9368,Consumer,Caguas,PR,Puerto Rico
9369,Consumer,Chicago,IL,United States
9370,Consumer,Gaithersburg,MD,United States
9371,Consumer,Meridian,ID,United States
9372,Consumer,Caguas,PR,Puerto Rico
9373,Corporate,Brooklyn,NY,United States
9374,Corporate,Caguas,PR,Puerto Rico
9375,Corporate,Mission Viejo,CA,United States
9376,Corporate,Caguas,PR,Puerto Rico
9377,Corporate,Philadelphia,PA,United States
9378,Consumer,Provo,UT,United States
9379,Consumer,Daly City,CA,United States
9380,Consumer,South El Monte,CA,United States
9381,Consumer,Loveland,OH,United States
9382,Consumer,Caguas,PR,Puerto Rico
9383,Consumer,Miami,FL,United States
9384,Consumer,Caguas,PR,Puerto Rico
9385,Consumer,Washington,PA,United States
9386,Consumer,Caguas,PR,Puerto Rico
9387,Consumer,Valrico,FL,United States
9388,Consumer,Caguas,PR,Puerto Rico
9389,Consumer,Miami,FL,United States
9390,Consumer,Caguas,PR,Puerto Rico
9391,Consumer,Beaverton,OR,United States
9392,Corporate,Hollywood,FL,United States
9393,Home Office,Caguas,PR,Puerto Rico
9394,Home Office,Fresno,CA,United States
9395,Consumer,Caguas,PR,Puerto Rico
9396,Consumer,Salinas,CA,United States
9397,Consumer,Fontana,CA,United States
9398,Consumer,Caguas,PR,Puerto Rico
9399,Consumer,Tucson,AZ,United States
9400,Consumer,Caguas,PR,Puerto Rico
9401,Consumer,Bronx,NY,United States
9402,Consumer,Caguas,PR,Puerto Rico
9403,Consumer,Fountain Valley,CA,United States
9404,Consumer,Caguas,PR,Puerto Rico
9405,Consumer,Manchester,CT,United States
9406,Corporate,Chicago,IL,United States
9407,Consumer,Caguas,PR,Puerto Rico
9408,Consumer,Chicago,IL,United States
9409,Home Office,Rome,NY,United States
9410,Home Office,Caguas,PR,Puerto Rico
9411,Home Office,Huntington Station,NY,United States
9412,Home Office,Lancaster,CA,United States
9413,Home Office,Jamaica,NY,United States
9414,Consumer,Florissant,MO,United States
9415,Home Office,Caguas,PR,Puerto Rico
9416,Home Office,Virginia Beach,VA,United States
9417,Home Office,Olathe,KS,United States
9418,Home Office,Caguas,PR,Puerto Rico
9419,Consumer,Brooklyn,NY,United States
9420,Consumer,Citrus Heights,CA,United States
9421,Consumer,Caguas,PR,Puerto Rico
9422,Home Office,Gaithersburg,MD,United States
9423,Consumer,San Diego,CA,United States
9424,Consumer,Caguas,PR,Puerto Rico
9425,Consumer,Detroit,MI,United States
9426,Consumer,Aurora,CO,United States
9427,Consumer,San Antonio,TX,United States
9428,Consumer,Oregon City,OR,United States
9429,Consumer,Caguas,PR,Puerto Rico
9430,Consumer,New York,NY,United States
9431,Consumer,Caguas,PR,Puerto Rico
9432,Corporate,Sugar Land,TX,United States
9433,Corporate,Caguas,PR,Puerto Rico
9434,Corporate,Merced,CA,United States
9435,Home Office,Granada Hills,CA,United States
9436,Home Office,Caguas,PR,Puerto Rico
9437,Consumer,Kent,WA,United States
9438,Consumer,Caguas,PR,Puerto Rico
9439,Consumer,Columbia,SC,United States
9440,Consumer,Caguas,PR,Puerto Rico
9441,Corporate,Colorado Springs,CO,United States
9442,Corporate,Caguas,PR,Puerto Rico
9443,Consumer,Garden Grove,CA,United States
9444,Home Office,Caguas,PR,Puerto Rico
9445,Home Office,Plano,TX,United States
9446,Corporate,Caguas,PR,Puerto Rico
9447,Corporate,Palmdale,CA,United States
9448,Corporate,Grand Prairie,TX,United States
9449,Home Office,Dallas,TX,United States
9450,Home Office,Carol Stream,IL,United States
9451,Home Office,Caguas,PR,Puerto Rico
9452,Home Office,New York,NY,United States
9453,Home Office,Caguas,PR,Puerto Rico
9454,Consumer,Long Beach,CA,United States
9455,Consumer,El Monte,CA,United States
9456,Consumer,South Richmond Hill,NY,United States
9457,Home Office,Caguas,PR,Puerto Rico
9458,Consumer,Bronx,NY,United States
9459,Consumer,San Francisco,CA,United States
9460,Corporate,Fairfield,OH,United States
9461,Home Office,Caguas,PR,Puerto Rico
9462,Home Office,Bell Gardens,CA,United States
9463,Consumer,Cleveland,OH,United States
9464,Home Office,Pekin,IL,United States
9465,Home Office,Caguas,PR,Puerto Rico
9466,Consumer,Memphis,TN,United States
9467,Home Office,Caguas,PR,Puerto Rico
9468,Corporate,Loveland,OH,United States
9469,Corporate,Caguas,PR,Puerto Rico
9470,Consumer,Hanford,CA,United States
9471,Consumer,Caguas,PR,Puerto Rico
9472,Home Office,Huntington Beach,CA,United States
9473,Consumer,Caguas,PR,Puerto Rico
9474,Consumer,Methuen,MA,United States
9475,Consumer,Caguas,PR,Puerto Rico
9476,Consumer,Lombard,IL,United States
9477,Consumer,Vista,CA,United States
9478,Consumer,Lawrence,MA,United States
9479,Consumer,Caguas,PR,Puerto Rico
9480,Consumer,Sacramento,CA,United States
9481,Consumer,Lynnwood,WA,United States
9482,Consumer,Caguas,PR,Puerto Rico
9483,Consumer,Oregon City,OR,United States
9484,Consumer,Caguas,PR,Puerto Rico
9485,Consumer,El Cajon,CA,United States
9486,Consumer,Philadelphia,PA,United States
9487,Consumer,Caguas,PR,Puerto Rico
9488,Corporate,Hialeah,FL,United States
9489,Corporate,Miami,FL,United States
9490,Corporate,La Mesa,CA,United States
9491,Corporate,Los Angeles,CA,United States
9492,Corporate,Caguas,PR,Puerto Rico
9493,Corporate,North Hills,CA,United States
9494,Corporate,Del Rio,TX,United States
9495,Consumer,Caguas,PR,Puerto Rico
9496,Corporate,Parkville,MD,United States
9497,Consumer,Caguas,PR,Puerto Rico
9498,Consumer,Cleveland,OH,United States
9499,Consumer,Caguas,PR,Puerto Rico
9500,Consumer,Florissant,MO,United States
9501,Consumer,Caguas,PR,Puerto Rico
9502,Home Office,El Paso,TX,United States
9503,Home Office,Orlando,FL,United States
9504,Home Office,Caguas,PR,Puerto Rico
9505,Home Office,Orlando,FL,United States
9506,Corporate,Caguas,PR,Puerto Rico
9507,Corporate,Simi Valley,CA,United States
9508,Corporate,Los Angeles,CA,United States
9509,Consumer,Dearborn,MI,United States
9510,Consumer,Caguas,PR,Puerto Rico
9511,Corporate,Harvey,IL,United States
9512,Corporate,Caguas,PR,Puerto Rico
9513,Corporate,Denver,CO,United States
9514,Corporate,Laguna Hills,CA,United States
9515,Consumer,Caguas,PR,Puerto Rico
9517,Consumer,Caguas,PR,Puerto Rico
9518,Consumer,Memphis,TN,United States
9519,Consumer,Caguas,PR,Puerto Rico
9520,Consumer,Visalia,CA,United States
9521,Consumer,Caguas,PR,Puerto Rico
9522,Consumer,Simi Valley,CA,United States
9523,Consumer,Sun Valley,CA,United States
9524,Consumer,Caguas,PR,Puerto Rico
9525,Consumer,Jamaica,NY,United States
9526,Consumer,Caguas,PR,Puerto Rico
9527,Consumer,Napa,CA,United States
9528,Consumer,Caguas,PR,Puerto Rico
9529,Consumer,Sugar Land,TX,United States
9530,Consumer,Peabody,MA,United States
9531,Consumer,Caguas,PR,Puerto Rico
9532,Corporate,Amarillo,TX,United States
9533,Consumer,Caguas,PR,Puerto Rico
9534,Consumer,Las Vegas,NV,United States
9535,Consumer,Caguas,PR,Puerto Rico
9536,Consumer,Los Angeles,CA,United States
9537,Corporate,East Lansing,MI,United States
9538,Consumer,Caguas,PR,Puerto Rico
9539,Corporate,Lenoir,NC,United States
9540,Corporate,Aurora,CO,United States
9541,Corporate,Caguas,PR,Puerto Rico
9542,Corporate,Chicago,IL,United States
9543,Corporate,Huntington Beach,CA,United States
9544,Home Office,Caguas,PR,Puerto Rico
9545,Home Office,La Mirada,CA,United States
9546,Corporate,Caguas,PR,Puerto Rico
9547,Corporate,Los Angeles,CA,United States
9548,Corporate,Billings,MT,United States
9549,Corporate,Caguas,PR,Puerto Rico
9550,Consumer,Dallas,TX,United States
9551,Home Office,New York,NY,United States
9552,Home Office,Las Vegas,NV,United States
9553,Consumer,Florissant,MO,United States
9554,Consumer,Caguas,PR,Puerto Rico
9555,Consumer,Orange Park,FL,United States
9556,Consumer,Caguas,PR,Puerto Rico
9557,Consumer,Gardena,CA,United States
9558,Consumer,Caguas,PR,Puerto Rico
9559,Consumer,Dallas,TX,United States
9560,Consumer,Caguas,PR,Puerto Rico
9561,Consumer,Mesa,AZ,United States
9562,Home Office,Caguas,PR,Puerto Rico
9563,Corporate,San Jose,CA,United States
9564,Consumer,Dallas,TX,United States
9565,Corporate,Caguas,PR,Puerto Rico
9566,Corporate,Pacoima,CA,United States
9567,Consumer,Brooklyn,NY,United States
9568,Consumer,Caguas,PR,Puerto Rico
9569,Consumer,Napa,CA,United States
9570,Consumer,Houston,TX,United States
9571,Consumer,Hyattsville,MD,United States
9572,Consumer,Caguas,PR,Puerto Rico
9573,Corporate,Quincy,IL,United States
9574,Consumer,Caguas,PR,Puerto Rico
9575,Consumer,Azusa,CA,United States
9576,Consumer,Cupertino,CA,United States
9577,Consumer,Columbia,TN,United States
9578,Consumer,Caguas,PR,Puerto Rico
9579,Consumer,Buffalo,NY,United States
9580,Consumer,Las Vegas,NV,United States
9581,Consumer,Caguas,PR,Puerto Rico
9582,Corporate,Cleveland,OH,United States
9583,Home Office,Caguas,PR,Puerto Rico
9584,Consumer,Bronx,NY,United States
9585,Consumer,Sugar Land,TX,United States
9586,Consumer,Caguas,PR,Puerto Rico
9587,Consumer,West Chester,PA,United States
9588,Corporate,Caguas,PR,Puerto Rico
9589,Consumer,Hacienda Heights,CA,United States
9590,Consumer,Caguas,PR,Puerto Rico
9591,Consumer,Sunnyvale,CA,United States
9592,Consumer,Goose Creek,SC,United States
9593,Consumer,Caguas,PR,Puerto Rico
9594,Home Office,Philadelphia,PA,United States
9595,Consumer,Sanford,NC,United States
9596,Consumer,Escondido,CA,United States
9597,Home Office,Caguas,PR,Puerto Rico
9598,Home Office,Elmhurst,IL,United States
9599,Home Office,Caguas,PR,Puerto Rico
9600,Consumer,Toms River,NJ,United States
9601,Corporate,Apex,NC,United States
9602,Home Office,Caguas,PR,Puerto Rico
9603,Consumer,Campbell,CA,United States
9604,Consumer,Caguas,PR,Puerto Rico
9605,Corporate,Bayamon,PR,Puerto Rico
9606,Consumer,Granada Hills,CA,United States
9607,Home Office,Caguas,PR,Puerto Rico
9608,Consumer,Fontana,CA,United States
9609,Consumer,Houston,TX,United States
9610,Corporate,Lancaster,CA,United States
9611,Corporate,Saint Louis,MO,United States
9612,Corporate,Caguas,PR,Puerto Rico
9613,Corporate,Phoenix,AZ,United States
9614,Consumer,Rosemead,CA,United States
9615,Corporate,Escondido,CA,United States
9616,Corporate,Caguas,PR,Puerto Rico
9617,Consumer,Los Angeles,CA,United States
9618,Consumer,Brandon,FL,United States
9619,Consumer,Caguas,PR,Puerto Rico
9620,Consumer,Greensboro,NC,United States
9621,Consumer,Caguas,PR,Puerto Rico
9622,Consumer,Mission,TX,United States
9623,Consumer,Austin,TX,United States
9624,Corporate,Caguas,PR,Puerto Rico
9625,Corporate,New York,NY,United States
9626,Corporate,El Paso,TX,United States
9627,Corporate,Las Vegas,NV,United States
9628,Consumer,Caguas,PR,Puerto Rico
9629,Consumer,San Antonio,TX,United States
9630,Consumer,Caguas,PR,Puerto Rico
9631,Home Office,College Station,TX,United States
9632,Corporate,Caguas,PR,Puerto Rico
9633,Corporate,Saint Louis,MO,United States
9634,Corporate,Bridgeton,NJ,United States
9635,Corporate,Caguas,PR,Puerto Rico
9636,Corporate,San Francisco,CA,United States
9637,Corporate,Caguas,PR,Puerto Rico
9639,Home Office,Florissant,MO,United States
9640,Consumer,Detroit,MI,United States
9641,Consumer,Caguas,PR,Puerto Rico
9642,Consumer,Clearfield,UT,United States
9643,Consumer,Caguas,PR,Puerto Rico
9644,Consumer,Mission Viejo,CA,United States
9645,Consumer,Caguas,PR,Puerto Rico
9646,Consumer,Laredo,TX,United States
9647,Home Office,Caguas,PR,Puerto Rico
9648,Home Office,Mesa,AZ,United States
9649,Home Office,Caguas,PR,Puerto Rico
9650,Consumer,Hampton,VA,United States
9651,Consumer,Bend,OR,United States
9652,Consumer,Caguas,PR,Puerto Rico
9653,Consumer,New York,NY,United States
9654,Corporate,Mentor,OH,United States
9655,Corporate,San Jose,CA,United States
9656,Corporate,Rochester,NY,United States
9657,Corporate,Caguas,PR,Puerto Rico
9658,Corporate,Houston,TX,United States
9659,Corporate,Caguas,PR,Puerto Rico
9660,Corporate,Pawtucket,RI,United States
9661,Corporate,Caguas,PR,Puerto Rico
9662,Consumer,San Pablo,CA,United States
9663,Consumer,Ypsilanti,MI,United States
9664,Consumer,Brooklyn,NY,United States
9665,Consumer,Caguas,PR,Puerto Rico
9666,Consumer,College Station,TX,United States
9667,Consumer,Garden Grove,CA,United States
9668,Home Office,Caguas,PR,Puerto Rico
9669,Consumer,Cleveland,OH,United States
9670,Home Office,Caguas,PR,Puerto Rico
9671,Consumer,Lompoc,CA,United States
9672,Corporate,Meridian,ID,United States
9673,Corporate,Caguas,PR,Puerto Rico
9674,Corporate,Taylor,MI,United States
9675,Consumer,Mission Viejo,CA,United States
9676,Corporate,Caguas,PR,Puerto Rico
9677,Home Office,Tracy,CA,United States
9678,Corporate,Salt Lake City,UT,United States
9679,Consumer,New Orleans,LA,United States
9680,Consumer,Caguas,PR,Puerto Rico
9681,Corporate,Dallas,TX,United States
9682,Corporate,Caguas,PR,Puerto Rico
9683,Corporate,Riverside,CA,United States
9684,Corporate,Albuquerque,NM,United States
9685,Corporate,Caguas,PR,Puerto Rico
9686,Consumer,Wheaton,IL,United States
9687,Consumer,Miami,FL,United States
9688,Corporate,Tucson,AZ,United States
9689,Corporate,Caguas,PR,Puerto Rico
9690,Corporate,Caguas,PR,Puerto Rico
9691,Consumer,Bakersfield,CA,United States
9692,Consumer,Laredo,TX,United States
9693,Consumer,Richardson,TX,United States
9694,Home Office,Caguas,PR,Puerto Rico
9695,Home Office,Brooklyn,NY,United States
9696,Home Office,Caguas,PR,Puerto Rico
9697,Consumer,Vega Baja,PR,Puerto Rico
9698,Consumer,Indianapolis,IN,United States
9699,Consumer,Caguas,PR,Puerto Rico
9700,Consumer,Ballwin,MO,United States
9701,Home Office,Strongsville,OH,United States
9702,Home Office,Caguas,PR,Puerto Rico
9703,Home Office,Kent,WA,United States
9704,Home Office,Caguas,PR,Puerto Rico
9705,Consumer,Washington,DC,United States
9706,Home Office,Caguas,PR,Puerto Rico
9707,Corporate,Brooklyn,NY,United States
9708,Home Office,Los Angeles,CA,United States
9709,Home Office,North Las Vegas,NV,United States
9710,Home Office,Lynn,MA,United States
9711,Home Office,Caguas,PR,Puerto Rico
9712,Home Office,Vacaville,CA,United States
9713,Home Office,Bolingbrook,IL,United States
9714,Home Office,Seattle,WA,United States
9715,Home Office,Caguas,PR,Puerto Rico
9716,Corporate,Plymouth,MA,United States
9717,Corporate,Caguas,PR,Puerto Rico
9718,Home Office,Annandale,VA,United States
9719,Home Office,Smyrna,GA,United States
9720,Home Office,Caguas,PR,Puerto Rico
9721,Home Office,Bronx,NY,United States
9722,Corporate,Caguas,PR,Puerto Rico
9723,Corporate,Los Angeles,CA,United States
9724,Consumer,Caguas,PR,Puerto Rico
9725,Consumer,O Fallon,MO,United States
9726,Consumer,Caguas,PR,Puerto Rico
9727,Home Office,Chicago,IL,United States
9728,Home Office,Caguas,PR,Puerto Rico
9729,Home Office,Washington,DC,United States
9730,Home Office,Caguas,PR,Puerto Rico
9731,Home Office,Baytown,TX,United States
9732,Home Office,Caguas,PR,Puerto Rico
9733,Consumer,Brownsville,TX,United States
9734,Corporate,Rego Park,NY,United States
9735,Corporate,Caguas,PR,Puerto Rico
9736,Consumer,Las Vegas,NV,United States
9737,Consumer,Caguas,PR,Puerto Rico
9738,Consumer,East Lansing,MI,United States
9739,Corporate,Caguas,PR,Puerto Rico
9740,Consumer,San Jose,CA,United States
9741,Corporate,Caguas,PR,Puerto Rico
9742,Home Office,New York,NY,United States
9743,Home Office,San Francisco,CA,United States
9744,Home Office,Memphis,TN,United States
9745,Home Office,Caguas,PR,Puerto Rico
9746,Consumer,Reseda,CA,United States
9747,Consumer,Endicott,NY,United States
9748,Consumer,Tampa,FL,United States
9749,Consumer,Caguas,PR,Puerto Rico
9750,Consumer,Woodside,NY,United States
9751,Home Office,Chicago,IL,United States
9752,Consumer,Caguas,PR,Puerto Rico
9753,Consumer,New Albany,IN,United States
9754,Consumer,Caguas,PR,Puerto Rico
9755,Corporate,Corona,NY,United States
9756,Corporate,Dallas,TX,United States
9757,Corporate,Santa Maria,CA,United States
9758,Corporate,Caguas,PR,Puerto Rico
9759,Home Office,Houston,TX,United States
9760,Consumer,Caguas,PR,Puerto Rico
9761,Consumer,Brownsville,TX,United States
9762,Consumer,San Diego,CA,United States
9763,Corporate,Irving,TX,United States
9764,Consumer,San Sebastian,PR,Puerto Rico
9765,Corporate,Caguas,PR,Puerto Rico
9766,Consumer,Elyria,OH,United States
9767,Consumer,Caguas,PR,Puerto Rico
9768,Corporate,Goleta,CA,United States
9769,Corporate,Simi Valley,CA,United States
9770,Corporate,Caguas,PR,Puerto Rico
9771,Consumer,Virginia Beach,VA,United States
9772,Home Office,Caguas,PR,Puerto Rico
9773,Corporate,Hanford,CA,United States
9774,Corporate,Caguas,PR,Puerto Rico
9775,Consumer,Chicago,IL,United States
9776,Consumer,Endicott,NY,United States
9777,Consumer,Caguas,PR,Puerto Rico
9778,Home Office,Oceanside,CA,United States
9779,Home Office,Baltimore,MD,United States
9780,Consumer,Chicago,IL,United States
9781,Consumer,Los Angeles,CA,United States
9782,Consumer,San Jose,CA,United States
9783,Consumer,Caguas,PR,Puerto Rico
9784,Consumer,Lawrenceville,GA,United States
9785,Consumer,Caguas,PR,Puerto Rico
9786,Consumer,Salt Lake City,UT,United States
9787,Consumer,Milwaukee,WI,United States
9788,Consumer,Holland,MI,United States
9789,Corporate,Caguas,PR,Puerto Rico
9790,Consumer,Toa Alta,PR,Puerto Rico
9791,Home Office,Indianapolis,IN,United States
9792,Home Office,Caguas,PR,Puerto Rico
9793,Home Office,Pekin,IL,United States
9794,Home Office,Caguas,PR,Puerto Rico
9795,Home Office,Brooklyn,NY,United States
9796,Home Office,Bountiful,UT,United States
9797,Home Office,Caguas,PR,Puerto Rico
9798,Home Office,Houston,TX,United States
9799,Corporate,Caguas,PR,Puerto Rico
9800,Corporate,Beaverton,OR,United States
9801,Corporate,Caguas,PR,Puerto Rico
9802,Corporate,San Diego,CA,United States
9803,Consumer,Caguas,PR,Puerto Rico
9804,Consumer,Memphis,TN,United States
9805,Consumer,Walnut,CA,United States
9806,Consumer,Caguas,PR,Puerto Rico
9807,Consumer,Vista,CA,United States
9808,Home Office,Caguas,PR,Puerto Rico
9809,Consumer,Parkville,MD,United States
9810,Corporate,Ogden,UT,United States
9811,Corporate,Caguas,PR,Puerto Rico
9812,Consumer,El Monte,CA,United States
9813,Consumer,Aurora,CO,United States
9814,Consumer,Rome,NY,United States
9815,Consumer,Caguas,PR,Puerto Rico
9816,Consumer,Honolulu,HI,United States
9817,Consumer,Los Angeles,CA,United States
9818,Home Office,Caguas,PR,Puerto Rico
9819,Consumer,Stockton,CA,United States
9820,Consumer,Germantown,MD,United States
9821,Consumer,New Bedford,MA,United States
9822,Consumer,Caguas,PR,Puerto Rico
9823,Consumer,Ogden,UT,United States
9824,Consumer,Ewa Beach,HI,United States
9825,Consumer,Caguas,PR,Puerto Rico
9826,Consumer,Carmichael,CA,United States
9827,Corporate,North Hollywood,CA,United States
9828,Corporate,North Richland Hills,TX,United States
9829,Home Office,Greensboro,NC,United States
9830,Home Office,Caguas,PR,Puerto Rico
9831,Home Office,Hagerstown,MD,United States
9832,Home Office,New Orleans,LA,United States
9833,Consumer,Caguas,PR,Puerto Rico
9834,Consumer,Huntington Park,CA,United States
9835,Consumer,San Bernardino,CA,United States
9836,Corporate,Caguas,PR,Puerto Rico
9837,Corporate,Goose Creek,SC,United States
9838,Corporate,La Mirada,CA,United States
9839,Corporate,Caguas,PR,Puerto Rico
9840,Home Office,Pomona,CA,United States
9841,Consumer,Kaneohe,HI,United States
9842,Consumer,Caguas,PR,Puerto Rico
9843,Corporate,Hayward,CA,United States
9844,Home Office,Tucson,AZ,United States
9845,Home Office,Caguas,PR,Puerto Rico
9846,Consumer,Los Angeles,CA,United States
9847,Consumer,Normal,IL,United States
9848,Consumer,Caguas,PR,Puerto Rico
9849,Consumer,Dallas,TX,United States
9850,Consumer,Garden Grove,CA,United States
9851,Consumer,Caguas,PR,Puerto Rico
9852,Consumer,Cincinnati,OH,United States
9853,Home Office,Corona,CA,United States
9854,Home Office,Caguas,PR,Puerto Rico
9855,Consumer,San Diego,CA,United States
9856,Consumer,Albuquerque,NM,United States
9857,Consumer,Caguas,PR,Puerto Rico
9858,Corporate,Oceanside,CA,United States
9859,Corporate,York,PA,United States
9860,Consumer,Caguas,PR,Puerto Rico
9861,Consumer,Oak Lawn,IL,United States
9862,Corporate,Highland,CA,United States
9863,Corporate,Caguas,PR,Puerto Rico
9864,Consumer,Carol Stream,IL,United States
9865,Corporate,Caguas,PR,Puerto Rico
9866,Consumer,Los Angeles,CA,United States
9867,Consumer,Phoenix,AZ,United States
9868,Home Office,Caguas,PR,Puerto Rico
9869,Home Office,Honolulu,HI,United States
9870,Home Office,Caguas,PR,Puerto Rico
9871,Corporate,Panorama City,CA,United States
9872,Corporate,Caguas,PR,Puerto Rico
9873,Corporate,Chesapeake,VA,United States
9874,Corporate,Dallas,TX,United States
9875,Corporate,Salt Lake City,UT,United States
9876,Home Office,Caguas,PR,Puerto Rico
9877,Home Office,Fresno,CA,United States
9878,Home Office,Van Nuys,CA,United States
9879,Home Office,Caguas,PR,Puerto Rico
9880,Home Office,Los Angeles,CA,United States
9881,Corporate,Caguas,PR,Puerto Rico
9882,Consumer,Middletown,CT,United States
9883,Corporate,Caguas,PR,Puerto Rico
9884,Corporate,Edison,NJ,United States
9885,Consumer,Caguas,PR,Puerto Rico
9886,Consumer,Pomona,CA,United States
9887,Home Office,Everett,WA,United States
9888,Consumer,Caguas,PR,Puerto Rico
9889,Consumer,Santa Ana,CA,United States
9890,Consumer,Tempe,AZ,United States
9891,Corporate,Potomac,MD,United States
9892,Consumer,Louisville,KY,United States
9893,Consumer,Caguas,PR,Puerto Rico
9894,Consumer,Fresno,CA,United States
9895,Corporate,La Crosse,WI,United States
9896,Consumer,Caguas,PR,Puerto Rico
9897,Consumer,San Jose,CA,United States
9898,Corporate,Pasadena,MD,United States
9899,Corporate,Elk Grove,CA,United States
9900,Corporate,Caguas,PR,Puerto Rico
9901,Corporate,Jamaica,NY,United States
9902,Corporate,Escondido,CA,United States
9903,Corporate,Caguas,PR,Puerto Rico
9904,Corporate,Chicago,IL,United States
9905,Consumer,Caguas,PR,Puerto Rico
9906,Consumer,Chicago,IL,United States
9907,Consumer,Nashville,TN,United States
9908,Consumer,Baytown,TX,United States
9909,Corporate,Caguas,PR,Puerto Rico
9910,Consumer,Encinitas,CA,United States
9911,Consumer,Caguas,PR,Puerto Rico
9912,Corporate,Houston,TX,United States
9913,Corporate,Caguas,PR,Puerto Rico
9914,Corporate,Far Rockaway,NY,United States
9915,Corporate,Highland Park,MI,United States
9916,Consumer,Caguas,PR,Puerto Rico
9917,Consumer,Miami,FL,United States
9918,Consumer,Caguas,PR,Puerto Rico
9919,Consumer,Raleigh,NC,United States
9920,Consumer,Caguas,PR,Puerto Rico
9921,Corporate,Greensburg,PA,United States
9922,Consumer,Milford,CT,United States
9923,Consumer,Caguas,PR,Puerto Rico
9924,Consumer,Daly City,CA,United States
9925,Consumer,Redmond,WA,United States
9926,Consumer,Caguas,PR,Puerto Rico
9927,Consumer,Miami,FL,United States
9928,Consumer,Aurora,IL,United States
9929,Consumer,Caguas,PR,Puerto Rico
9930,Corporate,Detroit,MI,United States
9931,Corporate,Caguas,PR,Puerto Rico
9932,Corporate,Chicago,IL,United States
9933,Home Office,Canovanas,PR,Puerto Rico
9934,Home Office,Bridgeton,NJ,United States
9935,Corporate,Caguas,PR,Puerto Rico
9936,Corporate,Anaheim,CA,United States
9937,Corporate,West Covina,CA,United States
9938,Corporate,Caguas,PR,Puerto Rico
9939,Consumer,Dallas,TX,United States
9940,Home Office,San Diego,CA,United States
9941,Corporate,Caguas,PR,Puerto Rico
9942,Consumer,Memphis,TN,United States
9943,Corporate,Caguas,PR,Puerto Rico
9944,Consumer,Lawrenceville,GA,United States
9945,Home Office,Caguas,PR,Puerto Rico
9946,Corporate,Simi Valley,CA,United States
9947,Corporate,Caguas,PR,Puerto Rico
9948,Home Office,Westminster,CA,United States
9949,Home Office,El Paso,TX,United States
9950,Home Office,Honolulu,HI,United States
9951,Home Office,Clovis,CA,United States
9952,Home Office,Caguas,PR,Puerto Rico
9953,Consumer,San Juan,PR,Puerto Rico
9954,Consumer,Caguas,PR,Puerto Rico
9955,Consumer,Chandler,AZ,United States
9956,Corporate,Bayamon,PR,Puerto Rico
9957,Consumer,Caguas,PR,Puerto Rico
9959,Home Office,Opelousas,LA,United States
9960,Home Office,Caguas,PR,Puerto Rico
9961,Home Office,Carson,CA,United States
9962,Consumer,Caguas,PR,Puerto Rico
9963,Consumer,Brownsville,TX,United States
9964,Consumer,Frankfort,KY,United States
9965,Consumer,Los Angeles,CA,United States
9966,Corporate,Lutz,FL,United States
9967,Corporate,Caguas,PR,Puerto Rico
9968,Consumer,Saint Louis,MO,United States
9969,Consumer,Columbus,OH,United States
9970,Corporate,Caguas,PR,Puerto Rico
9971,Corporate,Detroit,MI,United States
9972,Corporate,Caguas,PR,Puerto Rico
9973,Corporate,Hyattsville,MD,United States
9974,Home Office,Caguas,PR,Puerto Rico
9975,Home Office,Rochester,NY,United States
9976,Corporate,Caguas,PR,Puerto Rico
9977,Corporate,Las Vegas,NV,United States
9978,Corporate,Caguas,PR,Puerto Rico
9979,Corporate,Mayaguez,PR,Puerto Rico
9980,Corporate,Escondido,CA,United States
9981,Corporate,Vista,CA,United States
9982,Home Office,Caguas,PR,Puerto Rico
9983,Home Office,North Hollywood,CA,United States
9984,Consumer,Caguas,PR,Puerto Rico
9985,Consumer,Philadelphia,PA,United States
9986,Consumer,Caguas,PR,Puerto Rico
9987,Consumer,Lodi,CA,United States
9988,Consumer,Caguas,PR,Puerto Rico
9989,Consumer,Augusta,GA,United States
9990,Consumer,Lancaster,CA,United States
9991,Corporate,Danbury,CT,United States
9992,Corporate,Caguas,PR,Puerto Rico
9993,Corporate,Broken Arrow,OK,United States
9994,Corporate,Encinitas,CA,United States
9995,Consumer,Caguas,PR,Puerto Rico
9996,Consumer,La Habra,CA,United States
9997,Consumer,Irving,TX,United States
9998,Consumer,Caguas,PR,Puerto Rico
9999,Home Office,Albuquerque,NM,United States
10000,Consumer,Caguas,PR,Puerto Rico
10001,Corporate,Washington,DC,United States
10002,Corporate,New York,NY,United States
10003,Consumer,Caguas,PR,Puerto Rico
10004,Corporate,Saginaw,MI,United States
10005,Consumer,Clearfield,UT,United States
10006,Corporate,Caguas,PR,Puerto Rico
10007,Home Office,New York,NY,United States
10008,Corporate,Staten Island,NY,United States
10009,Corporate,Caguas,PR,Puerto Rico
10010,Corporate,Phoenix,AZ,United States
10011,Consumer,Long Beach,CA,United States
10012,Consumer,Lynnwood,WA,United States
10013,Home Office,Caguas,PR,Puerto Rico
10014,Consumer,Greeley,CO,United States
10015,Consumer,Caguas,PR,Puerto Rico
10016,Corporate,Brooklyn,NY,United States
10017,Corporate,Burnsville,MN,United States
10018,Home Office,Caguas,PR,Puerto Rico
10019,Home Office,Rome,NY,United States
10020,Consumer,Phoenix,AZ,United States
10021,Consumer,Caguas,PR,Puerto Rico
10022,Consumer,O Fallon,MO,United States
10023,Consumer,Newark,NJ,United States
10024,Home Office,Caguas,PR,Puerto Rico
10025,Consumer,Carolina,PR,Puerto Rico
10026,Corporate,Mcallen,TX,United States
10027,Consumer,Caguas,PR,Puerto Rico
10028,Corporate,Salt Lake City,UT,United States
10029,Consumer,Carrollton,TX,United States
10030,Corporate,Caguas,PR,Puerto Rico
10031,Consumer,Staten Island,NY,United States
10032,Consumer,Caguas,PR,Puerto Rico
10033,Consumer,San Marcos,TX,United States
10034,Consumer,Caguas,PR,Puerto Rico
10035,Consumer,Lansdale,PA,United States
10036,Consumer,Caguas,PR,Puerto Rico
10037,Corporate,Weslaco,TX,United States
10038,Corporate,Caguas,PR,Puerto Rico
10039,Consumer,Conway,AR,United States
10040,Consumer,Dundalk,MD,United States
10041,Home Office,Caguas,PR,Puerto Rico
10042,Consumer,Canyon Country,CA,United States
10043,Consumer,Columbus,OH,United States
10044,Consumer,Caguas,PR,Puerto Rico
10045,Home Office,San Jose,CA,United States
10046,Corporate,Caguas,PR,Puerto Rico
10047,Corporate,Eugene,OR,United States
10048,Home Office,Caguas,PR,Puerto Rico
10049,Home Office,Santa Fe,NM,United States
10050,Consumer,Lockport,NY,United States
10051,Consumer,Weslaco,TX,United States
10052,Consumer,Troy,MI,United States
10053,Consumer,Caguas,PR,Puerto Rico
10054,Home Office,Chicago,IL,United States
10055,Home Office,Las Vegas,NV,United States
10056,Consumer,Salt Lake City,UT,United States
10057,Home Office,Caguas,PR,Puerto Rico
10058,Corporate,Mechanicsburg,PA,United States
10059,Consumer,Orange Park,FL,United States
10061,Corporate,South San Francisco,CA,United States
10062,Consumer,Arlington Heights,IL,United States
10063,Consumer,Caguas,PR,Puerto Rico
10064,Corporate,Longview,WA,United States
10065,Corporate,Caguas,PR,Puerto Rico
10066,Consumer,Phoenix,AZ,United States
10067,Home Office,Caguas,PR,Puerto Rico
10068,Corporate,Carmichael,CA,United States
10069,Consumer,Albuquerque,NM,United States
10070,Consumer,Caguas,PR,Puerto Rico
10071,Corporate,Philadelphia,PA,United States
10072,Home Office,Denver,CO,United States
10073,Consumer,West Orange,NJ,United States
10074,Corporate,Caguas,PR,Puerto Rico
10075,Home Office,Azusa,CA,United States
10076,Consumer,Caguas,PR,Puerto Rico
10077,Corporate,Las Vegas,NV,United States
10078,Consumer,Manati,PR,Puerto Rico
10079,Consumer,Apex,NC,United States
10080,Corporate,Caguas,PR,Puerto Rico
10081,Corporate,San Diego,CA,United States
10082,Corporate,Brownsville,TX,United States
10083,Consumer,Greeley,CO,United States
10084,Consumer,Caguas,PR,Puerto Rico
10085,Consumer,Los Angeles,CA,United States
10086,Home Office,Tinley Park,IL,United States
10087,Corporate,Fullerton,CA,United States
10088,Corporate,Grove City,OH,United States
10089,Corporate,Caguas,PR,Puerto Rico
10090,Home Office,Newark,DE,United States
10091,Corporate,Caguas,PR,Puerto Rico
10092,Consumer,Philadelphia,PA,United States
10093,Consumer,Caguas,PR,Puerto Rico
10094,Consumer,Fremont,CA,United States
10095,Corporate,New York,NY,United States
10096,Corporate,Caguas,PR,Puerto Rico
10097,Corporate,Arecibo,PR,Puerto Rico
10098,Home Office,Phoenix,AZ,United States
10099,Consumer,Caguas,PR,Puerto Rico
10100,Corporate,Sugar Land,TX,United States
10101,Consumer,El Centro,CA,United States
10102,Consumer,Caguas,PR,Puerto Rico
10103,Corporate,Aurora,CO,United States
10104,Corporate,Caguas,PR,Puerto Rico
10105,Corporate,Zanesville,OH,United States
10106,Consumer,Carrollton,TX,United States
10107,Consumer,Caguas,PR,Puerto Rico
10108,Home Office,El Paso,TX,United States
10109,Consumer,Caguas,PR,Puerto Rico
10110,Home Office,San Pablo,CA,United States
10111,Consumer,Westerville,OH,United States
10112,Consumer,Harvey,IL,United States
10113,Consumer,Caguas,PR,Puerto Rico
10114,Consumer,Los Angeles,CA,United States
10115,Corporate,Caguas,PR,Puerto Rico
10116,Consumer,El Paso,TX,United States
10117,Corporate,Waipahu,HI,United States
10118,Consumer,Cleveland,OH,United States
10119,Consumer,Caguas,PR,Puerto Rico
10120,Home Office,Moreno Valley,CA,United States
10121,Home Office,Caguas,PR,Puerto Rico
10122,Consumer,Salinas,CA,United States
10123,Home Office,Caguas,PR,Puerto Rico
10124,Home Office,Brooklyn,NY,United States
10125,Consumer,Fremont,CA,United States
10126,Corporate,San Diego,CA,United States
10127,Consumer,Caguas,PR,Puerto Rico
10128,Consumer,San Diego,CA,United States
10129,Consumer,Philadelphia,PA,United States
10130,Corporate,Arlington,VA,United States
10131,Consumer,Caguas,PR,Puerto Rico
10132,Consumer,Glendale,AZ,United States
10133,Home Office,Buffalo,NY,United States
10134,Corporate,Caguas,PR,Puerto Rico
10135,Consumer,Dallas,TX,United States
10136,Consumer,Caguas,PR,Puerto Rico
10137,Corporate,Los Angeles,CA,United States
10138,Corporate,Brighton,MA,United States
10139,Consumer,Caguas,PR,Puerto Rico
10140,Home Office,Sylmar,CA,United States
10141,Home Office,Medford,MA,United States
10142,Consumer,Cerritos,CA,United States
10143,Home Office,Freeport,NY,United States
10144,Corporate,Caguas,PR,Puerto Rico
10145,Consumer,Chicago,IL,United States
10146,Consumer,Anaheim,CA,United States
10147,Home Office,Caguas,PR,Puerto Rico
10148,Corporate,New Brunswick,NJ,United States
10149,Consumer,Newark,DE,United States
10150,Consumer,Caguas,PR,Puerto Rico
10151,Corporate,Oxnard,CA,United States
10152,Corporate,Houston,TX,United States
10153,Corporate,Caguas,PR,Puerto Rico
10154,Home Office,Chicago,IL,United States
10155,Corporate,Pawtucket,RI,United States
10156,Corporate,Caguas,PR,Puerto Rico
10157,Consumer,Detroit,MI,United States
10158,Consumer,Albuquerque,NM,United States
10159,Consumer,Hollywood,FL,United States
10160,Consumer,Apopka,FL,United States
10161,Corporate,Caguas,PR,Puerto Rico
10162,Consumer,Compton,CA,United States
10163,Corporate,Caguas,PR,Puerto Rico
10164,Corporate,Far Rockaway,NY,United States
10165,Consumer,Bakersfield,CA,United States
10166,Home Office,Caguas,PR,Puerto Rico
10167,Consumer,New Braunfels,TX,United States
10168,Home Office,Caguas,PR,Puerto Rico
10169,Home Office,Daly City,CA,United States
10170,Corporate,Tulare,CA,United States
10171,Consumer,Caguas,PR,Puerto Rico
10172,Corporate,San Jose,CA,United States
10173,Consumer,Philadelphia,PA,United States
10174,Corporate,Caguas,PR,Puerto Rico
10175,Home Office,Brooklyn,NY,United States
10176,Consumer,Oregon City,OR,United States
10177,Consumer,Caguas,PR,Puerto Rico
10178,Consumer,Fayetteville,NC,United States
10179,Consumer,Jersey City,NJ,United States
10180,Home Office,Middletown,CT,United States
10181,Consumer,Caguas,PR,Puerto Rico
10182,Consumer,San Diego,CA,United States
10183,Corporate,Caguas,PR,Puerto Rico
10184,Corporate,Holland,MI,United States
10185,Home Office,Caguas,PR,Puerto Rico
10186,Home Office,Gaithersburg,MD,United States
10187,Corporate,Caguas,PR,Puerto Rico
10188,Consumer,Palo Alto,CA,United States
10189,Corporate,Mililani,HI,United States
10190,Home Office,Aurora,CO,United States
10191,Consumer,Caguas,PR,Puerto Rico
10192,Home Office,Chicago,IL,United States
10193,Home Office,San Diego,CA,United States
10194,Consumer,Rome,NY,United States
10195,Consumer,Tempe,AZ,United States
10196,Home Office,Caguas,PR,Puerto Rico
10197,Home Office,Lancaster,PA,United States
10198,Consumer,Hamilton,OH,United States
10199,Corporate,Miami,FL,United States
10200,Consumer,Caguas,PR,Puerto Rico
10201,Corporate,New Orleans,LA,United States
10202,Home Office,Caguas,PR,Puerto Rico
10203,Consumer,El Paso,TX,United States
10204,Corporate,Modesto,CA,United States
10205,Corporate,Muskegon,MI,United States
10206,Consumer,Caguas,PR,Puerto Rico
10207,Corporate,Nashville,TN,United States
10208,Home Office,Caguas,PR,Puerto Rico
10209,Home Office,Brooklyn,NY,United States
10210,Home Office,Modesto,CA,United States
10211,Corporate,Caguas,PR,Puerto Rico
10212,Consumer,Irving,TX,United States
10213,Consumer,Guayama,PR,Puerto Rico
10214,Consumer,Caguas,PR,Puerto Rico
10215,Consumer,San Juan,PR,Puerto Rico
10216,Corporate,Hagerstown,MD,United States
10217,Home Office,Caguas,PR,Puerto Rico
10218,Corporate,Vallejo,CA,United States
10219,Corporate,Cypress,CA,United States
10220,Consumer,Caguas,PR,Puerto Rico
10221,Home Office,New York,NY,United States
10222,Consumer,Pompano Beach,FL,United States
10223,Consumer,Caguas,PR,Puerto Rico
10224,Consumer,North Las Vegas,NV,United States
10225,Consumer,Caguas,PR,Puerto Rico
10226,Corporate,Murfreesboro,TN,United States
10227,Corporate,Caguas,PR,Puerto Rico
10228,Consumer,Bay Shore,NY,United States
10229,Consumer,Detroit,MI,United States
10230,Home Office,San Antonio,TX,United States
10231,Consumer,Burnsville,MN,United States
10232,Corporate,Caguas,PR,Puerto Rico
10233,Corporate,Far Rockaway,NY,United States
10234,Consumer,Las Cruces,NM,United States
10235,Corporate,Caguas,PR,Puerto Rico
10236,Corporate,San Francisco,CA,United States
10237,Consumer,Medina,OH,United States
10239,Consumer,Riverside,CA,United States
10240,Consumer,Caguas,PR,Puerto Rico
10241,Consumer,Louisville,KY,United States
10242,Corporate,Caguas,PR,Puerto Rico
10243,Consumer,Los Angeles,CA,United States
10244,Consumer,Caguas,PR,Puerto Rico
10245,Corporate,Dallas,TX,United States
10246,Corporate,Bronx,NY,United States
10247,Consumer,Lilburn,GA,United States
10248,Consumer,Newburgh,NY,United States
10249,Corporate,Freehold,NJ,United States
10250,Consumer,Philadelphia,PA,United States
10251,Consumer,Washington,DC,United States
10252,Corporate,Honolulu,HI,United States
10253,Consumer,Caguas,PR,Puerto Rico
10254,Corporate,Fremont,CA,United States
10255,Corporate,Caguas,PR,Puerto Rico
10256,Home Office,Dallas,TX,United States
10257,Consumer,Tucson,AZ,United States
10258,Corporate,Cleveland,OH,United States
10259,Home Office,Virginia Beach,VA,United States
10260,Corporate,Caguas,PR,Puerto Rico
10261,Consumer,Jamaica,NY,United States
10262,Home Office,Caguas,PR,Puerto Rico
10263,Consumer,Germantown,MD,United States
10264,Consumer,Caguas,PR,Puerto Rico
10265,Corporate,Wyoming,MI,United States
10266,Corporate,Cleveland,OH,United States
10267,Corporate,Caguas,PR,Puerto Rico
10268,Consumer,Murfreesboro,TN,United States
10269,Consumer,Caguas,PR,Puerto Rico
10270,Corporate,Hamilton,OH,United States
10271,Corporate,Pawtucket,RI,United States
10272,Consumer,Caguas,PR,Puerto Rico
10273,Consumer,Memphis,TN,United States
10274,Corporate,Caguas,PR,Puerto Rico
10275,Corporate,Forest Hills,NY,United States
10276,Home Office,Rego Park,NY,United States
10277,Consumer,Caguas,PR,Puerto Rico
10278,Consumer,Los Angeles,CA,United States
10279,Consumer,Mission Viejo,CA,United States
10280,Corporate,Caguas,PR,Puerto Rico
10281,Consumer,East Brunswick,NJ,United States
10282,Consumer,Caguas,PR,Puerto Rico
10283,Corporate,Buffalo,NY,United States
10284,Consumer,Caguas,PR,Puerto Rico
10285,Corporate,Ontario,CA,United States
10286,Home Office,Laredo,TX,United States
10287,Corporate,Caguas,PR,Puerto Rico
10288,Consumer,Oviedo,FL,United States
10289,Home Office,Caguas,PR,Puerto Rico
10290,Corporate,Watsonville,CA,United States
10291,Corporate,Aurora,CO,United States
10292,Corporate,Caguas,PR,Puerto Rico
10293,Consumer,Bronx,NY,United States
10294,Consumer,Caguas,PR,Puerto Rico
10295,Home Office,Memphis,TN,United States
10296,Corporate,Caguas,PR,Puerto Rico
10297,Consumer,Henderson,NV,United States
10298,Home Office,Bronx,NY,United States
10299,Consumer,Mechanicsburg,PA,United States
10300,Home Office,Caguas,PR,Puerto Rico
10301,Consumer,Edinburg,TX,United States
10302,Home Office,Broken Arrow,OK,United States
10303,Corporate,Caguas,PR,Puerto Rico
10304,Corporate,Chicago,IL,United States
10305,Home Office,Frankfort,KY,United States
10306,Consumer,Caguas,PR,Puerto Rico
10307,Consumer,Tustin,CA,United States
10308,Consumer,Caguas,PR,Puerto Rico
10309,Home Office,Elmhurst,NY,United States
10310,Consumer,Mcallen,TX,United States
10311,Consumer,Caguas,PR,Puerto Rico
10312,Consumer,El Paso,TX,United States
10313,Corporate,Saint Paul,MN,United States
10314,Consumer,Caguas,PR,Puerto Rico
10315,Consumer,Jackson Heights,NY,United States
10316,Consumer,Saint Peters,MO,United States
10317,Consumer,Moreno Valley,CA,United States
10318,Corporate,Columbus,OH,United States
10319,Corporate,Caguas,PR,Puerto Rico
10320,Consumer,Hialeah,FL,United States
10321,Consumer,Caguas,PR,Puerto Rico
10322,Consumer,North Las Vegas,NV,United States
10323,Consumer,Caguas,PR,Puerto Rico
10324,Corporate,Tallahassee,FL,United States
10325,Home Office,Caguas,PR,Puerto Rico
10326,Consumer,Grand Prairie,TX,United States
10327,Consumer,Caguas,PR,Puerto Rico
10328,Consumer,Dallas,TX,United States
10329,Consumer,Caguas,PR,Puerto Rico
10331,Corporate,Caguas,PR,Puerto Rico
10332,Consumer,Glenview,IL,United States
10333,Consumer,Caguas,PR,Puerto Rico
10334,Consumer,Findlay,OH,United States
10335,Consumer,Caguas,PR,Puerto Rico
10336,Home Office,Philadelphia,PA,United States
10337,Corporate,Caguas,PR,Puerto Rico
10338,Consumer,Chicago,IL,United States
10339,Corporate,Carol Stream,IL,United States
10340,Consumer,Caguas,PR,Puerto Rico
10341,Home Office,Long Beach,CA,United States
10342,Home Office,Ontario,CA,United States
10343,Consumer,Caguas,PR,Puerto Rico
10344,Consumer,Juana Diaz,PR,Puerto Rico
10345,Corporate,Richmond,TX,United States
10346,Home Office,Caguas,PR,Puerto Rico
10347,Home Office,Hollywood,FL,United States
10348,Home Office,Caguas,PR,Puerto Rico
10349,Consumer,Riverside,CA,United States
10350,Consumer,Freeport,NY,United States
10351,Home Office,Caguas,PR,Puerto Rico
10352,Consumer,Miami,FL,United States
10353,Consumer,Caguas,PR,Puerto Rico
10354,Corporate,Tucson,AZ,United States
10355,Consumer,Saint Paul,MN,United States
10356,Corporate,Caguas,PR,Puerto Rico
10357,Consumer,Milwaukee,WI,United States
10358,Home Office,Caguas,PR,Puerto Rico
10359,Consumer,Birmingham,AL,United States
10360,Corporate,Caguas,PR,Puerto Rico
10361,Corporate,Corona,CA,United States
10362,Corporate,Caguas,PR,Puerto Rico
10363,Corporate,Riverside,CA,United States
10364,Consumer,Los Angeles,CA,United States
10365,Corporate,Winnetka,CA,United States
10366,Home Office,Caguas,PR,Puerto Rico
10367,Consumer,Fort Lauderdale,FL,United States
10368,Home Office,Caguas,PR,Puerto Rico
10369,Home Office,Tucson,AZ,United States
10370,Home Office,Caguas,PR,Puerto Rico
10371,Consumer,Mount Prospect,IL,United States
10372,Home Office,Caguas,PR,Puerto Rico
10373,Home Office,Brandon,FL,United States
10374,Corporate,Rego Park,NY,United States
10375,Consumer,Caguas,PR,Puerto Rico
10376,Consumer,Yuma,AZ,United States
10377,Corporate,Caguas,PR,Puerto Rico
10378,Consumer,Forest Hills,NY,United States
10379,Consumer,North Hollywood,CA,United States
10380,Consumer,Caguas,PR,Puerto Rico
10381,Consumer,Long Beach,CA,United States
10382,Consumer,Santa Ana,CA,United States
10383,Consumer,Greeley,CO,United States
10384,Home Office,Caguas,PR,Puerto Rico
10385,Consumer,West Covina,CA,United States
10386,Consumer,Caguas,PR,Puerto Rico
10387,Corporate,New York,NY,United States
10388,Consumer,Fort Lauderdale,FL,United States
10389,Home Office,Caguas,PR,Puerto Rico
10390,Consumer,Hialeah,FL,United States
10391,Consumer,Caguas,PR,Puerto Rico
10392,Corporate,Gardena,CA,United States
10393,Consumer,Caguas,PR,Puerto Rico
10394,Corporate,Chicago,IL,United States
10395,Consumer,Troy,NY,United States
10396,Consumer,Elmhurst,IL,United States
10397,Consumer,Caguas,PR,Puerto Rico
10398,Consumer,Stamford,CT,United States
10399,Corporate,Caguas,PR,Puerto Rico
10400,Corporate,Denver,CO,United States
10401,Consumer,Caguas,PR,Puerto Rico
10402,Consumer,Fontana,CA,United States
10403,Consumer,Caguas,PR,Puerto Rico
10404,Consumer,Pico Rivera,CA,United States
10405,Consumer,Houston,TX,United States
10406,Home Office,Caguas,PR,Puerto Rico
10407,Corporate,West Chester,PA,United States
10408,Consumer,Los Angeles,CA,United States
10409,Corporate,Caguas,PR,Puerto Rico
10410,Consumer,Santa Ana,CA,United States
10411,Corporate,Caguas,PR,Puerto Rico
10412,Consumer,Vega Baja,PR,Puerto Rico
10413,Consumer,Caguas,PR,Puerto Rico
10414,Consumer,Eugene,OR,United States
10415,Consumer,Caguas,PR,Puerto Rico
10416,Consumer,Catonsville,MD,United States
10417,Consumer,Caguas,PR,Puerto Rico
10418,Consumer,Brooklyn,NY,United States
10419,Consumer,Beaverton,OR,United States
10420,Home Office,Plainfield,NJ,United States
10421,Corporate,Caguas,PR,Puerto Rico
10422,Consumer,Chicago,IL,United States
10423,Consumer,Caguas,PR,Puerto Rico
10424,Consumer,Philadelphia,PA,United States
10425,Consumer,Jersey City,NJ,United States
10426,Consumer,Caguas,PR,Puerto Rico
10427,Corporate,Powder Springs,GA,United States
10428,Consumer,Caguas,PR,Puerto Rico
10429,Consumer,Miami,FL,United States
10430,Corporate,Caguas,PR,Puerto Rico
10431,Consumer,South Gate,CA,United States
10432,Consumer,Bristol,CT,United States
10433,Consumer,Houston,TX,United States
10434,Consumer,Caguas,PR,Puerto Rico
10435,Home Office,Hawthorne,CA,United States
10436,Consumer,New York,NY,United States
10437,Corporate,San Francisco,CA,United States
10438,Corporate,North Richland Hills,TX,United States
10440,Corporate,Lakewood,NJ,United States
10441,Consumer,Caguas,PR,Puerto Rico
10442,Consumer,Quincy,IL,United States
10443,Consumer,Caguas,PR,Puerto Rico
10444,Home Office,Brooklyn,NY,United States
10445,Consumer,Caguas,PR,Puerto Rico
10446,Home Office,Cumberland,MD,United States
10447,Corporate,Caguas,PR,Puerto Rico
10448,Consumer,Dallas,TX,United States
10449,Consumer,Caguas,PR,Puerto Rico
10450,Consumer,Tucson,AZ,United States
10451,Home Office,Caguas,PR,Puerto Rico
10452,Consumer,Gilroy,CA,United States
10453,Home Office,Caguas,PR,Puerto Rico
10454,Home Office,Milpitas,CA,United States
10455,Consumer,Caguas,PR,Puerto Rico
10456,Corporate,Los Angeles,CA,United States
10457,Corporate,Caguas,PR,Puerto Rico
10458,Consumer,Oceanside,CA,United States
10459,Consumer,El Paso,TX,United States
10460,Corporate,New Braunfels,TX,United States
10461,Consumer,Caguas,PR,Puerto Rico
10462,Consumer,West Lafayette,IN,United States
10463,Corporate,Lancaster,PA,United States
10464,Consumer,Caguas,PR,Puerto Rico
10465,Home Office,San Diego,CA,United States
10466,Consumer,Escondido,CA,United States
10467,Corporate,Caguas,PR,Puerto Rico
10468,Consumer,Chicago,IL,United States
10469,Consumer,Los Angeles,CA,United States
10470,Corporate,Greensboro,NC,United States
10471,Corporate,Caguas,PR,Puerto Rico
10472,Corporate,Bakersfield,CA,United States
10473,Consumer,Caguas,PR,Puerto Rico
10474,Consumer,Stockton,CA,United States
10475,Consumer,Caguas,PR,Puerto Rico
10477,Consumer,Caguas,PR,Puerto Rico
10478,Consumer,Salt Lake City,UT,United States
10479,Consumer,Caguas,PR,Puerto Rico
10480,Home Office,Chicago,IL,United States
10481,Consumer,Ithaca,NY,United States
10482,Consumer,Caguas,PR,Puerto Rico
10483,Corporate,Porterville,CA,United States
10484,Corporate,Aurora,IL,United States
10485,Home Office,Caguas,PR,Puerto Rico
10486,Consumer,Chicago,IL,United States
10487,Consumer,Caguas,PR,Puerto Rico
10488,Consumer,Miami,FL,United States
10489,Corporate,Washington,DC,United States
10490,Corporate,Caguas,PR,Puerto Rico
10491,Corporate,Westland,MI,United States
10492,Home Office,Caguas,PR,Puerto Rico
10493,Home Office,Chicago,IL,United States
10494,Consumer,East Brunswick,NJ,United States
10495,Consumer,Caguas,PR,Puerto Rico
10496,Home Office,Longview,WA,United States
10497,Consumer,Caguas,PR,Puerto Rico
10498,Consumer,Corona,NY,United States
10499,Corporate,Princeton,NJ,United States
10500,Consumer,Caguas,PR,Puerto Rico
10501,Consumer,Plymouth,MA,United States
10502,Consumer,Caguas,PR,Puerto Rico
10503,Consumer,Dallas,TX,United States
10504,Home Office,Caguas,PR,Puerto Rico
10505,Consumer,Bell Gardens,CA,United States
10506,Consumer,Wayne,NJ,United States
10507,Home Office,Caguas,PR,Puerto Rico
10508,Corporate,Los Angeles,CA,United States
10509,Consumer,Columbus,OH,United States
10510,Corporate,Virginia Beach,VA,United States
10511,Corporate,Caguas,PR,Puerto Rico
10512,Corporate,Brooklyn,NY,United States
10513,Home Office,Caguas,PR,Puerto Rico
10514,Consumer,Riverside,CA,United States
10515,Home Office,New Orleans,LA,United States
10516,Consumer,Buffalo,NY,United States
10517,Consumer,Caguas,PR,Puerto Rico
10518,Corporate,Rialto,CA,United States
10519,Consumer,Caguas,PR,Puerto Rico
10520,Home Office,Kent,WA,United States
10521,Corporate,Caguas,PR,Puerto Rico
10522,Consumer,Chicago,IL,United States
10523,Consumer,Chicago,IL,United States
10524,Corporate,Asheboro,NC,United States
10525,Corporate,Caguas,PR,Puerto Rico
10526,Corporate,Citrus Heights,CA,United States
10527,Corporate,Caguas,PR,Puerto Rico
10528,Home Office,Tucson,AZ,United States
10529,Consumer,Caguas,PR,Puerto Rico
10530,Consumer,Lake Forest,CA,United States
10531,Home Office,Caguas,PR,Puerto Rico
10532,Consumer,Columbus,OH,United States
10533,Home Office,Caguas,PR,Puerto Rico
10534,Consumer,Eugene,OR,United States
10536,Home Office,Medford,MA,United States
10538,Consumer,Caguas,PR,Puerto Rico
10539,Consumer,Hollister,CA,United States
10540,Corporate,Virginia Beach,VA,United States
10541,Corporate,Caguas,PR,Puerto Rico
10542,Consumer,Los Angeles,CA,United States
10543,Home Office,Cleveland,OH,United States
10544,Home Office,Caguas,PR,Puerto Rico
10545,Consumer,West Chester,PA,United States
10546,Corporate,Caguas,PR,Puerto Rico
10547,Consumer,Bronx,NY,United States
10548,Consumer,Caguas,PR,Puerto Rico
10549,Consumer,Baltimore,MD,United States
10550,Corporate,Caguas,PR,Puerto Rico
10551,Consumer,Tucson,AZ,United States
10552,Consumer,Caguas,PR,Puerto Rico
10553,Consumer,Salem,OR,United States
10554,Consumer,Caguas,PR,Puerto Rico
10555,Corporate,Van Nuys,CA,United States
10556,Consumer,Caguas,PR,Puerto Rico
10557,Corporate,Philadelphia,PA,United States
10558,Corporate,Kailua,HI,United States
10559,Home Office,Caguas,PR,Puerto Rico
10560,Consumer,Redmond,WA,United States
10561,Corporate,Plainfield,IL,United States
10562,Consumer,Caguas,PR,Puerto Rico
10563,Consumer,Hollywood,FL,United States
10564,Consumer,Caguas,PR,Puerto Rico
10565,Consumer,Jacksonville,FL,United States
10566,Corporate,Los Angeles,CA,United States
10567,Consumer,Caguas,PR,Puerto Rico
10568,Corporate,Stamford,CT,United States
10569,Corporate,Normal,IL,United States
10570,Home Office,Caguas,PR,Puerto Rico
10571,Consumer,Caguas,PR,Puerto Rico
10572,Consumer,Chicago,IL,United States
10573,Consumer,New York,NY,United States
10574,Corporate,Caguas,PR,Puerto Rico
10575,Consumer,Ontario,CA,United States
10576,Corporate,Caguas,PR,Puerto Rico
10577,Consumer,New York,NY,United States
10578,Consumer,Caguas,PR,Puerto Rico
10579,Corporate,Fontana,CA,United States
10580,Home Office,Poway,CA,United States
10581,Consumer,Phoenix,AZ,United States
10582,Consumer,Caguas,PR,Puerto Rico
10583,Corporate,Tustin,CA,United States
10584,Consumer,Los Angeles,CA,United States
10585,Consumer,Caguas,PR,Puerto Rico
10586,Corporate,Huntington Station,NY,United States
10587,Consumer,Milford,CT,United States
10588,Home Office,Caguas,PR,Puerto Rico
10589,Consumer,Levittown,NY,United States
10590,Corporate,Caguas,PR,Puerto Rico
10591,Corporate,Plymouth,MA,United States
10592,Consumer,Chicago,IL,United States
10593,Corporate,Caguas,PR,Puerto Rico
10594,Corporate,Oakland,CA,United States
10595,Home Office,Caguas,PR,Puerto Rico
10596,Consumer,Milford,CT,United States
10597,Corporate,Memphis,TN,United States
10598,Consumer,Caguas,PR,Puerto Rico
10599,Home Office,Doylestown,PA,United States
10600,Consumer,Caguas,PR,Puerto Rico
10601,Consumer,Walnut,CA,United States
10602,Corporate,Memphis,TN,United States
10603,Consumer,Caguas,PR,Puerto Rico
10604,Home Office,Fayetteville,NC,United States
10605,Consumer,Caguas,PR,Puerto Rico
10606,Home Office,Littleton,CO,United States
10607,Consumer,Manati,PR,Puerto Rico
10608,Corporate,Caguas,PR,Puerto Rico
10609,Corporate,Ontario,CA,United States
10610,Corporate,Caguas,PR,Puerto Rico
10611,Consumer,Taunton,MA,United States
10612,Corporate,Cleveland,OH,United States
10613,Corporate,Caguas,PR,Puerto Rico
10614,Consumer,Union City,NJ,United States
10615,Corporate,Escondido,CA,United States
10616,Corporate,Caguas,PR,Puerto Rico
10617,Home Office,Brooklyn,NY,United States
10618,Corporate,Dallas,TX,United States
10619,Corporate,North Tonawanda,NY,United States
10620,Corporate,Caguas,PR,Puerto Rico
10621,Consumer,Miami,FL,United States
10622,Consumer,Caguas,PR,Puerto Rico
10623,Corporate,Mililani,HI,United States
10624,Consumer,Caguas,PR,Puerto Rico
10625,Consumer,San Diego,CA,United States
10626,Home Office,Caguas,PR,Puerto Rico
10627,Home Office,Union City,NJ,United States
10628,Home Office,Ontario,CA,United States
10629,Consumer,Caguas,PR,Puerto Rico
10630,Consumer,Mayaguez,PR,Puerto Rico
10631,Corporate,Union,NJ,United States
10632,Consumer,Escondido,CA,United States
10633,Home Office,Caguas,PR,Puerto Rico
10634,Corporate,Laguna Niguel,CA,United States
10635,Consumer,Caguas,PR,Puerto Rico
10636,Consumer,New Albany,IN,United States
10637,Consumer,Seattle,WA,United States
10638,Home Office,Caguas,PR,Puerto Rico
10639,Consumer,San Francisco,CA,United States
10641,Consumer,Irving,TX,United States
10642,Consumer,Caguas,PR,Puerto Rico
10643,Corporate,Escondido,CA,United States
10644,Home Office,Caguas,PR,Puerto Rico
10645,Consumer,Brooklyn,NY,United States
10646,Consumer,Caguas,PR,Puerto Rico
10647,Consumer,Chicago,IL,United States
10648,Corporate,Los Angeles,CA,United States
10649,Corporate,Caguas,PR,Puerto Rico
10650,Corporate,Redmond,WA,United States
10651,Corporate,Caguas,PR,Puerto Rico
10652,Consumer,Lenoir,NC,United States
10653,Corporate,Caguas,PR,Puerto Rico
10654,Consumer,San Diego,CA,United States
10655,Home Office,Caguas,PR,Puerto Rico
10656,Home Office,Philadelphia,PA,United States
10657,Consumer,Anaheim,CA,United States
10658,Home Office,Caguas,PR,Puerto Rico
10659,Consumer,Newark,NJ,United States
10660,Consumer,Caguas,PR,Puerto Rico
10661,Corporate,Fremont,CA,United States
10662,Home Office,Sunnyvale,CA,United States
10663,Consumer,Caguas,PR,Puerto Rico
10664,Corporate,San Ramon,CA,United States
10665,Consumer,Caguas,PR,Puerto Rico
10666,Corporate,Anaheim,CA,United States
10667,Corporate,Methuen,MA,United States
10668,Consumer,Caguas,PR,Puerto Rico
10669,Home Office,Quincy,IL,United States
10670,Consumer,Caguas,PR,Puerto Rico
10671,Corporate,Long Beach,CA,United States
10672,Consumer,Los Angeles,CA,United States
10673,Corporate,Caguas,PR,Puerto Rico
10674,Home Office,Bronx,NY,United States
10675,Consumer,Caguas,PR,Puerto Rico
10676,Corporate,Quincy,IL,United States
10677,Consumer,Caguas,PR,Puerto Rico
10678,Corporate,Amarillo,TX,United States
10679,Home Office,Caguas,PR,Puerto Rico
10681,Consumer,Alameda,CA,United States
10682,Consumer,Salem,OR,United States
10683,Home Office,Caguas,PR,Puerto Rico
10684,Home Office,Miami,FL,United States
10685,Consumer,San Jose,CA,United States
10686,Home Office,Greensboro,NC,United States
10687,Corporate,Hialeah,FL,United States
10688,Consumer,Caguas,PR,Puerto Rico
10689,Corporate,Las Vegas,NV,United States
10690,Consumer,Spring Valley,NY,United States
10691,Consumer,Caguas,PR,Puerto Rico
10692,Corporate,Mission,TX,United States
10693,Corporate,Hanover,PA,United States
10694,Consumer,Caguas,PR,Puerto Rico
10695,Home Office,Chicago,IL,United States
10696,Corporate,Waipahu,HI,United States
10697,Consumer,San Diego,CA,United States
10698,Consumer,La Mirada,CA,United States
10699,Consumer,Jacksonville,FL,United States
10700,Consumer,Caguas,PR,Puerto Rico
10701,Consumer,Lynwood,CA,United States
10702,Consumer,Upland,CA,United States
10703,Consumer,Caguas,PR,Puerto Rico
10704,Home Office,Westminster,CA,United States
10705,Corporate,Orlando,FL,United States
10706,Consumer,Visalia,CA,United States
10707,Corporate,Caguas,PR,Puerto Rico
10708,Consumer,Asheboro,NC,United States
10709,Consumer,Caguas,PR,Puerto Rico
10710,Home Office,Bartlett,IL,United States
10711,Corporate,Caguas,PR,Puerto Rico
10712,Consumer,Brooklyn,NY,United States
10713,Consumer,Glendale,AZ,United States
10714,Consumer,Caguas,PR,Puerto Rico
10715,Corporate,Philadelphia,PA,United States
10716,Consumer,Lancaster,OH,United States
10717,Home Office,Caguas,PR,Puerto Rico
10718,Home Office,Marietta,GA,United States
10719,Corporate,Caguas,PR,Puerto Rico
10720,Consumer,Bakersfield,CA,United States
10721,Consumer,Caguas,PR,Puerto Rico
10722,Consumer,Lake Forest,CA,United States
10723,Consumer,San Pablo,CA,United States
10724,Corporate,Caguas,PR,Puerto Rico
10725,Home Office,Chicago,IL,United States
10726,Home Office,Kent,WA,United States
10727,Consumer,Caguas,PR,Puerto Rico
10728,Consumer,West Orange,NJ,United States
10729,Consumer,Caguas,PR,Puerto Rico
10730,Consumer,Miami,FL,United States
10731,Consumer,Riverside,CA,United States
10732,Home Office,Hickory,NC,United States
10733,Home Office,Caguas,PR,Puerto Rico
10734,Corporate,Flushing,NY,United States
10735,Corporate,Caguas,PR,Puerto Rico
10736,Corporate,South San Francisco,CA,United States
10737,Home Office,Broken Arrow,OK,United States
10738,Consumer,Caguas,PR,Puerto Rico
10739,Consumer,Greeley,CO,United States
10740,Consumer,Caguas,PR,Puerto Rico
10741,Consumer,Saint Louis,MO,United States
10742,Home Office,Cleveland,OH,United States
10743,Consumer,Caguas,PR,Puerto Rico
10744,Consumer,Palatine,IL,United States
10745,Consumer,Caguas,PR,Puerto Rico
10746,Corporate,Winter Park,FL,United States
10747,Home Office,Caguas,PR,Puerto Rico
10748,Consumer,Aurora,IL,United States
10749,Consumer,Caguas,PR,Puerto Rico
10750,Corporate,Tustin,CA,United States
10751,Consumer,Caguas,PR,Puerto Rico
10752,Consumer,Richardson,TX,United States
10753,Consumer,Caguas,PR,Puerto Rico
10754,Consumer,Brooklyn,NY,United States
10756,Consumer,Silver Spring,MD,United States
10757,Consumer,Caguas,PR,Puerto Rico
10758,Home Office,Marietta,GA,United States
10759,Home Office,Caguas,PR,Puerto Rico
10760,Consumer,Oregon City,OR,United States
10761,Consumer,Caguas,PR,Puerto Rico
10762,Consumer,Antioch,TN,United States
10763,Consumer,Miami,FL,United States
10764,Corporate,Caguas,PR,Puerto Rico
10765,Consumer,Milford,CT,United States
10766,Corporate,Caguas,PR,Puerto Rico
10767,Consumer,Garden Grove,CA,United States
10768,Corporate,Caguas,PR,Puerto Rico
10769,Consumer,Los Angeles,CA,United States
10770,Consumer,La Crosse,WI,United States
10771,Consumer,Caguas,PR,Puerto Rico
10772,Consumer,Carol Stream,IL,United States
10773,Corporate,Caguas,PR,Puerto Rico
10774,Home Office,Columbus,GA,United States
10775,Consumer,Caguas,PR,Puerto Rico
10776,Consumer,Fort Worth,TX,United States
10777,Corporate,Caguas,PR,Puerto Rico
10778,Consumer,Lakewood,OH,United States
10779,Consumer,Milwaukee,WI,United States
10780,Corporate,Caguas,PR,Puerto Rico
10781,Corporate,Hialeah,FL,United States
10782,Corporate,Compton,CA,United States
10783,Home Office,Caguas,PR,Puerto Rico
10784,Corporate,Loveland,OH,United States
10785,Corporate,Caguas,PR,Puerto Rico
10786,Corporate,Stockton,CA,United States
10787,Consumer,Blacksburg,VA,United States
10788,Consumer,Caguas,PR,Puerto Rico
10789,Consumer,Pompano Beach,FL,United States
10790,Corporate,Salina,KS,United States
10791,Consumer,Burnsville,MN,United States
10792,Consumer,Winnetka,CA,United States
10793,Consumer,Caguas,PR,Puerto Rico
10794,Consumer,Lenoir,NC,United States
10795,Home Office,Caguas,PR,Puerto Rico
10796,Consumer,Potomac,MD,United States
10797,Corporate,Salt Lake City,UT,United States
10798,Corporate,Caguas,PR,Puerto Rico
10799,Consumer,Brockton,MA,United States
10800,Corporate,Arlington,TX,United States
10801,Consumer,Saint Paul,MN,United States
10802,Corporate,Caguas,PR,Puerto Rico
10803,Home Office,San Juan,PR,Puerto Rico
10804,Corporate,Ridgewood,NY,United States
10805,Corporate,Chicago,IL,United States
10806,Corporate,Fremont,CA,United States
10807,Consumer,Caguas,PR,Puerto Rico
10808,Consumer,Walnut,CA,United States
10809,Home Office,Caguas,PR,Puerto Rico
10810,Consumer,North Bergen,NJ,United States
10811,Consumer,Caguas,PR,Puerto Rico
10812,Corporate,Albuquerque,NM,United States
10813,Corporate,Caguas,PR,Puerto Rico
10814,Home Office,Washington,DC,United States
10815,Home Office,Caguas,PR,Puerto Rico
10816,Consumer,Dallas,TX,United States
10817,Consumer,Miami,FL,United States
10818,Consumer,Caguas,PR,Puerto Rico
10819,Consumer,Long Beach,CA,United States
10820,Home Office,Caguas,PR,Puerto Rico
10821,Consumer,Toms River,NJ,United States
10822,Corporate,Houston,TX,United States
10823,Consumer,Hamtramck,MI,United States
10824,Corporate,Caguas,PR,Puerto Rico
10825,Consumer,Jamaica,NY,United States
10826,Corporate,Caguas,PR,Puerto Rico
10827,Consumer,Ventura,CA,United States
10828,Consumer,Tallahassee,FL,United States
10829,Consumer,Caguas,PR,Puerto Rico
10830,Consumer,Rosemead,CA,United States
10831,Consumer,San Diego,CA,United States
10832,Consumer,Caguas,PR,Puerto Rico
10833,Corporate,Dundalk,MD,United States
10834,Corporate,Albuquerque,NM,United States
10835,Consumer,New Orleans,LA,United States
10836,Consumer,Normal,IL,United States
10837,Home Office,Caguas,PR,Puerto Rico
10838,Consumer,Elmhurst,NY,United States
10839,Consumer,Detroit,MI,United States
10840,Consumer,Caguas,PR,Puerto Rico
10841,Home Office,Memphis,TN,United States
10842,Corporate,Caguas,PR,Puerto Rico
10843,Corporate,Saint Louis,MO,United States
10844,Home Office,Granada Hills,CA,United States
10845,Home Office,Caguas,PR,Puerto Rico
10846,Consumer,Canoga Park,CA,United States
10847,Consumer,Caguas,PR,Puerto Rico
10849,Consumer,Mission Viejo,CA,United States
10850,Home Office,Caguas,PR,Puerto Rico
10851,Home Office,Saint Charles,MO,United States
10852,Consumer,Caguas,PR,Puerto Rico
10853,Home Office,Las Vegas,NV,United States
10854,Corporate,Diamond Bar,CA,United States
10855,Consumer,Caguas,PR,Puerto Rico
10856,Home Office,Toms River,NJ,United States
10857,Corporate,Bensalem,PA,United States
10858,Consumer,Denton,TX,United States
10859,Consumer,Caguas,PR,Puerto Rico
10860,Corporate,Ventura,CA,United States
10861,Corporate,Caguas,PR,Puerto Rico
10862,Consumer,Stockton,CA,United States
10863,Home Office,Caguas,PR,Puerto Rico
10864,Corporate,Brooklyn,NY,United States
10865,Consumer,Alpharetta,GA,United States
10866,Consumer,Caguas,PR,Puerto Rico
10867,Corporate,Laguna Niguel,CA,United States
10868,Home Office,Caguas,PR,Puerto Rico
10869,Consumer,Brooklyn,NY,United States
10870,Corporate,Chesapeake,VA,United States
10871,Home Office,Caguas,PR,Puerto Rico
10872,Consumer,Ballwin,MO,United States
10873,Corporate,Caguas,PR,Puerto Rico
10874,Consumer,San Diego,CA,United States
10875,Consumer,Guayama,PR,Puerto Rico
10876,Corporate,Caguas,PR,Puerto Rico
10877,Corporate,Juana Diaz,PR,Puerto Rico
10878,Corporate,Caguas,PR,Puerto Rico
10879,Consumer,Jacksonville,FL,United States
10880,Consumer,Caguas,PR,Puerto Rico
10881,Consumer,Elmhurst,NY,United States
10882,Home Office,Powder Springs,GA,United States
10883,Corporate,Caguas,PR,Puerto Rico
10884,Corporate,Sacramento,CA,United States
10885,Corporate,Caguas,PR,Puerto Rico
10886,Home Office,Brooklyn,NY,United States
10887,Corporate,Endicott,NY,United States
10888,Consumer,Caguas,PR,Puerto Rico
10889,Consumer,Houston,TX,United States
10890,Consumer,Caguas,PR,Puerto Rico
10891,Corporate,Pittsfield,MA,United States
10892,Corporate,Caguas,PR,Puerto Rico
10893,Corporate,Riverside,CA,United States
10894,Home Office,Bellingham,WA,United States
10895,Consumer,Caguas,PR,Puerto Rico
10896,Corporate,Glendale,AZ,United States
10897,Consumer,Ventura,CA,United States
10898,Consumer,Caguas,PR,Puerto Rico
10899,Corporate,Encinitas,CA,United States
10900,Corporate,Caguas,PR,Puerto Rico
10901,Corporate,Vallejo,CA,United States
10902,Consumer,Caguas,PR,Puerto Rico
10903,Consumer,San Juan,PR,Puerto Rico
10904,Home Office,Caguas,PR,Puerto Rico
10905,Consumer,Hayward,CA,United States
10906,Home Office,Caguas,PR,Puerto Rico
10907,Consumer,Michigan City,IN,United States
10908,Consumer,Caguas,PR,Puerto Rico
10909,Consumer,Portland,OR,United States
10910,Consumer,Caguas,PR,Puerto Rico
10911,Corporate,San Diego,CA,United States
10912,Consumer,Caguas,PR,Puerto Rico
10914,Consumer,Plymouth,MA,United States
10915,Consumer,Dorchester Center,MA,United States
10916,Home Office,Corona,CA,United States
10917,Home Office,Caguas,PR,Puerto Rico
10918,Consumer,Mechanicsburg,PA,United States
10919,Home Office,San Marcos,CA,United States
10920,Home Office,Caguas,PR,Puerto Rico
10921,Consumer,Wyoming,MI,United States
10922,Corporate,Portland,OR,United States
10923,Consumer,Caguas,PR,Puerto Rico
10924,Consumer,Visalia,CA,United States
10925,Consumer,Caguas,PR,Puerto Rico
10926,Corporate,Aguadilla,PR,Puerto Rico
10927,Consumer,Perth Amboy,NJ,United States
10928,Consumer,Caguas,PR,Puerto Rico
10929,Home Office,Davis,CA,United States
10930,Corporate,San Jose,CA,United States
10931,Consumer,Caguas,PR,Puerto Rico
10932,Consumer,Arlington,VA,United States
10933,Corporate,Caguas,PR,Puerto Rico
10934,Corporate,Cary,NC,United States
10935,Consumer,Caguas,PR,Puerto Rico
10936,Home Office,Costa Mesa,CA,United States
10937,Home Office,Phoenix,AZ,United States
10938,Consumer,Caguas,PR,Puerto Rico
10939,Home Office,Hampton,VA,United States
10940,Corporate,Caguas,PR,Puerto Rico
10941,Consumer,Brooklyn,NY,United States
10942,Consumer,Brownsville,TX,United States
10943,Home Office,Plano,TX,United States
10944,Corporate,Caguas,PR,Puerto Rico
10945,Consumer,Woodbridge,VA,United States
10946,Consumer,Caguas,PR,Puerto Rico
10947,Corporate,Edison,NJ,United States
10948,Corporate,Caguas,PR,Puerto Rico
10949,Corporate,Lockport,NY,United States
10950,Home Office,Charlotte,NC,United States
10951,Corporate,Caguas,PR,Puerto Rico
10952,Corporate,Greeley,CO,United States
10953,Consumer,Caguas,PR,Puerto Rico
10954,Consumer,Las Vegas,NV,United States
10955,Consumer,Wichita,KS,United States
10956,Consumer,Caguas,PR,Puerto Rico
10957,Corporate,Brooklyn,NY,United States
10959,Corporate,Caguas,PR,Puerto Rico
10960,Corporate,Van Nuys,CA,United States
10961,Consumer,Highland,CA,United States
10962,Home Office,Caguas,PR,Puerto Rico
10963,Consumer,Meridian,ID,United States
10964,Home Office,Portland,OR,United States
10965,Home Office,Caguas,PR,Puerto Rico
10966,Corporate,Plymouth,MA,United States
10967,Consumer,Caguas,PR,Puerto Rico
10968,Corporate,Elgin,IL,United States
10969,Consumer,Caguas,PR,Puerto Rico
10970,Corporate,Newark,NJ,United States
10971,Home Office,Vista,CA,United States
10972,Consumer,Caguas,PR,Puerto Rico
10973,Consumer,Mayaguez,PR,Puerto Rico
10974,Consumer,Clementon,NJ,United States
10975,Consumer,Caguas,PR,Puerto Rico
10976,Home Office,San Jose,CA,United States
10977,Consumer,Caguas,PR,Puerto Rico
10978,Consumer,Burnsville,MN,United States
10979,Corporate,Caguas,PR,Puerto Rico
10980,Corporate,Chicago,IL,United States
10981,Home Office,Lancaster,CA,United States
10982,Home Office,Caguas,PR,Puerto Rico
10983,Corporate,Fontana,CA,United States
10984,Consumer,Florissant,MO,United States
10985,Corporate,Strongsville,OH,United States
10986,Home Office,Caguas,PR,Puerto Rico
10987,Consumer,Escondido,CA,United States
10988,Home Office,Caguas,PR,Puerto Rico
10989,Home Office,New York,NY,United States
10990,Consumer,Caguas,PR,Puerto Rico
10991,Consumer,Houston,TX,United States
10992,Home Office,Caguas,PR,Puerto Rico
10993,Home Office,La Habra,CA,United States
10994,Consumer,El Monte,CA,United States
10995,Corporate,Miami,FL,United States
10996,Consumer,Caguas,PR,Puerto Rico
10997,Corporate,Pacoima,CA,United States
10998,Home Office,Detroit,MI,United States
10999,Consumer,Caguas,PR,Puerto Rico
11000,Corporate,Elmhurst,NY,United States
11001,Corporate,Sylmar,CA,United States
11002,Consumer,Bolingbrook,IL,United States
11003,Corporate,Caguas,PR,Puerto Rico
11004,Home Office,Baltimore,MD,United States
11005,Home Office,Caguas,PR,Puerto Rico
11006,Home Office,Mililani,HI,United States
11007,Corporate,Caguas,PR,Puerto Rico
11008,Consumer,San Antonio,TX,United States
11009,Consumer,Federal Way,WA,United States
11010,Consumer,Caguas,PR,Puerto Rico
11011,Consumer,Bronx,NY,United States
11012,Corporate,Fond Du Lac,WI,United States
11013,Home Office,Philadelphia,PA,United States
11014,Corporate,Caguas,PR,Puerto Rico
11015,Corporate,Los Angeles,CA,United States
11016,Consumer,Fond Du Lac,WI,United States
11017,Home Office,Caguas,PR,Puerto Rico
11018,Consumer,Ewa Beach,HI,United States
11019,Consumer,Caguas,PR,Puerto Rico
11020,Consumer,Federal Way,WA,United States
11021,Consumer,Caguas,PR,Puerto Rico
11022,Corporate,Bronx,NY,United States
11023,Corporate,Caguas,PR,Puerto Rico
11024,Consumer,San Diego,CA,United States
11025,Consumer,Chicago,IL,United States
11026,Home Office,Caguas,PR,Puerto Rico
11027,Consumer,Columbus,OH,United States
11028,Corporate,Tampa,FL,United States
11029,Corporate,Caguas,PR,Puerto Rico
11030,Consumer,Fort Lauderdale,FL,United States
11031,Corporate,Caguas,PR,Puerto Rico
11032,Corporate,Garden Grove,CA,United States
11033,Consumer,Laredo,TX,United States
11034,Home Office,Caguas,PR,Puerto Rico
11035,Consumer,Manati,PR,Puerto Rico
11036,Consumer,Caguas,PR,Puerto Rico
11037,Consumer,Davis,CA,United States
11038,Corporate,Newark,NJ,United States
11039,Consumer,Caguas,PR,Puerto Rico
11040,Consumer,Fort Lauderdale,FL,United States
11041,Corporate,Caguas,PR,Puerto Rico
11042,Corporate,Ontario,CA,United States
11043,Consumer,Caguas,PR,Puerto Rico
11044,Consumer,Memphis,TN,United States
11045,Corporate,Caguas,PR,Puerto Rico
11046,Consumer,Hialeah,FL,United States
11047,Consumer,Chicago,IL,United States
11048,Corporate,Caguas,PR,Puerto Rico
11049,Consumer,Milpitas,CA,United States
11050,Corporate,Caguas,PR,Puerto Rico
11051,Corporate,San Jose,CA,United States
11052,Home Office,Caguas,PR,Puerto Rico
11053,Consumer,Bakersfield,CA,United States
11054,Corporate,Colton,CA,United States
11055,Home Office,Everett,WA,United States
11056,Corporate,Opelousas,LA,United States
11057,Consumer,Caguas,PR,Puerto Rico
11058,Home Office,Brooklyn,NY,United States
11059,Consumer,Brooklyn,NY,United States
11060,Consumer,Sacramento,CA,United States
11061,Corporate,Caguas,PR,Puerto Rico
11062,Corporate,Olathe,KS,United States
11063,Corporate,Cary,NC,United States
11064,Consumer,Caguas,PR,Puerto Rico
11065,Consumer,New York,NY,United States
11066,Corporate,Phoenix,AZ,United States
11067,Corporate,Caguas,PR,Puerto Rico
11068,Consumer,Longmont,CO,United States
11069,Consumer,Bronx,NY,United States
11070,Corporate,Caguas,PR,Puerto Rico
11071,Corporate,Brooklyn,NY,United States
11072,Home Office,Wheaton,IL,United States
11073,Consumer,Tonawanda,NY,United States
11074,Consumer,Caguas,PR,Puerto Rico
11075,Consumer,Ann Arbor,MI,United States
11076,Corporate,Caguas,PR,Puerto Rico
11077,Consumer,New Orleans,LA,United States
11078,Consumer,New Braunfels,TX,United States
11079,Corporate,Caguas,PR,Puerto Rico
11080,Consumer,Santa Ana,CA,United States
11081,Corporate,Caguas,PR,Puerto Rico
11082,Home Office,Moreno Valley,CA,United States
11083,Corporate,Las Cruces,NM,United States
11084,Consumer,Caguas,PR,Puerto Rico
11085,Home Office,Albuquerque,NM,United States
11086,Corporate,Caguas,PR,Puerto Rico
11087,Corporate,Wichita,KS,United States
11088,Corporate,Caguas,PR,Puerto Rico
11089,Consumer,San Pablo,CA,United States
11090,Consumer,Roseburg,OR,United States
11091,Home Office,Caguas,PR,Puerto Rico
11092,Corporate,Rochester,NY,United States
11093,Consumer,Caguas,PR,Puerto Rico
11094,Home Office,Mission,TX,United States
11095,Consumer,Lompoc,CA,United States
11096,Home Office,Lockport,IL,United States
11097,Consumer,Caguas,PR,Puerto Rico
11098,Home Office,Westerville,OH,United States
11099,Corporate,La Mirada,CA,United States
11100,Corporate,Caguas,PR,Puerto Rico
11101,Home Office,Fresno,CA,United States
11102,Consumer,Caguas,PR,Puerto Rico
11103,Consumer,Yonkers,NY,United States
11104,Consumer,Caguas,PR,Puerto Rico
11105,Home Office,Houston,TX,United States
11106,Consumer,Caguas,PR,Puerto Rico
11107,Consumer,Brooklyn,NY,United States
11108,Consumer,Plainfield,IL,United States
11109,Corporate,Caguas,PR,Puerto Rico
11110,Consumer,Santa Ana,CA,United States
11111,Consumer,San Sebastian,PR,Puerto Rico
11112,Consumer,Caguas,PR,Puerto Rico
11113,Consumer,Brooklyn,NY,United States
11114,Corporate,Columbus,OH,United States
11115,Corporate,Williamsport,PA,United States
11116,Consumer,Caguas,PR,Puerto Rico
11117,Consumer,San Diego,CA,United States
11118,Consumer,Caguas,PR,Puerto Rico
11119,Consumer,Saint Louis,MO,United States
11120,Corporate,Saint Louis,MO,United States
11121,Home Office,Caguas,PR,Puerto Rico
11122,Consumer,Troy,MI,United States
11123,Consumer,Caguas,PR,Puerto Rico
11124,Consumer,Humacao,PR,Puerto Rico
11125,Consumer,Las Vegas,NV,United States
11126,Consumer,Cleveland,OH,United States
11127,Corporate,Caguas,PR,Puerto Rico
11128,Consumer,Miami,FL,United States
11129,Consumer,Caguas,PR,Puerto Rico
11130,Consumer,Oceanside,CA,United States
11131,Consumer,Brooklyn,NY,United States
11132,Home Office,Caguas,PR,Puerto Rico
11133,Corporate,West Covina,CA,United States
11134,Consumer,Caguas,PR,Puerto Rico
11135,Corporate,New York,NY,United States
11136,Consumer,Hollywood,FL,United States
11137,Home Office,Caguas,PR,Puerto Rico
11138,Home Office,Las Vegas,NV,United States
11139,Consumer,Caguas,PR,Puerto Rico
11140,Consumer,Anaheim,CA,United States
11141,Corporate,Eugene,OR,United States
11142,Home Office,Caguas,PR,Puerto Rico
11143,Home Office,Brooklyn,NY,United States
11144,Home Office,Mesa,AZ,United States
11145,Consumer,Simi Valley,CA,United States
11146,Consumer,Caguas,PR,Puerto Rico
11147,Home Office,Watsonville,CA,United States
11148,Consumer,San Antonio,TX,United States
11149,Consumer,Caguas,PR,Puerto Rico
11150,Corporate,Hialeah,FL,United States
11151,Consumer,Caguas,PR,Puerto Rico
11152,Corporate,Mchenry,IL,United States
11153,Consumer,Caguas,PR,Puerto Rico
11154,Home Office,Granada Hills,CA,United States
11156,Corporate,Caguas,PR,Puerto Rico
11157,Corporate,York,PA,United States
11158,Corporate,Caguas,PR,Puerto Rico
11159,Corporate,Sylmar,CA,United States
11160,Consumer,Long Beach,CA,United States
11161,Corporate,Caguas,PR,Puerto Rico
11162,Home Office,Frankfort,KY,United States
11163,Consumer,Caguas,PR,Puerto Rico
11164,Home Office,Oxnard,CA,United States
11165,Home Office,Philadelphia,PA,United States
11166,Home Office,Caguas,PR,Puerto Rico
11167,Consumer,New York,NY,United States
11168,Home Office,Plainfield,NJ,United States
11169,Home Office,Caguas,PR,Puerto Rico
11170,Corporate,Philadelphia,PA,United States
11171,Consumer,Caguas,PR,Puerto Rico
11172,Consumer,Greensboro,NC,United States
11173,Corporate,Enfield,CT,United States
11174,Consumer,Caguas,PR,Puerto Rico
11175,Consumer,Phoenix,AZ,United States
11176,Consumer,Caguas,PR,Puerto Rico
11177,Consumer,Wayne,NJ,United States
11178,Consumer,Portland,OR,United States
11179,Consumer,Escondido,CA,United States
11180,Home Office,Caguas,PR,Puerto Rico
11181,Consumer,Bronx,NY,United States
11182,Consumer,Caguas,PR,Puerto Rico
11183,Corporate,San Juan,PR,Puerto Rico
11184,Consumer,La Puente,CA,United States
11185,Home Office,Bronx,NY,United States
11186,Consumer,Winnetka,CA,United States
11187,Consumer,Caguas,PR,Puerto Rico
11188,Corporate,New York,NY,United States
11189,Consumer,Caguas,PR,Puerto Rico
11190,Corporate,Toms River,NJ,United States
11191,Consumer,Caguas,PR,Puerto Rico
11192,Consumer,Hialeah,FL,United States
11193,Consumer,Caguas,PR,Puerto Rico
11194,Consumer,Aurora,CO,United States
11195,Corporate,Caguas,PR,Puerto Rico
11196,Corporate,Tempe,AZ,United States
11197,Consumer,Caguas,PR,Puerto Rico
11198,Consumer,Marietta,GA,United States
11199,Consumer,Caguas,PR,Puerto Rico
11200,Consumer,Saint Peters,MO,United States
11201,Consumer,Indio,CA,United States
11202,Home Office,Santa Cruz,CA,United States
11203,Corporate,Caguas,PR,Puerto Rico
11204,Consumer,Longmont,CO,United States
11205,Corporate,Miami,FL,United States
11206,Consumer,Caguas,PR,Puerto Rico
11207,Corporate,Albuquerque,NM,United States
11208,Consumer,Caguas,PR,Puerto Rico
11209,Consumer,Quincy,IL,United States
11210,Consumer,Caguas,PR,Puerto Rico
11211,Consumer,New York,NY,United States
11212,Consumer,Bakersfield,CA,United States
11213,Consumer,Caguas,PR,Puerto Rico
11214,Consumer,Santa Ana,CA,United States
11215,Consumer,Gwynn Oak,MD,United States
11216,Home Office,Caguas,PR,Puerto Rico
11217,Corporate,Brooklyn,NY,United States
11218,Consumer,Murfreesboro,TN,United States
11219,Consumer,Caguas,PR,Puerto Rico
11220,Consumer,Passaic,NJ,United States
11221,Consumer,Antioch,TN,United States
11222,Consumer,Caguas,PR,Puerto Rico
11223,Corporate,Azusa,CA,United States
11224,Consumer,Billings,MT,United States
11225,Consumer,Caguas,PR,Puerto Rico
11226,Corporate,Philadelphia,PA,United States
11227,Consumer,Orlando,FL,United States
11228,Consumer,Caguas,PR,Puerto Rico
11229,Consumer,Kenner,LA,United States
11230,Consumer,Caguas,PR,Puerto Rico
11231,Home Office,Fond Du Lac,WI,United States
11232,Consumer,Tallahassee,FL,United States
11233,Corporate,Caguas,PR,Puerto Rico
11234,Corporate,Baltimore,MD,United States
11235,Corporate,Portland,OR,United States
11236,Corporate,Bismarck,ND,United States
11237,Consumer,Caguas,PR,Puerto Rico
11238,Consumer,Hendersonville,TN,United States
11239,Consumer,New Albany,IN,United States
11240,Home Office,Richmond,VA,United States
11241,Consumer,Caguas,PR,Puerto Rico
11242,Home Office,Wyoming,MI,United States
11243,Corporate,Caguas,PR,Puerto Rico
11244,Consumer,Ann Arbor,MI,United States
11245,Consumer,Caguas,PR,Puerto Rico
11246,Consumer,Howell,MI,United States
11247,Home Office,Caguas,PR,Puerto Rico
11248,Consumer,Waipahu,HI,United States
11249,Home Office,Provo,UT,United States
11250,Home Office,Caguas,PR,Puerto Rico
11251,Consumer,Daly City,CA,United States
11252,Corporate,Cleveland,OH,United States
11253,Corporate,San Ramon,CA,United States
11254,Consumer,Caguas,PR,Puerto Rico
11255,Consumer,Martinez,CA,United States
11256,Corporate,Caguas,PR,Puerto Rico
11257,Consumer,Folsom,CA,United States
11258,Consumer,Tucson,AZ,United States
11259,Corporate,Palo Alto,CA,United States
11260,Consumer,Fort Lauderdale,FL,United States
11261,Home Office,Caguas,PR,Puerto Rico
11262,Consumer,Long Beach,CA,United States
11263,Corporate,Federal Way,WA,United States
11264,Consumer,Caguas,PR,Puerto Rico
11265,Consumer,Waukegan,IL,United States
11266,Corporate,Caguas,PR,Puerto Rico
11267,Corporate,Palmdale,CA,United States
11268,Corporate,Colorado Springs,CO,United States
11269,Consumer,Caguas,PR,Puerto Rico
11270,Consumer,Brooklyn,NY,United States
11271,Consumer,Arecibo,PR,Puerto Rico
11272,Consumer,Opelousas,LA,United States
11273,Consumer,Caguas,PR,Puerto Rico
11274,Consumer,Upland,CA,United States
11275,Consumer,Webster,NY,United States
11276,Home Office,Caguas,PR,Puerto Rico
11277,Consumer,Brooklyn,NY,United States
11278,Consumer,Caguas,PR,Puerto Rico
11279,Corporate,Berwyn,IL,United States
11280,Corporate,North Hollywood,CA,United States
11281,Home Office,Caguas,PR,Puerto Rico
11282,Consumer,Fontana,CA,United States
11283,Consumer,Caguas,PR,Puerto Rico
11284,Consumer,Manati,PR,Puerto Rico
11285,Corporate,Caguas,PR,Puerto Rico
11286,Corporate,Porterville,CA,United States
11287,Corporate,Houston,TX,United States
11288,Home Office,Caguas,PR,Puerto Rico
11289,Home Office,Mount Pleasant,MI,United States
11290,Consumer,Caguas,PR,Puerto Rico
11291,Consumer,Brooklyn,NY,United States
11292,Home Office,Caguas,PR,Puerto Rico
11293,Consumer,Chambersburg,PA,United States
11294,Consumer,Caguas,PR,Puerto Rico
11295,Corporate,Chula Vista,CA,United States
11296,Consumer,Fresno,CA,United States
11297,Consumer,Caguas,PR,Puerto Rico
11298,Consumer,Henrico,VA,United States
11299,Consumer,Caguas,PR,Puerto Rico
11300,Home Office,Bronx,NY,United States
11301,Consumer,Winter Park,FL,United States
11302,Consumer,Caguas,PR,Puerto Rico
11303,Home Office,Union City,NJ,United States
11304,Corporate,Santa Cruz,CA,United States
11305,Consumer,Caguas,PR,Puerto Rico
11306,Corporate,Miami,FL,United States
11307,Corporate,Caguas,PR,Puerto Rico
11308,Corporate,San Marcos,CA,United States
11309,Home Office,Newburgh,NY,United States
11310,Consumer,Caguas,PR,Puerto Rico
11311,Home Office,Chicago,IL,United States
11312,Consumer,New York,NY,United States
11313,Consumer,Caguas,PR,Puerto Rico
11314,Corporate,Encinitas,CA,United States
11315,Consumer,College Station,TX,United States
11316,Home Office,Caguas,PR,Puerto Rico
11317,Corporate,Pawtucket,RI,United States
11318,Consumer,Caguas,PR,Puerto Rico
11319,Consumer,Arecibo,PR,Puerto Rico
11320,Corporate,Tracy,CA,United States
11321,Corporate,San Diego,CA,United States
11322,Corporate,Caguas,PR,Puerto Rico
11323,Corporate,Hanford,CA,United States
11324,Home Office,Dallas,TX,United States
11325,Consumer,Caguas,PR,Puerto Rico
11326,Consumer,Los Angeles,CA,United States
11327,Home Office,Caguas,PR,Puerto Rico
11328,Consumer,Los Angeles,CA,United States
11329,Home Office,Caguas,PR,Puerto Rico
11330,Consumer,Philadelphia,PA,United States
11331,Corporate,Ypsilanti,MI,United States
11332,Home Office,Caguas,PR,Puerto Rico
11333,Home Office,San Jose,CA,United States
11334,Consumer,Quincy,MA,United States
11335,Consumer,Tempe,AZ,United States
11336,Corporate,Charlotte,NC,United States
11337,Corporate,Danbury,CT,United States
11338,Consumer,Sheboygan,WI,United States
11339,Home Office,Caguas,PR,Puerto Rico
11340,Home Office,Kailua,HI,United States
11341,Consumer,Caguas,PR,Puerto Rico
11342,Corporate,Salem,OR,United States
11343,Consumer,Orange Park,FL,United States
11344,Consumer,Caguas,PR,Puerto Rico
11345,Consumer,Fargo,ND,United States
11346,Corporate,Caguas,PR,Puerto Rico
11347,Consumer,San Jose,CA,United States
11348,Consumer,Granite City,IL,United States
11349,Consumer,Caguas,PR,Puerto Rico
11350,Consumer,Dearborn,MI,United States
11351,Corporate,Tempe,AZ,United States
11352,Consumer,Caguas,PR,Puerto Rico
11353,Corporate,Temecula,CA,United States
11354,Corporate,Caguas,PR,Puerto Rico
11355,Home Office,Lenoir,NC,United States
11356,Consumer,Caguas,PR,Puerto Rico
11357,Corporate,Bronx,NY,United States
11358,Consumer,Salt Lake City,UT,United States
11359,Consumer,San Pablo,CA,United States
11360,Consumer,Washington,DC,United States
11361,Consumer,Caguas,PR,Puerto Rico
11362,Corporate,Bakersfield,CA,United States
11363,Consumer,Garland,TX,United States
11364,Corporate,Tucson,AZ,United States
11365,Corporate,Caguas,PR,Puerto Rico
11366,Home Office,Los Angeles,CA,United States
11367,Consumer,Caguas,PR,Puerto Rico
11368,Consumer,Huntington Station,NY,United States
11369,Consumer,Irwin,PA,United States
11370,Corporate,Caguas,PR,Puerto Rico
11371,Consumer,Van Nuys,CA,United States
11372,Corporate,Bakersfield,CA,United States
11373,Consumer,Caguas,PR,Puerto Rico
11374,Consumer,Houston,TX,United States
11375,Corporate,Sacramento,CA,United States
11376,Home Office,Houston,TX,United States
11377,Consumer,Caguas,PR,Puerto Rico
11378,Consumer,Anaheim,CA,United States
11379,Corporate,Memphis,TN,United States
11380,Consumer,Caguas,PR,Puerto Rico
11381,Consumer,Bronx,NY,United States
11382,Corporate,Huntington Beach,CA,United States
11383,Consumer,Caguas,PR,Puerto Rico
11384,Home Office,Vacaville,CA,United States
11385,Consumer,Wheeling,WV,United States
11386,Corporate,Caguas,PR,Puerto Rico
11387,Corporate,San Antonio,TX,United States
11388,Consumer,Lancaster,CA,United States
11389,Corporate,Saint Louis,MO,United States
11390,Corporate,Caguas,PR,Puerto Rico
11391,Home Office,Philadelphia,PA,United States
11392,Consumer,Caguas,PR,Puerto Rico
11393,Corporate,Bronx,NY,United States
11394,Consumer,Cupertino,CA,United States
11395,Home Office,Caguas,PR,Puerto Rico
11396,Consumer,Hamilton,OH,United States
11397,Consumer,Tallahassee,FL,United States
11398,Corporate,Caguas,PR,Puerto Rico
11399,Consumer,Redmond,WA,United States
11400,Home Office,Fort Worth,TX,United States
11401,Consumer,Caguas,PR,Puerto Rico
11402,Home Office,Newark,DE,United States
11403,Consumer,Elmhurst,IL,United States
11404,Corporate,Caguas,PR,Puerto Rico
11405,Corporate,Brooklyn,NY,United States
11406,Corporate,Albuquerque,NM,United States
11407,Consumer,Marion,OH,United States
11408,Corporate,Caguas,PR,Puerto Rico
11409,Corporate,Stone Mountain,GA,United States
11410,Consumer,Caguas,PR,Puerto Rico
11411,Corporate,Glendale,AZ,United States
11412,Corporate,Santa Ana,CA,United States
11413,Home Office,Norcross,GA,United States
11414,Corporate,Caguas,PR,Puerto Rico
11415,Corporate,Oxnard,CA,United States
11416,Corporate,Caguas,PR,Puerto Rico
11417,Consumer,Chicago,IL,United States
11418,Consumer,Caguas,PR,Puerto Rico
11419,Corporate,York,PA,United States
11420,Consumer,Caguas,PR,Puerto Rico
11421,Consumer,New Orleans,LA,United States
11422,Home Office,Moreno Valley,CA,United States
11423,Home Office,Caguas,PR,Puerto Rico
11424,Home Office,Mayaguez,PR,Puerto Rico
11425,Consumer,Detroit,MI,United States
11426,Consumer,Caguas,PR,Puerto Rico
11427,Corporate,Huntington Park,CA,United States
11428,Consumer,Fort Worth,TX,United States
11429,Home Office,Honolulu,HI,United States
11430,Corporate,Caguas,PR,Puerto Rico
11431,Consumer,Sacramento,CA,United States
11432,Consumer,Stockton,CA,United States
11433,Consumer,Caguas,PR,Puerto Rico
11434,Home Office,Miami,FL,United States
11435,Consumer,Hialeah,FL,United States
11436,Consumer,Caguas,PR,Puerto Rico
11437,Consumer,Dallas,TX,United States
11438,Consumer,Caguas,PR,Puerto Rico
11439,Corporate,El Paso,TX,United States
11440,Home Office,Wilkes Barre,PA,United States
11441,Consumer,Lutz,FL,United States
11442,Consumer,Caguas,PR,Puerto Rico
11443,Consumer,Elyria,OH,United States
11444,Corporate,San Diego,CA,United States
11445,Corporate,Caguas,PR,Puerto Rico
11446,Corporate,Santa Ana,CA,United States
11447,Corporate,Beloit,WI,United States
11448,Consumer,Caguas,PR,Puerto Rico
11449,Corporate,Bayamon,PR,Puerto Rico
11450,Consumer,Laredo,TX,United States
11451,Home Office,Caguas,PR,Puerto Rico
11452,Home Office,Hollywood,FL,United States
11453,Consumer,Roswell,NM,United States
11454,Home Office,Fort Lauderdale,FL,United States
11455,Consumer,Caguas,PR,Puerto Rico
11456,Consumer,New Albany,IN,United States
11457,Corporate,San Benito,TX,United States
11458,Home Office,Caguas,PR,Puerto Rico
11459,Consumer,Santa Ana,CA,United States
11460,Corporate,New York,NY,United States
11461,Consumer,Albuquerque,NM,United States
11462,Corporate,Colorado Springs,CO,United States
11463,Corporate,Murfreesboro,TN,United States
11464,Consumer,Caguas,PR,Puerto Rico
11465,Home Office,Union City,CA,United States
11466,Consumer,Caguas,PR,Puerto Rico
11467,Corporate,Fontana,CA,United States
11468,Consumer,Medina,OH,United States
11469,Corporate,Grove City,OH,United States
11470,Home Office,Caguas,PR,Puerto Rico
11471,Consumer,Round Rock,TX,United States
11472,Corporate,Caguas,PR,Puerto Rico
11473,Consumer,Elmhurst,IL,United States
11474,Corporate,Caguas,PR,Puerto Rico
11475,Home Office,Houston,TX,United States
11476,Home Office,Sunnyvale,CA,United States
11477,Consumer,Caguas,PR,Puerto Rico
11478,Consumer,Jackson,MI,United States
11479,Home Office,Caguas,PR,Puerto Rico
11480,Home Office,Beaverton,OR,United States
11481,Consumer,Bend,OR,United States
11482,Home Office,Caguas,PR,Puerto Rico
11483,Corporate,Piscataway,NJ,United States
11484,Consumer,Lancaster,PA,United States
11485,Corporate,Caguas,PR,Puerto Rico
11486,Consumer,West Lafayette,IN,United States
11487,Consumer,Caguas,PR,Puerto Rico
11488,Corporate,Salem,OR,United States
11489,Corporate,Chicago,IL,United States
11490,Consumer,Caguas,PR,Puerto Rico
11491,Home Office,Virginia Beach,VA,United States
11492,Corporate,Bowling Green,KY,United States
11493,Consumer,Caguas,PR,Puerto Rico
11494,Consumer,Joliet,IL,United States
11495,Consumer,Chicago,IL,United States
11496,Consumer,Caguas,PR,Puerto Rico
11497,Consumer,Chicago,IL,United States
11498,Consumer,Caguas,PR,Puerto Rico
11499,Consumer,Brooklyn,NY,United States
11500,Home Office,Caguas,PR,Puerto Rico
11501,Corporate,Buena Park,CA,United States
11502,Consumer,Caguas,PR,Puerto Rico
11503,Corporate,Saginaw,MI,United States
11504,Consumer,Caguas,PR,Puerto Rico
11505,Consumer,Bakersfield,CA,United States
11506,Home Office,South El Monte,CA,United States
11507,Corporate,Caguas,PR,Puerto Rico
11508,Consumer,Newark,DE,United States
11509,Consumer,Caguas,PR,Puerto Rico
11510,Consumer,Encinitas,CA,United States
11511,Corporate,Caguas,PR,Puerto Rico
11512,Consumer,Memphis,TN,United States
11513,Home Office,Caguas,PR,Puerto Rico
11514,Home Office,Tallahassee,FL,United States
11515,Corporate,Caguas,PR,Puerto Rico
11516,Consumer,Carol Stream,IL,United States
11517,Consumer,Caguas,PR,Puerto Rico
11518,Consumer,San Juan,PR,Puerto Rico
11519,Consumer,Howell,MI,United States
11520,Corporate,Caguas,PR,Puerto Rico
11521,Home Office,Goose Creek,SC,United States
11522,Home Office,Manati,PR,Puerto Rico
11523,Consumer,Tampa,FL,United States
11524,Consumer,Caguas,PR,Puerto Rico
11525,Consumer,Brooklyn,NY,United States
11526,Consumer,Caguas,PR,Puerto Rico
11527,Consumer,Elgin,IL,United States
11528,Home Office,Glen Burnie,MD,United States
11529,Home Office,West Covina,CA,United States
11530,Corporate,Caguas,PR,Puerto Rico
11531,Corporate,Los Angeles,CA,United States
11532,Corporate,Caguas,PR,Puerto Rico
11533,Home Office,Mchenry,IL,United States
11534,Consumer,Caguas,PR,Puerto Rico
11535,Consumer,Ypsilanti,MI,United States
11536,Consumer,Bend,OR,United States
11537,Consumer,Caguas,PR,Puerto Rico
11538,Home Office,Carolina,PR,Puerto Rico
11539,Consumer,Caguas,PR,Puerto Rico
11540,Consumer,Fresno,CA,United States
11541,Consumer,Santa Clara,CA,United States
11542,Corporate,Caguas,PR,Puerto Rico
11543,Home Office,Antioch,CA,United States
11544,Consumer,Chandler,AZ,United States
11545,Consumer,Caguas,PR,Puerto Rico
11546,Corporate,Salina,KS,United States
11547,Consumer,Escondido,CA,United States
11548,Consumer,Caguas,PR,Puerto Rico
11549,Consumer,Palmdale,CA,United States
11550,Consumer,Ventura,CA,United States
11551,Consumer,Caguas,PR,Puerto Rico
11552,Consumer,Orlando,FL,United States
11553,Consumer,Caguas,PR,Puerto Rico
11554,Home Office,San Benito,TX,United States
11555,Home Office,Caguas,PR,Puerto Rico
11556,Consumer,Humacao,PR,Puerto Rico
11557,Consumer,Caguas,PR,Puerto Rico
11558,Consumer,Los Angeles,CA,United States
11559,Consumer,Long Beach,CA,United States
11560,Corporate,Caguas,PR,Puerto Rico
11561,Consumer,Henrico,VA,United States
11562,Corporate,Colorado Springs,CO,United States
11563,Consumer,Denton,TX,United States
11564,Corporate,Caguas,PR,Puerto Rico
11565,Consumer,Harlingen,TX,United States
11566,Consumer,Caguas,PR,Puerto Rico
11567,Consumer,Spring Valley,CA,United States
11568,Consumer,Quincy,IL,United States
11569,Corporate,Caguas,PR,Puerto Rico
11570,Home Office,Detroit,MI,United States
11571,Consumer,Brandon,FL,United States
11572,Consumer,Caguas,PR,Puerto Rico
11573,Corporate,Brooklyn,NY,United States
11574,Consumer,Saint Louis,MO,United States
11575,Consumer,Beloit,WI,United States
11576,Corporate,Caguas,PR,Puerto Rico
11577,Corporate,Ypsilanti,MI,United States
11578,Corporate,Caguas,PR,Puerto Rico
11579,Home Office,Cleveland,OH,United States
11580,Corporate,Caguas,PR,Puerto Rico
11581,Corporate,Juana Diaz,PR,Puerto Rico
11582,Corporate,Caguas,PR,Puerto Rico
11583,Consumer,Blacksburg,VA,United States
11584,Consumer,Caguas,PR,Puerto Rico
11585,Consumer,Chicago,IL,United States
11586,Corporate,New Orleans,LA,United States
11587,Consumer,Caguas,PR,Puerto Rico
11588,Consumer,Chicago,IL,United States
11589,Consumer,Kent,WA,United States
11590,Consumer,Azusa,CA,United States
11591,Consumer,Caguas,PR,Puerto Rico
11592,Consumer,Portland,OR,United States
11593,Consumer,Caguas,PR,Puerto Rico
11594,Consumer,New York,NY,United States
11595,Consumer,Modesto,CA,United States
11596,Corporate,Brighton,MA,United States
11597,Consumer,Caguas,PR,Puerto Rico
11598,Consumer,Marietta,GA,United States
11599,Consumer,Hickory,NC,United States
11600,Consumer,Caguas,PR,Puerto Rico
11601,Consumer,Glendale,AZ,United States
11602,Corporate,Mechanicsburg,PA,United States
11603,Corporate,Los Angeles,CA,United States
11604,Consumer,Caguas,PR,Puerto Rico
11605,Consumer,Sylmar,CA,United States
11606,Consumer,Apex,NC,United States
11607,Corporate,Caguas,PR,Puerto Rico
11608,Consumer,Norwalk,CA,United States
11609,Corporate,Poway,CA,United States
11610,Corporate,Caguas,PR,Puerto Rico
11611,Corporate,Metairie,LA,United States
11612,Corporate,Caguas,PR,Puerto Rico
11613,Home Office,Sacramento,CA,United States
11614,Home Office,Caguas,PR,Puerto Rico
11615,Home Office,Lake Forest,CA,United States
11616,Home Office,Wyoming,MI,United States
11617,Consumer,Virginia Beach,VA,United States
11618,Consumer,Houston,TX,United States
11619,Home Office,Caguas,PR,Puerto Rico
11620,Consumer,Los Angeles,CA,United States
11621,Consumer,Los Angeles,CA,United States
11622,Consumer,Caguas,PR,Puerto Rico
11623,Corporate,Yauco,PR,Puerto Rico
11624,Corporate,Caguas,PR,Puerto Rico
11625,Corporate,Brooklyn,NY,United States
11626,Consumer,Marietta,GA,United States
11627,Consumer,Caguas,PR,Puerto Rico
11628,Consumer,Las Vegas,NV,United States
11629,Consumer,Caguas,PR,Puerto Rico
11630,Consumer,Miami,FL,United States
11631,Consumer,Caguas,PR,Puerto Rico
11632,Corporate,San Antonio,TX,United States
11633,Corporate,Caguas,PR,Puerto Rico
11634,Corporate,San Diego,CA,United States
11635,Consumer,Caguas,PR,Puerto Rico
11636,Consumer,Chicago,IL,United States
11637,Consumer,Caguas,PR,Puerto Rico
11638,Consumer,Brentwood,NY,United States
11639,Consumer,Charlotte,NC,United States
11640,Corporate,Caguas,PR,Puerto Rico
11641,Consumer,Woonsocket,RI,United States
11642,Corporate,Caguas,PR,Puerto Rico
11643,Consumer,Dorchester Center,MA,United States
11644,Consumer,Caguas,PR,Puerto Rico
11645,Consumer,Summerville,SC,United States
11646,Consumer,Phoenix,AZ,United States
11647,Consumer,Caguas,PR,Puerto Rico
11648,Home Office,Dorchester Center,MA,United States
11649,Home Office,Aurora,CO,United States
11650,Home Office,Caguas,PR,Puerto Rico
11651,Home Office,Bayonne,NJ,United States
11652,Home Office,Los Angeles,CA,United States
11653,Consumer,Caguas,PR,Puerto Rico
11654,Consumer,Santa Cruz,CA,United States
11655,Consumer,Caguas,PR,Puerto Rico
11656,Consumer,Aurora,CO,United States
11657,Consumer,Caguas,PR,Puerto Rico
11658,Consumer,Portland,OR,United States
11659,Consumer,Caguas,PR,Puerto Rico
11660,Consumer,Sacramento,CA,United States
11661,Consumer,Moline,IL,United States
11662,Home Office,Caguas,PR,Puerto Rico
11663,Home Office,Memphis,TN,United States
11664,Consumer,Caguas,PR,Puerto Rico
11665,Corporate,Louisville,KY,United States
11666,Home Office,Caguas,PR,Puerto Rico
11667,Corporate,Hickory,NC,United States
11668,Consumer,Caguas,PR,Puerto Rico
11669,Consumer,Portland,OR,United States
11670,Consumer,Caguas,PR,Puerto Rico
11671,Consumer,Detroit,MI,United States
11672,Consumer,Caguas,PR,Puerto Rico
11673,Consumer,Saginaw,MI,United States
11674,Consumer,Caguas,PR,Puerto Rico
11675,Corporate,Los Angeles,CA,United States
11676,Home Office,Caguas,PR,Puerto Rico
11677,Home Office,Phoenix,AZ,United States
11678,Home Office,Caguas,PR,Puerto Rico
11679,Home Office,San Pablo,CA,United States
11680,Home Office,Fremont,CA,United States
11681,Consumer,Caguas,PR,Puerto Rico
11682,Home Office,La Puente,CA,United States
11683,Consumer,Brooklyn,NY,United States
11684,Consumer,Rego Park,NY,United States
11685,Consumer,Caguas,PR,Puerto Rico
11686,Consumer,Carlsbad,CA,United States
11687,Consumer,Caguas,PR,Puerto Rico
11688,Consumer,Germantown,MD,United States
11689,Consumer,Caguas,PR,Puerto Rico
11690,Consumer,El Paso,TX,United States
11691,Consumer,Toms River,NJ,United States
11692,Consumer,Dayton,OH,United States
11693,Corporate,Philadelphia,PA,United States
11694,Corporate,Caguas,PR,Puerto Rico
11695,Corporate,Chicago,IL,United States
11696,Corporate,Brooklyn,NY,United States
11697,Corporate,Laguna Niguel,CA,United States
11698,Corporate,Chicago Heights,IL,United States
11699,Consumer,Hampton,VA,United States
11700,Consumer,Goose Creek,SC,United States
11701,Corporate,Caguas,PR,Puerto Rico
11702,Corporate,Lawrence,MA,United States
11703,Consumer,Caguas,PR,Puerto Rico
11704,Consumer,Katy,TX,United States
11705,Consumer,Caguas,PR,Puerto Rico
11706,Corporate,Chula Vista,CA,United States
11707,Corporate,Davis,CA,United States
11708,Corporate,Plano,TX,United States
11709,Consumer,Caguas,PR,Puerto Rico
11710,Consumer,Hawthorne,CA,United States
11711,Home Office,Chicago,IL,United States
11712,Consumer,Woodbridge,VA,United States
11713,Consumer,Jackson,MI,United States
11714,Consumer,Caguas,PR,Puerto Rico
11715,Consumer,San Jose,CA,United States
11716,Consumer,Bountiful,UT,United States
11717,Consumer,Caguas,PR,Puerto Rico
11718,Consumer,Chino,CA,United States
11719,Corporate,Chicago,IL,United States
11720,Consumer,Los Angeles,CA,United States
11721,Home Office,Saint Louis,MO,United States
11722,Corporate,Caguas,PR,Puerto Rico
11723,Corporate,Bridgeton,NJ,United States
11724,Corporate,Caguas,PR,Puerto Rico
11725,Corporate,Corona,CA,United States
11726,Consumer,Caguas,PR,Puerto Rico
11727,Consumer,Staten Island,NY,United States
11728,Consumer,Caguas,PR,Puerto Rico
11729,Consumer,Lakewood,OH,United States
11730,Corporate,New Orleans,LA,United States
11731,Consumer,Encinitas,CA,United States
11732,Consumer,Caguas,PR,Puerto Rico
11733,Corporate,Yauco,PR,Puerto Rico
11734,Corporate,Caguas,PR,Puerto Rico
11735,Corporate,Richmond,TX,United States
11736,Corporate,Caguas,PR,Puerto Rico
11737,Corporate,Miami,FL,United States
11738,Corporate,Caguas,PR,Puerto Rico
11739,Consumer,La Puente,CA,United States
11740,Home Office,El Cajon,CA,United States
11741,Consumer,Roseville,MI,United States
11742,Consumer,San Sebastian,PR,Puerto Rico
11743,Consumer,Caguas,PR,Puerto Rico
11744,Home Office,West Orange,NJ,United States
11745,Home Office,Caguas,PR,Puerto Rico
11746,Corporate,Fresno,CA,United States
11747,Corporate,Las Vegas,NV,United States
11748,Corporate,Caguas,PR,Puerto Rico
11749,Consumer,Troy,NY,United States
11750,Consumer,Chicago,IL,United States
11751,Consumer,Caguas,PR,Puerto Rico
11752,Consumer,Hollywood,FL,United States
11753,Corporate,Opa Locka,FL,United States
11754,Corporate,Canton,MI,United States
11755,Consumer,Caguas,PR,Puerto Rico
11756,Consumer,Greeley,CO,United States
11757,Consumer,Caguas,PR,Puerto Rico
11758,Consumer,Bensalem,PA,United States
11759,Consumer,Caguas,PR,Puerto Rico
11760,Consumer,Ballwin,MO,United States
11761,Consumer,Caguas,PR,Puerto Rico
11762,Consumer,Tampa,FL,United States
11763,Consumer,Caguas,PR,Puerto Rico
11764,Consumer,Simi Valley,CA,United States
11765,Consumer,South El Monte,CA,United States
11766,Consumer,Caguas,PR,Puerto Rico
11767,Consumer,West Haven,CT,United States
11768,Consumer,Miami,FL,United States
11769,Consumer,Caguas,PR,Puerto Rico
11770,Consumer,Flushing,NY,United States
11771,Consumer,Caguas,PR,Puerto Rico
11772,Consumer,Bloomfield,NJ,United States
11773,Corporate,Caguas,PR,Puerto Rico
11774,Consumer,Lithonia,GA,United States
11775,Consumer,Atlanta,GA,United States
11776,Home Office,Caguas,PR,Puerto Rico
11777,Consumer,Roswell,NM,United States
11778,Consumer,San Diego,CA,United States
11779,Corporate,Rowland Heights,CA,United States
11780,Corporate,Caguas,PR,Puerto Rico
11781,Home Office,Marietta,GA,United States
11782,Home Office,Carolina,PR,Puerto Rico
11783,Home Office,Highland Park,MI,United States
11784,Home Office,Caguas,PR,Puerto Rico
11785,Home Office,Loveland,OH,United States
11786,Consumer,Caguas,PR,Puerto Rico
11787,Consumer,Bronx,NY,United States
11788,Consumer,Florissant,MO,United States
11789,Consumer,East Brunswick,NJ,United States
11790,Corporate,Caguas,PR,Puerto Rico
11791,Corporate,Riverside,CA,United States
11792,Corporate,Middletown,OH,United States
11793,Consumer,Caguas,PR,Puerto Rico
11794,Corporate,Brooklyn,NY,United States
11795,Home Office,Philadelphia,PA,United States
11796,Home Office,Caguas,PR,Puerto Rico
11797,Corporate,West Covina,CA,United States
11798,Home Office,Caguas,PR,Puerto Rico
11799,Home Office,Brooklyn,NY,United States
11800,Consumer,Caguas,PR,Puerto Rico
11801,Corporate,Chicago,IL,United States
11802,Corporate,Caguas,PR,Puerto Rico
11803,Consumer,Salina,KS,United States
11804,Consumer,Caguas,PR,Puerto Rico
11805,Consumer,Corona,NY,United States
11806,Corporate,West Lafayette,IN,United States
11807,Corporate,Marietta,GA,United States
11808,Consumer,Hollister,CA,United States
11809,Consumer,Jersey City,NJ,United States
11810,Consumer,Endicott,NY,United States
11811,Consumer,Caguas,PR,Puerto Rico
11812,Consumer,Medford,MA,United States
11813,Corporate,Caguas,PR,Puerto Rico
11814,Consumer,Phoenix,AZ,United States
11815,Home Office,Caguas,PR,Puerto Rico
11816,Home Office,New York,NY,United States
11817,Home Office,Knoxville,TN,United States
11818,Corporate,Caguas,PR,Puerto Rico
11819,Corporate,Honolulu,HI,United States
11820,Corporate,Caguas,PR,Puerto Rico
11821,Corporate,Bronx,NY,United States
11822,Corporate,Stamford,CT,United States
11823,Corporate,Englewood,CO,United States
11824,Consumer,Caguas,PR,Puerto Rico
11825,Consumer,Las Vegas,NV,United States
11826,Consumer,Caguas,PR,Puerto Rico
11827,Consumer,Hollywood,FL,United States
11828,Corporate,Cleveland,OH,United States
11829,Corporate,Caguas,PR,Puerto Rico
11830,Corporate,Pico Rivera,CA,United States
11831,Corporate,North Las Vegas,NV,United States
11832,Consumer,Hendersonville,TN,United States
11833,Consumer,Strongsville,OH,United States
11834,Consumer,Caguas,PR,Puerto Rico
11835,Consumer,Scottsdale,AZ,United States
11836,Consumer,Caguas,PR,Puerto Rico
11837,Consumer,Norwalk,CA,United States
11838,Consumer,Portland,OR,United States
11839,Consumer,Caguas,PR,Puerto Rico
11840,Consumer,Hayward,CA,United States
11841,Home Office,Lancaster,SC,United States
11842,Consumer,Caguas,PR,Puerto Rico
11843,Consumer,Las Vegas,NV,United States
11844,Consumer,Hollywood,FL,United States
11845,Home Office,Memphis,TN,United States
11846,Home Office,Caguas,PR,Puerto Rico
11847,Home Office,Charlotte,NC,United States
11848,Home Office,Caguas,PR,Puerto Rico
11849,Home Office,Bellingham,WA,United States
11850,Corporate,Caguas,PR,Puerto Rico
11851,Corporate,Guayama,PR,Puerto Rico
11852,Corporate,Caguas,PR,Puerto Rico
11853,Consumer,Columbus,GA,United States
11854,Corporate,New York,NY,United States
11855,Consumer,Columbus,OH,United States
11856,Consumer,Ventura,CA,United States
11857,Corporate,Caguas,PR,Puerto Rico
11858,Home Office,North Hills,CA,United States
11859,Home Office,Tucson,AZ,United States
11860,Home Office,New Haven,CT,United States
11861,Consumer,Saint Paul,MN,United States
11862,Consumer,Lutz,FL,United States
11863,Consumer,Caguas,PR,Puerto Rico
11864,Consumer,Panorama City,CA,United States
11865,Consumer,San Sebastian,PR,Puerto Rico
11866,Consumer,Caguas,PR,Puerto Rico
11867,Consumer,Chino,CA,United States
11868,Consumer,Canyon Country,CA,United States
11869,Corporate,Caguas,PR,Puerto Rico
11870,Corporate,San Diego,CA,United States
11871,Corporate,Clarksville,TN,United States
11872,Corporate,Fullerton,CA,United States
11873,Corporate,Caguas,PR,Puerto Rico
11874,Consumer,Elyria,OH,United States
11875,Consumer,Princeton,NJ,United States
11876,Home Office,Caguas,PR,Puerto Rico
11877,Home Office,San Francisco,CA,United States
11878,Home Office,San Ramon,CA,United States
11879,Home Office,Caguas,PR,Puerto Rico
11880,Consumer,Honolulu,HI,United States
11881,Consumer,Caguas,PR,Puerto Rico
11882,Corporate,Moreno Valley,CA,United States
11883,Corporate,Albuquerque,NM,United States
11884,Consumer,Caguas,PR,Puerto Rico
11885,Consumer,San Antonio,TX,United States
11886,Consumer,Las Vegas,NV,United States
11887,Consumer,Caguas,PR,Puerto Rico
11888,Corporate,Fullerton,CA,United States
11889,Consumer,Caguas,PR,Puerto Rico
11890,Consumer,Hesperia,CA,United States
11891,Corporate,Provo,UT,United States
11892,Corporate,Lodi,CA,United States
11893,Corporate,Caguas,PR,Puerto Rico
11894,Home Office,Canoga Park,CA,United States
11895,Consumer,Caguas,PR,Puerto Rico
11897,Consumer,Caguas,PR,Puerto Rico
11898,Corporate,Sanford,NC,United States
11899,Consumer,Mount Pleasant,MI,United States
11900,Consumer,Caguas,PR,Puerto Rico
11901,Consumer,Saint Louis,MO,United States
11902,Corporate,Caguas,PR,Puerto Rico
11903,Consumer,Berwyn,IL,United States
11904,Corporate,Washington,DC,United States
11905,Consumer,Caguas,PR,Puerto Rico
11906,Consumer,Aguadilla,PR,Puerto Rico
11907,Consumer,Newark,NJ,United States
11908,Corporate,Caguas,PR,Puerto Rico
11909,Corporate,Alameda,CA,United States
11910,Corporate,Woodbridge,VA,United States
11912,Corporate,Glendale,AZ,United States
11913,Corporate,Rio Grande,PR,Puerto Rico
11914,Consumer,Colorado Springs,CO,United States
11915,Consumer,Caguas,PR,Puerto Rico
11917,Corporate,Caguas,PR,Puerto Rico
11918,Corporate,Brooklyn,NY,United States
11919,Home Office,New York,NY,United States
11920,Corporate,Caguas,PR,Puerto Rico
11921,Corporate,Newark,NJ,United States
11922,Corporate,Hyattsville,MD,United States
11923,Corporate,Caguas,PR,Puerto Rico
11924,Corporate,Westminster,CA,United States
11925,Corporate,Tinley Park,IL,United States
11926,Corporate,Saint Paul,MN,United States
11927,Consumer,Caguas,PR,Puerto Rico
11928,Consumer,Bolingbrook,IL,United States
11929,Consumer,Caguas,PR,Puerto Rico
11930,Corporate,Detroit,MI,United States
11931,Corporate,Philadelphia,PA,United States
11932,Corporate,Lawton,OK,United States
11933,Corporate,Citrus Heights,CA,United States
11934,Corporate,Caguas,PR,Puerto Rico
11935,Consumer,Watsonville,CA,United States
11936,Consumer,Laguna Niguel,CA,United States
11937,Consumer,Aurora,CO,United States
11938,Consumer,Caguas,PR,Puerto Rico
11939,Consumer,Tinley Park,IL,United States
11940,Consumer,Caguas,PR,Puerto Rico
11941,Consumer,Cayey,PR,Puerto Rico
11942,Consumer,Caguas,PR,Puerto Rico
11943,Consumer,Detroit,MI,United States
11944,Consumer,Caguas,PR,Puerto Rico
11945,Consumer,Honolulu,HI,United States
11946,Corporate,Caguas,PR,Puerto Rico
11947,Consumer,Chicago,IL,United States
11948,Consumer,Santa Ana,CA,United States
11949,Home Office,Opelousas,LA,United States
11950,Home Office,Caguas,PR,Puerto Rico
11951,Home Office,Hamtramck,MI,United States
11952,Consumer,Caguas,PR,Puerto Rico
11953,Corporate,Mission,TX,United States
11954,Corporate,Davis,CA,United States
11955,Consumer,Dearborn,MI,United States
11956,Corporate,Caguas,PR,Puerto Rico
11957,Corporate,Cincinnati,OH,United States
11958,Corporate,Caguas,PR,Puerto Rico
11959,Corporate,Mesquite,TX,United States
11960,Corporate,Chesapeake,VA,United States
11961,Home Office,Aurora,IL,United States
11962,Home Office,Caguas,PR,Puerto Rico
11963,Consumer,Lombard,IL,United States
11964,Consumer,Caguas,PR,Puerto Rico
11965,Consumer,North Richland Hills,TX,United States
11966,Consumer,Caguas,PR,Puerto Rico
11967,Consumer,Daly City,CA,United States
11968,Consumer,Caguas,PR,Puerto Rico
11969,Consumer,Honolulu,HI,United States
11970,Corporate,Caguas,PR,Puerto Rico
11971,Corporate,Bensalem,PA,United States
11972,Corporate,Piscataway,NJ,United States
11973,Corporate,Brooklyn,NY,United States
11974,Corporate,Ventura,CA,United States
11975,Consumer,Caguas,PR,Puerto Rico
11976,Consumer,Detroit,MI,United States
11977,Corporate,Riverside,CA,United States
11978,Corporate,Caguas,PR,Puerto Rico
11979,Corporate,Madison,WI,United States
11981,Consumer,Baltimore,MD,United States
11982,Consumer,Caguas,PR,Puerto Rico
11983,Consumer,Chicago,IL,United States
11984,Corporate,Caguas,PR,Puerto Rico
11985,Corporate,Perth Amboy,NJ,United States
11986,Corporate,Caguas,PR,Puerto Rico
11987,Consumer,Norcross,GA,United States
11988,Consumer,Round Rock,TX,United States
11989,Consumer,Caguas,PR,Puerto Rico
11990,Home Office,Hialeah,FL,United States
11991,Consumer,Caguas,PR,Puerto Rico
11992,Corporate,Mentor,OH,United States
11993,Corporate,Dundalk,MD,United States
11994,Home Office,Madison,WI,United States
11995,Corporate,Caguas,PR,Puerto Rico
11996,Consumer,Westland,MI,United States
11997,Consumer,Caguas,PR,Puerto Rico
11998,Consumer,Montebello,CA,United States
11999,Consumer,Caguas,PR,Puerto Rico
12000,Consumer,Oceanside,CA,United States
12001,Consumer,Caguas,PR,Puerto Rico
12002,Corporate,Caguas,PR,Puerto Rico
12003,Home Office,Bakersfield,CA,United States
12004,Home Office,San Jose,CA,United States
12005,Consumer,Caguas,PR,Puerto Rico
12006,Consumer,Mesquite,TX,United States
12007,Corporate,Washington,DC,United States
12008,Corporate,Caguas,PR,Puerto Rico
12009,Corporate,Bronx,NY,United States
12010,Corporate,Del Rio,TX,United States
12011,Corporate,Caguas,PR,Puerto Rico
12012,Consumer,Antioch,CA,United States
12013,Consumer,Daly City,CA,United States
12014,Consumer,Manati,PR,Puerto Rico
12015,Corporate,Caguas,PR,Puerto Rico
12016,Corporate,Trujillo Alto,PR,Puerto Rico
12017,Home Office,Dearborn,MI,United States
12018,Consumer,Caguas,PR,Puerto Rico
12019,Consumer,Los Angeles,CA,United States
12020,Consumer,Pharr,TX,United States
12021,Consumer,Caguas,PR,Puerto Rico
12022,Consumer,Miami,FL,United States
12023,Consumer,New York,NY,United States
12024,Consumer,Caguas,PR,Puerto Rico
12025,Home Office,San Diego,CA,United States
12026,Home Office,Caguas,PR,Puerto Rico
12027,Consumer,Bell Gardens,CA,United States
12028,Home Office,Newark,NJ,United States
12029,Home Office,Caguas,PR,Puerto Rico
12030,Consumer,Placentia,CA,United States
12031,Corporate,Caguas,PR,Puerto Rico
12032,Consumer,Spring Valley,CA,United States
12033,Consumer,Caguas,PR,Puerto Rico
12034,Corporate,Simi Valley,CA,United States
12035,Consumer,Caguas,PR,Puerto Rico
12036,Consumer,Saint Charles,MO,United States
12037,Home Office,Caguas,PR,Puerto Rico
12038,Corporate,Fort Lauderdale,FL,United States
12039,Consumer,Caguas,PR,Puerto Rico
12040,Consumer,Harlingen,TX,United States
12041,Consumer,Florissant,MO,United States
12042,Consumer,Caguas,PR,Puerto Rico
12043,Corporate,Gaithersburg,MD,United States
12044,Corporate,Caguas,PR,Puerto Rico
12045,Consumer,Carlisle,PA,United States
12046,Corporate,Mesa,AZ,United States
12047,Corporate,Caguas,PR,Puerto Rico
12048,Corporate,Hamtramck,MI,United States
12049,Corporate,Caguas,PR,Puerto Rico
12050,Consumer,Bronx,NY,United States
12051,Consumer,Campbell,CA,United States
12052,Consumer,Caguas,PR,Puerto Rico
12053,Corporate,Long Beach,CA,United States
12054,Corporate,Westland,MI,United States
12055,Corporate,Orlando,FL,United States
12056,Home Office,Caguas,PR,Puerto Rico
12057,Home Office,Brooklyn,NY,United States
12058,Home Office,Washington,DC,United States
12059,Home Office,Caguas,PR,Puerto Rico
12060,Corporate,San Antonio,TX,United States
12061,Corporate,Caguas,PR,Puerto Rico
12062,Consumer,Michigan City,IN,United States
12063,Consumer,Fort Worth,TX,United States
12064,Corporate,Caguas,PR,Puerto Rico
12065,Consumer,Chicago,IL,United States
12066,Consumer,Union City,NJ,United States
12067,Home Office,Rowland Heights,CA,United States
12068,Consumer,Aurora,CO,United States
12069,Home Office,Caguas,PR,Puerto Rico
12070,Home Office,Endicott,NY,United States
12071,Home Office,Caguas,PR,Puerto Rico
12072,Consumer,Denver,CO,United States
12073,Consumer,Caguas,PR,Puerto Rico
12074,Consumer,Conway,AR,United States
12075,Home Office,Azusa,CA,United States
12076,Home Office,Tempe,AZ,United States
12077,Home Office,Caguas,PR,Puerto Rico
12078,Home Office,Moline,IL,United States
12079,Home Office,Caguas,PR,Puerto Rico
12080,Consumer,Baltimore,MD,United States
12081,Home Office,Opa Locka,FL,United States
12082,Consumer,Caguas,PR,Puerto Rico
12084,Home Office,Frankfort,KY,United States
12085,Consumer,Caguas,PR,Puerto Rico
12086,Consumer,El Monte,CA,United States
12087,Consumer,Cordova,TN,United States
12088,Consumer,Caguas,PR,Puerto Rico
12089,Consumer,Troy,MI,United States
12090,Consumer,Caguas,PR,Puerto Rico
12091,Consumer,Tampa,FL,United States
12092,Consumer,Caguas,PR,Puerto Rico
12093,Corporate,Rialto,CA,United States
12094,Corporate,Brooklyn,NY,United States
12095,Consumer,Greenville,NC,United States
12096,Consumer,Caguas,PR,Puerto Rico
12097,Consumer,San Jose,CA,United States
12098,Consumer,San Jose,CA,United States
12099,Consumer,Caguas,PR,Puerto Rico
12100,Corporate,Chicago,IL,United States
12101,Corporate,Highland,CA,United States
12102,Corporate,Caguas,PR,Puerto Rico
12103,Consumer,San Benito,TX,United States
12104,Corporate,Caguas,PR,Puerto Rico
12105,Consumer,Los Angeles,CA,United States
12106,Corporate,Los Angeles,CA,United States
12107,Consumer,Caguas,PR,Puerto Rico
12108,Consumer,Hilliard,OH,United States
12109,Consumer,Mission Viejo,CA,United States
12110,Consumer,Caguas,PR,Puerto Rico
12111,Consumer,Santa Cruz,CA,United States
12112,Consumer,Caguas,PR,Puerto Rico
12113,Corporate,Baltimore,MD,United States
12114,Consumer,Caguas,PR,Puerto Rico
12115,Consumer,Mission,TX,United States
12116,Consumer,West Lafayette,IN,United States
12117,Home Office,Caguas,PR,Puerto Rico
12118,Home Office,Orlando,FL,United States
12119,Consumer,Caguas,PR,Puerto Rico
12120,Consumer,Pompano Beach,FL,United States
12121,Corporate,Caguas,PR,Puerto Rico
12122,Corporate,Cleveland,OH,United States
12123,Consumer,Caguas,PR,Puerto Rico
12125,Consumer,Tucson,AZ,United States
12126,Home Office,East Lansing,MI,United States
12127,Home Office,Cumberland,MD,United States
12128,Corporate,Caguas,PR,Puerto Rico
12129,Consumer,Bronx,NY,United States
12130,Home Office,Rock Hill,SC,United States
12131,Home Office,Everett,WA,United States
12132,Corporate,Caguas,PR,Puerto Rico
12133,Corporate,Mililani,HI,United States
12134,Corporate,Caguas,PR,Puerto Rico
12135,Corporate,Chicago,IL,United States
12136,Corporate,Los Angeles,CA,United States
12137,Corporate,Washington,DC,United States
12138,Corporate,Caguas,PR,Puerto Rico
12139,Home Office,Brooklyn,NY,United States
12140,Consumer,Caguas,PR,Puerto Rico
12141,Corporate,Chicago,IL,United States
12142,Consumer,Encinitas,CA,United States
12143,Consumer,Caguas,PR,Puerto Rico
12144,Consumer,Los Angeles,CA,United States
12145,Consumer,Caguas,PR,Puerto Rico
12146,Corporate,Houston,TX,United States
12147,Corporate,Caguas,PR,Puerto Rico
12148,Corporate,Tempe,AZ,United States
12149,Corporate,Caguas,PR,Puerto Rico
12150,Home Office,Dallas,TX,United States
12151,Home Office,Caguas,PR,Puerto Rico
12152,Home Office,Harlingen,TX,United States
12153,Home Office,Modesto,CA,United States
12154,Consumer,Caguas,PR,Puerto Rico
12155,Home Office,Raleigh,NC,United States
12156,Consumer,Caguas,PR,Puerto Rico
12157,Consumer,Jacksonville,NC,United States
12158,Consumer,Caguas,PR,Puerto Rico
12159,Consumer,Pasadena,MD,United States
12160,Home Office,Caguas,PR,Puerto Rico
12161,Consumer,Yuma,AZ,United States
12162,Home Office,North Hollywood,CA,United States
12163,Consumer,Caguas,PR,Puerto Rico
12164,Consumer,Los Angeles,CA,United States
12165,Corporate,Caguas,PR,Puerto Rico
12166,Corporate,Phoenix,AZ,United States
12167,Corporate,Caguas,PR,Puerto Rico
12168,Corporate,Bronx,NY,United States
12169,Corporate,Mesquite,TX,United States
12170,Consumer,Caguas,PR,Puerto Rico
12171,Consumer,Chicago,IL,United States
12172,Home Office,Aurora,CO,United States
12173,Corporate,Caguas,PR,Puerto Rico
12174,Corporate,Detroit,MI,United States
12176,Consumer,Caguas,PR,Puerto Rico
12177,Consumer,Bronx,NY,United States
12178,Consumer,Irving,TX,United States
12179,Corporate,Caguas,PR,Puerto Rico
12180,Consumer,Zanesville,OH,United States
12181,Consumer,Caguas,PR,Puerto Rico
12183,Corporate,Caguas,PR,Puerto Rico
12184,Corporate,Hayward,CA,United States
12185,Consumer,Caguas,PR,Puerto Rico
12186,Consumer,Flushing,NY,United States
12187,Consumer,Fayetteville,NC,United States
12188,Consumer,Caguas,PR,Puerto Rico
12189,Consumer,Ann Arbor,MI,United States
12191,Consumer,Caguas,PR,Puerto Rico
12192,Consumer,San Diego,CA,United States
12193,Consumer,Los Angeles,CA,United States
12194,Consumer,Chicago,IL,United States
12195,Corporate,Caguas,PR,Puerto Rico
12196,Corporate,Cicero,IL,United States
12197,Consumer,Pawtucket,RI,United States
12198,Consumer,Oviedo,FL,United States
12199,Consumer,Caguas,PR,Puerto Rico
12200,Consumer,San Diego,CA,United States
12201,Consumer,Dorchester Center,MA,United States
12202,Home Office,Philadelphia,PA,United States
12203,Home Office,Caguas,PR,Puerto Rico
12204,Home Office,Los Angeles,CA,United States
12205,Corporate,Chicago,IL,United States
12206,Corporate,New York,NY,United States
12207,Corporate,Austin,TX,United States
12208,Corporate,Caguas,PR,Puerto Rico
12209,Home Office,Rio Rancho,NM,United States
12210,Home Office,Elgin,IL,United States
12211,Consumer,Caguas,PR,Puerto Rico
12212,Consumer,New York,NY,United States
12213,Consumer,Algonquin,IL,United States
12214,Consumer,Tallahassee,FL,United States
12215,Consumer,Caguas,PR,Puerto Rico
12216,Consumer,Visalia,CA,United States
12217,Consumer,Caguas,PR,Puerto Rico
12218,Consumer,Lakewood,OH,United States
12219,Home Office,Caguas,PR,Puerto Rico
12220,Home Office,Chicago,IL,United States
12221,Home Office,Caguas,PR,Puerto Rico
12222,Home Office,Wyandotte,MI,United States
12223,Home Office,Caguas,PR,Puerto Rico
12224,Home Office,Philadelphia,PA,United States
12225,Corporate,Caguas,PR,Puerto Rico
12226,Consumer,Staten Island,NY,United States
12227,Consumer,Santa Maria,CA,United States
12228,Consumer,Caguas,PR,Puerto Rico
12229,Consumer,Chicago,IL,United States
12230,Consumer,Annandale,VA,United States
12231,Corporate,Caguas,PR,Puerto Rico
12232,Corporate,Brooklyn,NY,United States
12233,Consumer,Chicago,IL,United States
12234,Corporate,Caguas,PR,Puerto Rico
12235,Consumer,Winnetka,CA,United States
12236,Consumer,Caguas,PR,Puerto Rico
12237,Consumer,Pompano Beach,FL,United States
12238,Consumer,Caguas,PR,Puerto Rico
12239,Consumer,Las Cruces,NM,United States
12240,Consumer,Caguas,PR,Puerto Rico
12241,Home Office,Santa Cruz,CA,United States
12242,Home Office,Caguas,PR,Puerto Rico
12243,Consumer,Brooklyn,NY,United States
12244,Consumer,Caguas,PR,Puerto Rico
12245,Consumer,Anaheim,CA,United States
12246,Consumer,Pompano Beach,FL,United States
12247,Consumer,Caguas,PR,Puerto Rico
12248,Consumer,San Diego,CA,United States
12249,Consumer,Miami,FL,United States
12250,Consumer,Caguas,PR,Puerto Rico
12251,Consumer,Los Angeles,CA,United States
12252,Consumer,Caguas,PR,Puerto Rico
12253,Consumer,Carlisle,PA,United States
12254,Consumer,Caguas,PR,Puerto Rico
12255,Consumer,Ontario,CA,United States
12256,Consumer,Summerville,SC,United States
12257,Consumer,Pompano Beach,FL,United States
12258,Consumer,Caguas,PR,Puerto Rico
12259,Home Office,Dundalk,MD,United States
12260,Home Office,Muskegon,MI,United States
12261,Consumer,Sheboygan,WI,United States
12262,Consumer,Caguas,PR,Puerto Rico
12263,Consumer,Roswell,NM,United States
12264,Consumer,Caguas,PR,Puerto Rico
12265,Corporate,Sacramento,CA,United States
12266,Home Office,Caguas,PR,Puerto Rico
12267,Home Office,Nashville,TN,United States
12268,Corporate,Fresno,CA,United States
12269,Consumer,Seattle,WA,United States
12270,Consumer,Caguas,PR,Puerto Rico
12271,Consumer,Ontario,CA,United States
12272,Consumer,Tempe,AZ,United States
12273,Consumer,Caguas,PR,Puerto Rico
12274,Corporate,Staten Island,NY,United States
12275,Home Office,Modesto,CA,United States
12276,Consumer,Caguas,PR,Puerto Rico
12277,Consumer,Pacoima,CA,United States
12278,Consumer,Philadelphia,PA,United States
12279,Consumer,Caguas,PR,Puerto Rico
12280,Consumer,Tallahassee,FL,United States
12281,Consumer,Louisville,KY,United States
12282,Consumer,Caguas,PR,Puerto Rico
12283,Consumer,San Juan,PR,Puerto Rico
12284,Consumer,New Haven,CT,United States
12285,Consumer,Caguas,PR,Puerto Rico
12286,Consumer,Baltimore,MD,United States
12287,Consumer,Caguas,PR,Puerto Rico
12288,Consumer,Algonquin,IL,United States
12289,Consumer,Caguas,PR,Puerto Rico
12290,Consumer,Enfield,CT,United States
12291,Consumer,Caguas,PR,Puerto Rico
12292,Consumer,Spring Valley,CA,United States
12293,Consumer,Las Vegas,NV,United States
12294,Consumer,Mission Viejo,CA,United States
12295,Corporate,Caguas,PR,Puerto Rico
12296,Consumer,Orlando,FL,United States
12297,Consumer,Lenoir,NC,United States
12298,Consumer,Caguas,PR,Puerto Rico
12299,Consumer,Chicago,IL,United States
12300,Consumer,Roswell,GA,United States
12301,Consumer,Caguas,PR,Puerto Rico
12302,Corporate,Austin,TX,United States
12303,Corporate,Caguas,PR,Puerto Rico
12304,Consumer,Pasadena,MD,United States
12305,Consumer,Caguas,PR,Puerto Rico
12306,Consumer,Goose Creek,SC,United States
12307,Consumer,Caguas,PR,Puerto Rico
12308,Consumer,Chicago,IL,United States
12309,Consumer,Chicago,IL,United States
12310,Consumer,Caguas,PR,Puerto Rico
12311,Corporate,Los Angeles,CA,United States
12312,Corporate,Gaithersburg,MD,United States
12313,Corporate,Chandler,AZ,United States
12314,Consumer,Caguas,PR,Puerto Rico
12316,Consumer,Chicago,IL,United States
12317,Consumer,Caguas,PR,Puerto Rico
12318,Consumer,Saint Paul,MN,United States
12319,Consumer,Caguas,PR,Puerto Rico
12320,Consumer,Elyria,OH,United States
12321,Consumer,Pasadena,MD,United States
12322,Consumer,Caguas,PR,Puerto Rico
12323,Home Office,San Antonio,TX,United States
12324,Home Office,Caguas,PR,Puerto Rico
12325,Home Office,Baltimore,MD,United States
12326,Home Office,Los Angeles,CA,United States
12327,Corporate,Caguas,PR,Puerto Rico
12328,Consumer,Tempe,AZ,United States
12329,Corporate,Caguas,PR,Puerto Rico
12330,Consumer,Modesto,CA,United States
12331,Consumer,Wheeling,WV,United States
12332,Consumer,Richmond,VA,United States
12333,Consumer,Caguas,PR,Puerto Rico
12334,Consumer,Lancaster,CA,United States
12335,Consumer,Knoxville,TN,United States
12336,Consumer,Caguas,PR,Puerto Rico
12337,Consumer,Chicago,IL,United States
12338,Consumer,Phoenix,AZ,United States
12339,Corporate,Honolulu,HI,United States
12340,Corporate,Caguas,PR,Puerto Rico
12341,Corporate,Norcross,GA,United States
12342,Consumer,Caguas,PR,Puerto Rico
12343,Consumer,Miami,FL,United States
12344,Consumer,Aurora,CO,United States
12345,Consumer,Caguas,PR,Puerto Rico
12346,Home Office,Santa Clara,CA,United States
12347,Home Office,Daly City,CA,United States
12348,Home Office,Rochester,NY,United States
12349,Consumer,Caguas,PR,Puerto Rico
12350,Consumer,Chicago,IL,United States
12351,Corporate,Bowling Green,KY,United States
12352,Consumer,Caguas,PR,Puerto Rico
12353,Corporate,Hollywood,FL,United States
12354,Consumer,Caguas,PR,Puerto Rico
12355,Consumer,Lombard,IL,United States
12356,Consumer,Caguas,PR,Puerto Rico
12357,Consumer,Morristown,NJ,United States
12358,Home Office,Caguas,PR,Puerto Rico
12359,Home Office,Bronx,NY,United States
12360,Consumer,Chicago,IL,United States
12361,Consumer,Caguas,PR,Puerto Rico
12362,Consumer,Tucson,AZ,United States
12363,Consumer,Caguas,PR,Puerto Rico
12364,Consumer,Atlanta,GA,United States
12365,Home Office,Caguas,PR,Puerto Rico
12366,Consumer,Saint Paul,MN,United States
12368,Consumer,Fresno,CA,United States
12369,Consumer,Spokane,WA,United States
12370,Consumer,Caguas,PR,Puerto Rico
12371,Consumer,San Diego,CA,United States
12372,Consumer,Caguas,PR,Puerto Rico
12373,Home Office,Chicago,IL,United States
12374,Home Office,Bend,OR,United States
12375,Consumer,Caguas,PR,Puerto Rico
12376,Corporate,San Francisco,CA,United States
12377,Corporate,Caguas,PR,Puerto Rico
12378,Corporate,Eugene,OR,United States
12379,Corporate,Caguas,PR,Puerto Rico
12380,Corporate,Henrico,VA,United States
12381,Corporate,Austin,TX,United States
12382,Consumer,Caguas,PR,Puerto Rico
12383,Consumer,North Tonawanda,NY,United States
12384,Consumer,Caguas,PR,Puerto Rico
12385,Consumer,Henrico,VA,United States
12386,Consumer,Caguas,PR,Puerto Rico
12387,Consumer,Irwin,PA,United States
12388,Consumer,Caguas,PR,Puerto Rico
12389,Consumer,Arecibo,PR,Puerto Rico
12390,Consumer,Las Vegas,NV,United States
12391,Home Office,Caguas,PR,Puerto Rico
12393,Consumer,Manati,PR,Puerto Rico
12394,Home Office,Caguas,PR,Puerto Rico
12395,Home Office,Provo,UT,United States
12396,Corporate,Caguas,PR,Puerto Rico
12397,Corporate,Dearborn,MI,United States
12398,Corporate,Caguas,PR,Puerto Rico
12399,Corporate,Valrico,FL,United States
12400,Corporate,Caguas,PR,Puerto Rico
12401,Consumer,Los Angeles,CA,United States
12402,Consumer,Caguas,PR,Puerto Rico
12403,Consumer,Cypress,CA,United States
12404,Corporate,Caguas,PR,Puerto Rico
12405,Corporate,Lawton,OK,United States
12406,Corporate,Caguas,PR,Puerto Rico
12407,Corporate,Philadelphia,PA,United States
12408,Corporate,Fort Worth,TX,United States
12409,Consumer,Caguas,PR,Puerto Rico
12410,Consumer,Sandusky,OH,United States
12411,Consumer,Caguas,PR,Puerto Rico
12412,Consumer,Wheaton,IL,United States
12413,Consumer,Caguas,PR,Puerto Rico
12414,Consumer,Chicago,IL,United States
12415,Consumer,Caguas,PR,Puerto Rico
12416,Consumer,Bronx,NY,United States
12417,Consumer,Massapequa,NY,United States
12418,Consumer,Caguas,PR,Puerto Rico
12419,Consumer,Greensburg,PA,United States
12420,Home Office,Caguas,PR,Puerto Rico
12421,Consumer,Middletown,CT,United States
12422,Consumer,Caguas,PR,Puerto Rico
12423,Corporate,Palmdale,CA,United States
12424,Consumer,San Diego,CA,United States
12425,Consumer,Caguas,PR,Puerto Rico
12426,Consumer,Brooklyn,NY,United States
12427,Corporate,Plano,TX,United States
12428,Corporate,Caguas,PR,Puerto Rico
12429,Home Office,Gardena,CA,United States
12430,Corporate,Caguas,PR,Puerto Rico
12431,Corporate,Kaneohe,HI,United States
12432,Home Office,Caguas,PR,Puerto Rico
12433,Consumer,Levittown,NY,United States
12434,Home Office,Caguas,PR,Puerto Rico
12435,Home Office,Summerville,SC,United States
12436,Consumer,Brownsville,TX,United States
12437,Consumer,Brownsville,TX,United States
12438,Corporate,Littleton,CO,United States
12440,Corporate,San Marcos,CA,United States
12441,Corporate,Caguas,PR,Puerto Rico
12442,Corporate,Passaic,NJ,United States
12443,Corporate,Caguas,PR,Puerto Rico
12444,Corporate,Lawrence,MA,United States
12445,Home Office,Caguas,PR,Puerto Rico
12446,Consumer,Stafford,VA,United States
12447,Consumer,Caguas,PR,Puerto Rico
12448,Consumer,San Antonio,TX,United States
12449,Consumer,Caguas,PR,Puerto Rico
12450,Corporate,Pico Rivera,CA,United States
12451,Corporate,Fontana,CA,United States
12452,Corporate,Caguas,PR,Puerto Rico
12453,Consumer,Taylor,MI,United States
12454,Corporate,Martinez,CA,United States
12455,Consumer,Caguas,PR,Puerto Rico
12456,Consumer,West New York,NJ,United States
12457,Consumer,Caguas,PR,Puerto Rico
12458,Consumer,North Bergen,NJ,United States
12459,Consumer,San Juan,PR,Puerto Rico
12460,Consumer,Caguas,PR,Puerto Rico
12461,Consumer,Peoria,AZ,United States
12462,Home Office,Glenview,IL,United States
12463,Home Office,Caguas,PR,Puerto Rico
12464,Home Office,Longview,WA,United States
12465,Home Office,Fort Worth,TX,United States
12466,Home Office,Caguas,PR,Puerto Rico
12467,Home Office,Albuquerque,NM,United States
12468,Home Office,Caguas,PR,Puerto Rico
12469,Consumer,Norfolk,VA,United States
12470,Consumer,Caguas,PR,Puerto Rico
12471,Consumer,Oceanside,CA,United States
12472,Corporate,Caguas,PR,Puerto Rico
12473,Home Office,Norfolk,VA,United States
12474,Home Office,Opelousas,LA,United States
12475,Consumer,Caguas,PR,Puerto Rico
12476,Home Office,Long Beach,CA,United States
12477,Home Office,Brooklyn,NY,United States
12478,Home Office,Duluth,GA,United States
12479,Consumer,Caguas,PR,Puerto Rico
12480,Consumer,Napa,CA,United States
12481,Corporate,Denver,CO,United States
12482,Corporate,Freeport,NY,United States
12483,Corporate,Caguas,PR,Puerto Rico
12484,Corporate,Strongsville,OH,United States
12485,Corporate,Caguas,PR,Puerto Rico
12486,Corporate,San Bernardino,CA,United States
12487,Corporate,Caguas,PR,Puerto Rico
12488,Home Office,Chicago,IL,United States
12489,Home Office,Roswell,GA,United States
12490,Corporate,Caguas,PR,Puerto Rico
12491,Consumer,Phoenix,AZ,United States
12492,Consumer,Caguas,PR,Puerto Rico
12493,Corporate,Baltimore,MD,United States
12494,Home Office,Caguas,PR,Puerto Rico
12495,Consumer,Sunnyvale,CA,United States
12496,Consumer,Webster,NY,United States
12497,Consumer,Caguas,PR,Puerto Rico
12498,Consumer,Brooklyn,NY,United States
12499,Corporate,Caguas,PR,Puerto Rico
12500,Home Office,Chicago,IL,United States
12501,Corporate,Princeton,NJ,United States
12502,Home Office,Caguas,PR,Puerto Rico
12503,Corporate,Chicago,IL,United States
12504,Corporate,Peoria,AZ,United States
12505,Corporate,Caguas,PR,Puerto Rico
12506,Home Office,Los Angeles,CA,United States
12507,Home Office,Philadelphia,PA,United States
12508,Corporate,Vista,CA,United States
12509,Corporate,Caguas,PR,Puerto Rico
12510,Corporate,Jacksonville,NC,United States
12511,Corporate,Caguas,PR,Puerto Rico
12512,Consumer,Los Angeles,CA,United States
12513,Consumer,Caguas,PR,Puerto Rico
12514,Home Office,Parkville,MD,United States
12515,Corporate,Knoxville,TN,United States
12516,Corporate,Caguas,PR,Puerto Rico
12517,Corporate,Ithaca,NY,United States
12518,Corporate,San Antonio,TX,United States
12519,Consumer,Caguas,PR,Puerto Rico
12520,Corporate,Tampa,FL,United States
12521,Corporate,Caguas,PR,Puerto Rico
12522,Consumer,Fort Worth,TX,United States
12523,Consumer,Caguas,PR,Puerto Rico
12524,Consumer,Atlanta,GA,United States
12525,Home Office,Escondido,CA,United States
12526,Home Office,Caguas,PR,Puerto Rico
12527,Corporate,Spring,TX,United States
12528,Consumer,Caguas,PR,Puerto Rico
12529,Consumer,Annapolis,MD,United States
12530,Consumer,Caguas,PR,Puerto Rico
12531,Corporate,Hyattsville,MD,United States
12532,Corporate,Caguas,PR,Puerto Rico
12533,Consumer,Phoenix,AZ,United States
12534,Corporate,Caguas,PR,Puerto Rico
12535,Corporate,Las Vegas,NV,United States
12536,Corporate,Caguas,PR,Puerto Rico
12537,Corporate,Dorchester Center,MA,United States
12538,Consumer,Caguas,PR,Puerto Rico
12539,Consumer,Broomfield,CO,United States
12540,Consumer,Saint Paul,MN,United States
12541,Consumer,Caguas,PR,Puerto Rico
12542,Consumer,Napa,CA,United States
12543,Consumer,Caguas,PR,Puerto Rico
12544,Corporate,Bronx,NY,United States
12545,Consumer,Caguas,PR,Puerto Rico
12546,Consumer,Beaverton,OR,United States
12547,Consumer,Caguas,PR,Puerto Rico
12548,Consumer,Middletown,OH,United States
12549,Consumer,Caguas,PR,Puerto Rico
12550,Consumer,Bellflower,CA,United States
12551,Corporate,West Covina,CA,United States
12552,Corporate,Caguas,PR,Puerto Rico
12553,Corporate,La Crosse,WI,United States
12554,Corporate,Ogden,UT,United States
12555,Home Office,Caguas,PR,Puerto Rico
12556,Home Office,Bronx,NY,United States
12557,Home Office,Caguas,PR,Puerto Rico
12558,Consumer,Cincinnati,OH,United States
12559,Corporate,Bend,OR,United States
12560,Consumer,Caguas,PR,Puerto Rico
12561,Consumer,Oxnard,CA,United States
12562,Corporate,Amarillo,TX,United States
12563,Home Office,Caguas,PR,Puerto Rico
12564,Consumer,Augusta,GA,United States
12565,Consumer,Caguas,PR,Puerto Rico
12566,Corporate,Aurora,IL,United States
12567,Corporate,Methuen,MA,United States
12568,Consumer,Caguas,PR,Puerto Rico
12569,Corporate,Brooklyn,NY,United States
12570,Home Office,Brooklyn,NY,United States
12571,Consumer,Caguas,PR,Puerto Rico
12572,Corporate,Lynn,MA,United States
12573,Corporate,Broken Arrow,OK,United States
12574,Consumer,Caguas,PR,Puerto Rico
12575,Consumer,San Diego,CA,United States
12576,Consumer,Caguas,PR,Puerto Rico
12577,Consumer,Brooklyn,NY,United States
12578,Consumer,Opa Locka,FL,United States
12579,Corporate,Caguas,PR,Puerto Rico
12580,Consumer,Bronx,NY,United States
12581,Consumer,Dayton,OH,United States
12582,Consumer,Caguas,PR,Puerto Rico
12583,Consumer,Hanover,PA,United States
12584,Consumer,Caguas,PR,Puerto Rico
12585,Consumer,Colton,CA,United States
12586,Consumer,Union,NJ,United States
12587,Consumer,Richmond,TX,United States
12588,Consumer,Caguas,PR,Puerto Rico
12589,Consumer,Hollywood,FL,United States
12590,Consumer,Brandon,FL,United States
12591,Corporate,Caguas,PR,Puerto Rico
12592,Corporate,Los Angeles,CA,United States
12593,Corporate,Citrus Heights,CA,United States
12594,Corporate,Caguas,PR,Puerto Rico
12595,Corporate,Corona,NY,United States
12596,Corporate,Brooklyn,NY,United States
12597,Consumer,Hialeah,FL,United States
12598,Corporate,Caguas,PR,Puerto Rico
12599,Home Office,Rio Rancho,NM,United States
12600,Home Office,Caguas,PR,Puerto Rico
12601,Home Office,Antioch,CA,United States
12602,Home Office,Florissant,MO,United States
12603,Consumer,Columbus,OH,United States
12604,Consumer,Caguas,PR,Puerto Rico
12605,Corporate,Bronx,NY,United States
12606,Home Office,Broomfield,CO,United States
12607,Home Office,Caguas,PR,Puerto Rico
12608,Corporate,Chino,CA,United States
12609,Home Office,Lombard,IL,United States
12610,Consumer,Caguas,PR,Puerto Rico
12611,Consumer,Los Angeles,CA,United States
12612,Home Office,Dundalk,MD,United States
12613,Home Office,Caguas,PR,Puerto Rico
12614,Home Office,Waukegan,IL,United States
12615,Home Office,Los Angeles,CA,United States
12616,Corporate,Caguas,PR,Puerto Rico
12617,Home Office,Irwin,PA,United States
12618,Consumer,Caguas,PR,Puerto Rico
12619,Consumer,Hayward,CA,United States
12620,Consumer,Lindenhurst,NY,United States
12621,Consumer,Louisville,KY,United States
12622,Consumer,Caguas,PR,Puerto Rico
12623,Corporate,Antioch,CA,United States
12624,Home Office,Los Angeles,CA,United States
12625,Corporate,San Marcos,TX,United States
12626,Corporate,Caguas,PR,Puerto Rico
12627,Home Office,Portland,OR,United States
12628,Home Office,Caguas,PR,Puerto Rico
12629,Corporate,Gaithersburg,MD,United States
12630,Consumer,Caguas,PR,Puerto Rico
12631,Corporate,Modesto,CA,United States
12632,Corporate,Dearborn,MI,United States
12633,Consumer,Caguas,PR,Puerto Rico
12634,Corporate,Lancaster,PA,United States
12635,Corporate,Caguas,PR,Puerto Rico
12636,Corporate,Lynn,MA,United States
12637,Consumer,Jacksonville,FL,United States
12638,Consumer,Caguas,PR,Puerto Rico
12639,Corporate,Phoenix,AZ,United States
12640,Corporate,Las Vegas,NV,United States
12641,Consumer,Caguas,PR,Puerto Rico
12642,Consumer,Pompano Beach,FL,United States
12643,Consumer,Caguas,PR,Puerto Rico
12644,Consumer,Bayamon,PR,Puerto Rico
12645,Consumer,Fort Worth,TX,United States
12646,Consumer,Caguas,PR,Puerto Rico
12647,Consumer,Lawrenceville,GA,United States
12648,Consumer,South Ozone Park,NY,United States
12649,Consumer,Enfield,CT,United States
12650,Consumer,Caguas,PR,Puerto Rico
12651,Consumer,Flushing,NY,United States
12652,Consumer,Visalia,CA,United States
12653,Corporate,Caguas,PR,Puerto Rico
12654,Corporate,La Puente,CA,United States
12655,Corporate,Denver,CO,United States
12656,Corporate,Salinas,CA,United States
12657,Corporate,Columbus,OH,United States
12658,Corporate,Carol Stream,IL,United States
12659,Corporate,Caguas,PR,Puerto Rico
12660,Corporate,Wheeling,WV,United States
12661,Consumer,Caguas,PR,Puerto Rico
12662,Consumer,Oxnard,CA,United States
12663,Consumer,Tempe,AZ,United States
12664,Consumer,Caguas,PR,Puerto Rico
12665,Consumer,Jacksonville,FL,United States
12666,Consumer,Caguas,PR,Puerto Rico
12667,Consumer,Wyoming,MI,United States
12668,Corporate,Caguas,PR,Puerto Rico
12669,Corporate,Glendale,AZ,United States
12670,Corporate,Miami,FL,United States
12671,Home Office,Piscataway,NJ,United States
12672,Home Office,Caguas,PR,Puerto Rico
12673,Home Office,San Jose,CA,United States
12674,Home Office,Caguas,PR,Puerto Rico
12675,Home Office,Mcallen,TX,United States
12676,Home Office,Caguas,PR,Puerto Rico
12677,Home Office,Hamilton,OH,United States
12678,Home Office,Mililani,HI,United States
12679,Home Office,Caguas,PR,Puerto Rico
12680,Home Office,Long Beach,CA,United States
12681,Corporate,Yonkers,NY,United States
12682,Consumer,Oak Lawn,IL,United States
12683,Consumer,Caguas,PR,Puerto Rico
12684,Home Office,Houston,TX,United States
12685,Home Office,Portland,OR,United States
12686,Home Office,Caguas,PR,Puerto Rico
12687,Home Office,Saint Paul,MN,United States
12688,Consumer,Richardson,TX,United States
12689,Corporate,Caguas,PR,Puerto Rico
12690,Consumer,San Antonio,TX,United States
12691,Consumer,Caguas,PR,Puerto Rico
12692,Consumer,Chicago,IL,United States
12693,Consumer,Humacao,PR,Puerto Rico
12694,Corporate,Philadelphia,PA,United States
12695,Home Office,Caguas,PR,Puerto Rico
12696,Consumer,North Hollywood,CA,United States
12697,Consumer,Cerritos,CA,United States
12698,Consumer,Chicago,IL,United States
12699,Corporate,Caguas,PR,Puerto Rico
12700,Corporate,Goleta,CA,United States
12701,Corporate,Dubuque,IA,United States
12702,Corporate,Caguas,PR,Puerto Rico
12703,Consumer,Columbus,OH,United States
12704,Consumer,Caguas,PR,Puerto Rico
12705,Consumer,Chicago,IL,United States
12706,Consumer,Caguas,PR,Puerto Rico
12707,Corporate,Fremont,CA,United States
12708,Home Office,Caguas,PR,Puerto Rico
12709,Corporate,Jamaica,NY,United States
12710,Home Office,San Antonio,TX,United States
12711,Home Office,Caguas,PR,Puerto Rico
12712,Home Office,West Covina,CA,United States
12713,Home Office,Caguas,PR,Puerto Rico
12714,Consumer,Brooklyn,NY,United States
12715,Consumer,Bayamon,PR,Puerto Rico
12716,Consumer,Caguas,PR,Puerto Rico
12717,Consumer,Juana Diaz,PR,Puerto Rico
12718,Consumer,Caguas,PR,Puerto Rico
12719,Consumer,Wilmington,CA,United States
12720,Consumer,Caguas,PR,Puerto Rico
12721,Consumer,Lancaster,CA,United States
12722,Consumer,Santa Cruz,CA,United States
12723,Consumer,Caguas,PR,Puerto Rico
12724,Home Office,San Juan,PR,Puerto Rico
12725,Home Office,Morristown,NJ,United States
12726,Corporate,Caguas,PR,Puerto Rico
12727,Corporate,Bristol,CT,United States
12728,Home Office,Columbus,OH,United States
12729,Consumer,Caguas,PR,Puerto Rico
12730,Corporate,Newark,DE,United States
12731,Corporate,Caguas,PR,Puerto Rico
12732,Corporate,Detroit,MI,United States
12733,Home Office,Caguas,PR,Puerto Rico
12734,Home Office,Chicago,IL,United States
12735,Corporate,Troy,MI,United States
12736,Consumer,Plano,TX,United States
12737,Consumer,Caguas,PR,Puerto Rico
12738,Consumer,Fullerton,CA,United States
12739,Consumer,Caguas,PR,Puerto Rico
12740,Home Office,New Haven,CT,United States
12741,Consumer,Caguas,PR,Puerto Rico
12742,Consumer,Phoenix,AZ,United States
12743,Corporate,Baltimore,MD,United States
12744,Corporate,South Ozone Park,NY,United States
12745,Consumer,Caguas,PR,Puerto Rico
12746,Consumer,York,PA,United States
12747,Consumer,Austin,TX,United States
12748,Corporate,Houston,TX,United States
12749,Consumer,Caguas,PR,Puerto Rico
12750,Corporate,Milwaukee,WI,United States
12751,Corporate,Modesto,CA,United States
12752,Consumer,Caguas,PR,Puerto Rico
12753,Consumer,Wayne,NJ,United States
12754,Consumer,Caguas,PR,Puerto Rico
12755,Consumer,Chicago,IL,United States
12756,Corporate,Chicago,IL,United States
12757,Corporate,Ann Arbor,MI,United States
12758,Corporate,Caguas,PR,Puerto Rico
12759,Corporate,New York,NY,United States
12760,Corporate,Pico Rivera,CA,United States
12761,Corporate,Washington,DC,United States
12762,Consumer,Caguas,PR,Puerto Rico
12763,Consumer,Carrollton,TX,United States
12764,Corporate,Caguas,PR,Puerto Rico
12765,Corporate,Miami,FL,United States
12766,Corporate,Caguas,PR,Puerto Rico
12767,Corporate,Tempe,AZ,United States
12768,Consumer,Placentia,CA,United States
12769,Consumer,Caguas,PR,Puerto Rico
12770,Consumer,Tracy,CA,United States
12771,Corporate,Caguas,PR,Puerto Rico
12772,Corporate,New York,NY,United States
12773,Corporate,New Haven,CT,United States
12774,Corporate,Caguas,PR,Puerto Rico
12775,Corporate,Long Beach,CA,United States
12776,Corporate,Denton,TX,United States
12777,Consumer,Carlsbad,CA,United States
12778,Corporate,Caguas,PR,Puerto Rico
12779,Home Office,San Antonio,TX,United States
12780,Home Office,Caguas,PR,Puerto Rico
12781,Consumer,Chicago,IL,United States
12782,Consumer,Caguas,PR,Puerto Rico
12783,Consumer,Dallas,TX,United States
12784,Consumer,Caguas,PR,Puerto Rico
12785,Consumer,Florissant,MO,United States
12786,Consumer,Caguas,PR,Puerto Rico
12787,Consumer,Stockton,CA,United States
12788,Home Office,Caguas,PR,Puerto Rico
12789,Consumer,San Antonio,TX,United States
12790,Home Office,Caguas,PR,Puerto Rico
12791,Consumer,Carmichael,CA,United States
12792,Consumer,Catonsville,MD,United States
12793,Consumer,Caguas,PR,Puerto Rico
12794,Consumer,San Antonio,TX,United States
12795,Consumer,Caguas,PR,Puerto Rico
12796,Consumer,Summerville,SC,United States
12797,Consumer,Caguas,PR,Puerto Rico
12798,Consumer,Diamond Bar,CA,United States
12799,Consumer,Caguas,PR,Puerto Rico
12800,Consumer,Tulare,CA,United States
12801,Consumer,Garden Grove,CA,United States
12802,Consumer,Caguas,PR,Puerto Rico
12803,Corporate,San Francisco,CA,United States
12804,Consumer,Caguas,PR,Puerto Rico
12805,Consumer,Chicago,IL,United States
12806,Consumer,Caguas,PR,Puerto Rico
12807,Consumer,San Antonio,TX,United States
12808,Consumer,Caguas,PR,Puerto Rico
12809,Corporate,Union City,NJ,United States
12810,Corporate,Mesa,AZ,United States
12811,Corporate,Dallas,TX,United States
12812,Corporate,Caguas,PR,Puerto Rico
12813,Corporate,Lancaster,CA,United States
12814,Corporate,Roswell,GA,United States
12815,Corporate,Wyandotte,MI,United States
12816,Corporate,Caguas,PR,Puerto Rico
12817,Corporate,Fairfield,OH,United States
12818,Consumer,Caguas,PR,Puerto Rico
12819,Consumer,Huntington Beach,CA,United States
12820,Corporate,Las Vegas,NV,United States
12821,Home Office,Caguas,PR,Puerto Rico
12822,Home Office,Richmond,TX,United States
12823,Home Office,Caguas,PR,Puerto Rico
12824,Consumer,Los Angeles,CA,United States
12825,Corporate,Modesto,CA,United States
12826,Consumer,Caguas,PR,Puerto Rico
12827,Consumer,Saginaw,MI,United States
12828,Consumer,Doylestown,PA,United States
12829,Consumer,Caguas,PR,Puerto Rico
12830,Consumer,Lakewood,OH,United States
12831,Consumer,Revere,MA,United States
12832,Consumer,Richmond,TX,United States
12833,Consumer,Cumberland,MD,United States
12834,Consumer,Caguas,PR,Puerto Rico
12835,Consumer,Las Vegas,NV,United States
12836,Consumer,Caguas,PR,Puerto Rico
12837,Consumer,Aurora,CO,United States
12838,Consumer,Caguas,PR,Puerto Rico
12839,Corporate,Las Vegas,NV,United States
12840,Corporate,Caguas,PR,Puerto Rico
12841,Consumer,Fort Lauderdale,FL,United States
12842,Consumer,Asheboro,NC,United States
12843,Consumer,Atlanta,GA,United States
12844,Consumer,Caguas,PR,Puerto Rico
12845,Consumer,Greensboro,NC,United States
12846,Corporate,Caguas,PR,Puerto Rico
12847,Corporate,Washington,DC,United States
12848,Consumer,Caguas,PR,Puerto Rico
12849,Consumer,Potomac,MD,United States
12850,Consumer,Caguas,PR,Puerto Rico
12851,Consumer,San Diego,CA,United States
12852,Consumer,Caguas,PR,Puerto Rico
12853,Consumer,New York,NY,United States
12854,Consumer,Gardena,CA,United States
12855,Consumer,Caguas,PR,Puerto Rico
12856,Consumer,Round Rock,TX,United States
12857,Consumer,San Ramon,CA,United States
12858,Corporate,Caguas,PR,Puerto Rico
12859,Corporate,Huntington Beach,CA,United States
12860,Corporate,Carlisle,PA,United States
12861,Corporate,Caguas,PR,Puerto Rico
12862,Corporate,Endicott,NY,United States
12863,Consumer,Caguas,PR,Puerto Rico
12864,Corporate,Spring Valley,CA,United States
12865,Corporate,Caguas,PR,Puerto Rico
12866,Home Office,Porterville,CA,United States
12867,Home Office,Columbus,OH,United States
12868,Consumer,Caguas,PR,Puerto Rico
12869,Home Office,Las Vegas,NV,United States
12870,Consumer,Caguas,PR,Puerto Rico
12871,Consumer,Chicago,IL,United States
12872,Corporate,Tampa,FL,United States
12873,Corporate,Caguas,PR,Puerto Rico
12874,Corporate,Carlsbad,CA,United States
12875,Consumer,Caguas,PR,Puerto Rico
12876,Home Office,Brooklyn,NY,United States
12877,Home Office,Brooklyn,NY,United States
12878,Home Office,Allentown,PA,United States
12879,Home Office,Caguas,PR,Puerto Rico
12880,Consumer,Sunnyvale,CA,United States
12881,Consumer,Fort Washington,MD,United States
12882,Consumer,Mission Viejo,CA,United States
12883,Corporate,Caguas,PR,Puerto Rico
12884,Corporate,Modesto,CA,United States
12885,Consumer,Columbus,OH,United States
12886,Consumer,Caguas,PR,Puerto Rico
12887,Corporate,Asheboro,NC,United States
12888,Consumer,Caguas,PR,Puerto Rico
12889,Corporate,Lancaster,SC,United States
12890,Corporate,Caguas,PR,Puerto Rico
12891,Corporate,Colorado Springs,CO,United States
12892,Corporate,Caguas,PR,Puerto Rico
12893,Consumer,Brooklyn,NY,United States
12894,Consumer,San Francisco,CA,United States
12895,Corporate,Sanford,NC,United States
12896,Consumer,Milford,CT,United States
12897,Consumer,Caguas,PR,Puerto Rico
12898,Consumer,Newark,NJ,United States
12899,Consumer,Caguas,PR,Puerto Rico
12900,Consumer,Morrisville,PA,United States
12901,Home Office,Caguas,PR,Puerto Rico
12902,Home Office,Bronx,NY,United States
12903,Home Office,Modesto,CA,United States
12904,Consumer,Caguas,PR,Puerto Rico
12905,Consumer,South San Francisco,CA,United States
12906,Consumer,Far Rockaway,NY,United States
12907,Corporate,Caguas,PR,Puerto Rico
12908,Corporate,Bellflower,CA,United States
12909,Consumer,Elmhurst,IL,United States
12910,Consumer,Philadelphia,PA,United States
12911,Consumer,Caguas,PR,Puerto Rico
12912,Consumer,Eugene,OR,United States
12913,Consumer,Caguas,PR,Puerto Rico
12914,Home Office,Plainfield,IL,United States
12915,Home Office,Caguas,PR,Puerto Rico
12916,Consumer,Austin,TX,United States
12917,Consumer,Los Angeles,CA,United States
12918,Consumer,Caguas,PR,Puerto Rico
12919,Consumer,Granada Hills,CA,United States
12920,Consumer,Hyattsville,MD,United States
12921,Consumer,Caguas,PR,Puerto Rico
12922,Consumer,Lancaster,OH,United States
12923,Consumer,Caguas,PR,Puerto Rico
12924,Consumer,San Francisco,CA,United States
12925,Home Office,Portland,OR,United States
12926,Consumer,Caguas,PR,Puerto Rico
12927,Corporate,Henderson,NV,United States
12928,Corporate,Bayamon,PR,Puerto Rico
12929,Consumer,Caguas,PR,Puerto Rico
12930,Consumer,Greeley,CO,United States
12931,Consumer,Caguas,PR,Puerto Rico
12932,Consumer,Revere,MA,United States
12933,Consumer,Caguas,PR,Puerto Rico
12934,Consumer,Chicago,IL,United States
12935,Corporate,San Diego,CA,United States
12936,Corporate,Michigan City,IN,United States
12937,Home Office,Caguas,PR,Puerto Rico
12938,Home Office,South Richmond Hill,NY,United States
12939,Consumer,Caguas,PR,Puerto Rico
12940,Corporate,Orange Park,FL,United States
12941,Corporate,Scottsdale,AZ,United States
12942,Consumer,Caguas,PR,Puerto Rico
12943,Corporate,Simi Valley,CA,United States
12944,Corporate,Rancho Cordova,CA,United States
12945,Corporate,Caguas,PR,Puerto Rico
12946,Corporate,Hialeah,FL,United States
12947,Corporate,Caguas,PR,Puerto Rico
12948,Consumer,Fremont,CA,United States
12949,Corporate,Caguas,PR,Puerto Rico
12950,Corporate,La Habra,CA,United States
12951,Corporate,Stockbridge,GA,United States
12952,Corporate,Caguas,PR,Puerto Rico
12953,Corporate,Brooklyn,NY,United States
12954,Home Office,Cerritos,CA,United States
12955,Consumer,Ogden,UT,United States
12956,Consumer,Caguas,PR,Puerto Rico
12957,Consumer,Portland,OR,United States
12958,Consumer,Caguas,PR,Puerto Rico
12959,Consumer,Mission Viejo,CA,United States
12960,Consumer,New Bedford,MA,United States
12961,Consumer,Caguas,PR,Puerto Rico
12962,Consumer,Brownsville,TX,United States
12963,Consumer,Taunton,MA,United States
12964,Consumer,Caguas,PR,Puerto Rico
12965,Consumer,Chicago,IL,United States
12966,Home Office,Newark,NJ,United States
12967,Consumer,Caguas,PR,Puerto Rico
12968,Home Office,Sugar Land,TX,United States
12969,Home Office,Caguas,PR,Puerto Rico
12970,Corporate,Baldwin Park,CA,United States
12971,Corporate,Bronx,NY,United States
12972,Consumer,Caguas,PR,Puerto Rico
12973,Consumer,Costa Mesa,CA,United States
12974,Corporate,Wilmington,CA,United States
12975,Corporate,Ventura,CA,United States
12976,Consumer,Caguas,PR,Puerto Rico
12977,Corporate,Lynwood,CA,United States
12978,Corporate,Caguas,PR,Puerto Rico
12979,Corporate,Greenville,NC,United States
12980,Corporate,Caguas,PR,Puerto Rico
12981,Consumer,El Cajon,CA,United States
12982,Consumer,Clearfield,UT,United States
12983,Consumer,Hyattsville,MD,United States
12984,Consumer,Caguas,PR,Puerto Rico
12985,Home Office,Sugar Land,TX,United States
12986,Home Office,Lancaster,PA,United States
12987,Consumer,Caguas,PR,Puerto Rico
12988,Corporate,Los Angeles,CA,United States
12989,Corporate,Fremont,CA,United States
12990,Corporate,Caguas,PR,Puerto Rico
12991,Home Office,Compton,CA,United States
12992,Corporate,Caguas,PR,Puerto Rico
12993,Corporate,Waipahu,HI,United States
12994,Corporate,Carlisle,PA,United States
12995,Corporate,Caguas,PR,Puerto Rico
12996,Corporate,Richmond,VA,United States
12997,Consumer,Caguas,PR,Puerto Rico
12998,Consumer,Tracy,CA,United States
12999,Consumer,Los Angeles,CA,United States
13000,Consumer,Caguas,PR,Puerto Rico
13001,Consumer,San Francisco,CA,United States
13002,Consumer,Dayton,OH,United States
13003,Consumer,Las Vegas,NV,United States
13004,Consumer,Caguas,PR,Puerto Rico
13005,Home Office,Meridian,ID,United States
13006,Home Office,Buffalo,NY,United States
13007,Consumer,Caguas,PR,Puerto Rico
13008,Consumer,Spring Valley,CA,United States
13009,Corporate,Washington,DC,United States
13010,Corporate,Joliet,IL,United States
13011,Consumer,Rancho Cucamonga,CA,United States
13012,Corporate,Houston,TX,United States
13013,Consumer,Caguas,PR,Puerto Rico
13014,Corporate,Kaneohe,HI,United States
13015,Home Office,New Orleans,LA,United States
13016,Home Office,Caguas,PR,Puerto Rico
13017,Home Office,West New York,NJ,United States
13018,Corporate,Garland,TX,United States
13019,Corporate,San Marcos,TX,United States
13020,Corporate,Caguas,PR,Puerto Rico
13021,Home Office,New York,NY,United States
13022,Corporate,San Marcos,TX,United States
13023,Consumer,Ogden,UT,United States
13024,Consumer,Caguas,PR,Puerto Rico
13025,Consumer,Oxnard,CA,United States
13026,Consumer,Meridian,ID,United States
13027,Consumer,Caguas,PR,Puerto Rico
13028,Corporate,Detroit,MI,United States
13029,Home Office,Caguas,PR,Puerto Rico
13030,Home Office,Lynnwood,WA,United States
13031,Home Office,Caguas,PR,Puerto Rico
13032,Consumer,Pompano Beach,FL,United States
13033,Consumer,Caguas,PR,Puerto Rico
13034,Home Office,Paramount,CA,United States
13035,Consumer,Caguas,PR,Puerto Rico
13036,Corporate,Bend,OR,United States
13037,Home Office,Caguas,PR,Puerto Rico
13038,Home Office,Brooklyn,NY,United States
13039,Corporate,Fresno,CA,United States
13040,Corporate,Caguas,PR,Puerto Rico
13041,Corporate,Brooklyn,NY,United States
13042,Consumer,Newark,DE,United States
13043,Consumer,Caguas,PR,Puerto Rico
13044,Consumer,Fairfield,OH,United States
13045,Consumer,Caguas,PR,Puerto Rico
13046,Consumer,New York,NY,United States
13047,Home Office,El Cajon,CA,United States
13048,Home Office,Caguas,PR,Puerto Rico
13049,Home Office,South Ozone Park,NY,United States
13050,Home Office,Caguas,PR,Puerto Rico
13051,Home Office,El Paso,TX,United States
13052,Consumer,Smyrna,GA,United States
13053,Consumer,Caguas,PR,Puerto Rico
13054,Consumer,Jackson Heights,NY,United States
13055,Consumer,Houston,TX,United States
13056,Consumer,Caguas,PR,Puerto Rico
13057,Consumer,Anaheim,CA,United States
13058,Home Office,Caguas,PR,Puerto Rico
13059,Consumer,Tempe,AZ,United States
13060,Consumer,Oceanside,CA,United States
13061,Consumer,Caguas,PR,Puerto Rico
13062,Consumer,Dallas,TX,United States
13063,Consumer,Honolulu,HI,United States
13064,Consumer,Caguas,PR,Puerto Rico
13065,Consumer,Van Nuys,CA,United States
13066,Consumer,Caguas,PR,Puerto Rico
13067,Consumer,Brooklyn,NY,United States
13068,Consumer,Grand Prairie,TX,United States
13069,Home Office,Caguas,PR,Puerto Rico
13070,Home Office,Riverside,CA,United States
13071,Home Office,Caguas,PR,Puerto Rico
13072,Home Office,Long Beach,CA,United States
13073,Home Office,Caguas,PR,Puerto Rico
13074,Consumer,Bridgeton,NJ,United States
13075,Home Office,Caguas,PR,Puerto Rico
13076,Home Office,New Castle,DE,United States
13077,Home Office,Plainfield,NJ,United States
13078,Home Office,Caguas,PR,Puerto Rico
13079,Consumer,New Orleans,LA,United States
13080,Consumer,Caguas,PR,Puerto Rico
13081,Consumer,Cupertino,CA,United States
13082,Corporate,Ann Arbor,MI,United States
13083,Corporate,Caguas,PR,Puerto Rico
13084,Corporate,Arecibo,PR,Puerto Rico
13085,Consumer,Stockton,CA,United States
13086,Corporate,Caguas,PR,Puerto Rico
13087,Corporate,Santa Fe,NM,United States
13088,Corporate,Alpharetta,GA,United States
13089,Corporate,Caguas,PR,Puerto Rico
13090,Corporate,Orange Park,FL,United States
13091,Consumer,Caguas,PR,Puerto Rico
13092,Consumer,Pomona,CA,United States
13093,Consumer,Caguas,PR,Puerto Rico
13094,Consumer,Irwin,PA,United States
13095,Consumer,Greenville,NC,United States
13096,Corporate,Caguas,PR,Puerto Rico
13097,Consumer,Detroit,MI,United States
13098,Consumer,Caguas,PR,Puerto Rico
13099,Corporate,Pacoima,CA,United States
13100,Home Office,Holland,MI,United States
13101,Home Office,Caguas,PR,Puerto Rico
13102,Home Office,Orange Park,FL,United States
13103,Consumer,Caguas,PR,Puerto Rico
13104,Consumer,Peoria,AZ,United States
13105,Consumer,San Jose,CA,United States
13106,Consumer,Caguas,PR,Puerto Rico
13107,Corporate,Tucson,AZ,United States
13108,Corporate,Caguas,PR,Puerto Rico
13109,Corporate,Chula Vista,CA,United States
13110,Consumer,Morrisville,PA,United States
13111,Consumer,Greensboro,NC,United States
13112,Home Office,Caguas,PR,Puerto Rico
13113,Home Office,Waukegan,IL,United States
13114,Home Office,Amarillo,TX,United States
13115,Consumer,Caguas,PR,Puerto Rico
13116,Consumer,Strongsville,OH,United States
13117,Corporate,Caguas,PR,Puerto Rico
13118,Corporate,Salinas,CA,United States
13119,Corporate,Harlingen,TX,United States
13120,Consumer,Highland Park,MI,United States
13121,Consumer,Caguas,PR,Puerto Rico
13122,Consumer,North Hollywood,CA,United States
13123,Consumer,Garden Grove,CA,United States
13124,Consumer,Houston,TX,United States
13125,Corporate,Caguas,PR,Puerto Rico
13126,Corporate,Salt Lake City,UT,United States
13127,Consumer,Stafford,VA,United States
13128,Consumer,Phoenix,AZ,United States
13129,Home Office,Caguas,PR,Puerto Rico
13130,Corporate,Elmhurst,NY,United States
13131,Corporate,Roswell,NM,United States
13132,Home Office,Caguas,PR,Puerto Rico
13133,Consumer,Washington,DC,United States
13134,Consumer,Caguas,PR,Puerto Rico
13135,Consumer,Houston,TX,United States
13136,Consumer,Chula Vista,CA,United States
13137,Consumer,Hollister,CA,United States
13138,Consumer,Bend,OR,United States
13139,Consumer,Miami,FL,United States
13140,Consumer,Caguas,PR,Puerto Rico
13141,Consumer,Atlanta,GA,United States
13142,Consumer,Brighton,MA,United States
13143,Consumer,Caguas,PR,Puerto Rico
13144,Home Office,Phoenix,AZ,United States
13145,Home Office,Caguas,PR,Puerto Rico
13146,Home Office,Seattle,WA,United States
13147,Consumer,Caguas,PR,Puerto Rico
13148,Home Office,Vega Baja,PR,Puerto Rico
13149,Home Office,Moreno Valley,CA,United States
13150,Home Office,Caguas,PR,Puerto Rico
13151,Home Office,Dubuque,IA,United States
13152,Consumer,Caguas,PR,Puerto Rico
13153,Consumer,Albuquerque,NM,United States
13154,Consumer,Caguas,PR,Puerto Rico
13155,Consumer,Tucson,AZ,United States
13156,Consumer,Caguas,PR,Puerto Rico
13157,Consumer,Lancaster,SC,United States
13158,Consumer,Caguas,PR,Puerto Rico
13159,Corporate,Richmond,VA,United States
13160,Corporate,Caguas,PR,Puerto Rico
13161,Corporate,San Bernardino,CA,United States
13162,Corporate,Mililani,HI,United States
13163,Consumer,Caguas,PR,Puerto Rico
13164,Consumer,Philadelphia,PA,United States
13165,Consumer,Caguas,PR,Puerto Rico
13166,Home Office,Bronx,NY,United States
13167,Home Office,Lilburn,GA,United States
13168,Home Office,Caguas,PR,Puerto Rico
13169,Home Office,Amarillo,TX,United States
13170,Home Office,Caguas,PR,Puerto Rico
13171,Home Office,Saint Peters,MO,United States
13172,Consumer,Longview,WA,United States
13173,Corporate,Pomona,CA,United States
13174,Corporate,Caguas,PR,Puerto Rico
13175,Corporate,Los Angeles,CA,United States
13176,Corporate,Caguas,PR,Puerto Rico
13177,Consumer,Brooklyn,NY,United States
13178,Consumer,Santa Maria,CA,United States
13179,Consumer,Caguas,PR,Puerto Rico
13180,Corporate,North Hollywood,CA,United States
13181,Corporate,Caguas,PR,Puerto Rico
13182,Consumer,Santa Ana,CA,United States
13183,Consumer,Paramount,CA,United States
13184,Consumer,Del Rio,TX,United States
13185,Corporate,Caguas,PR,Puerto Rico
13186,Corporate,Chicago,IL,United States
13187,Corporate,Los Angeles,CA,United States
13188,Consumer,Caguas,PR,Puerto Rico
13189,Home Office,New York,NY,United States
13190,Consumer,Caguas,PR,Puerto Rico
13191,Consumer,Tucson,AZ,United States
13192,Consumer,Peabody,MA,United States
13193,Consumer,Tempe,AZ,United States
13194,Consumer,Caguas,PR,Puerto Rico
13195,Consumer,Lawton,OK,United States
13196,Consumer,Caguas,PR,Puerto Rico
13197,Corporate,Sunnyvale,CA,United States
13198,Corporate,Caguas,PR,Puerto Rico
13199,Corporate,Chicago,IL,United States
13200,Corporate,Mililani,HI,United States
13201,Consumer,Caguas,PR,Puerto Rico
13202,Consumer,Austin,TX,United States
13203,Corporate,Caguas,PR,Puerto Rico
13204,Consumer,Indio,CA,United States
13205,Consumer,Spokane,WA,United States
13206,Consumer,Caguas,PR,Puerto Rico
13207,Corporate,Pawtucket,RI,United States
13208,Home Office,Caguas,PR,Puerto Rico
13209,Home Office,Saint Paul,MN,United States
13210,Corporate,Caguas,PR,Puerto Rico
13211,Home Office,College Station,TX,United States
13212,Consumer,Caguas,PR,Puerto Rico
13213,Home Office,Los Angeles,CA,United States
13214,Consumer,Caguas,PR,Puerto Rico
13215,Consumer,New Haven,CT,United States
13216,Home Office,Caguas,PR,Puerto Rico
13217,Home Office,Miami,FL,United States
13218,Home Office,Dallas,TX,United States
13219,Home Office,Broomfield,CO,United States
13220,Home Office,Los Angeles,CA,United States
13221,Home Office,Caguas,PR,Puerto Rico
13222,Home Office,Chicago,IL,United States
13223,Home Office,Piscataway,NJ,United States
13224,Home Office,Caguas,PR,Puerto Rico
13225,Consumer,San Diego,CA,United States
13226,Corporate,Honolulu,HI,United States
13227,Home Office,Canton,MI,United States
13228,Corporate,Caguas,PR,Puerto Rico
13229,Home Office,San Antonio,TX,United States
13230,Home Office,Orlando,FL,United States
13231,Corporate,Caguas,PR,Puerto Rico
13232,Consumer,Tallahassee,FL,United States
13233,Consumer,Caguas,PR,Puerto Rico
13234,Consumer,Chandler,AZ,United States
13235,Consumer,Pompano Beach,FL,United States
13236,Home Office,Caguas,PR,Puerto Rico
13237,Consumer,Vista,CA,United States
13238,Home Office,Caguas,PR,Puerto Rico
13239,Consumer,Miami,FL,United States
13240,Consumer,Caguas,PR,Puerto Rico
13241,Corporate,Ypsilanti,MI,United States
13242,Corporate,Caguas,PR,Puerto Rico
13243,Corporate,Elk Grove,CA,United States
13244,Corporate,San Benito,TX,United States
13245,Corporate,Caguas,PR,Puerto Rico
13246,Corporate,Las Vegas,NV,United States
13247,Consumer,Caguas,PR,Puerto Rico
13248,Consumer,Bronx,NY,United States
13249,Corporate,San Francisco,CA,United States
13250,Corporate,Chicago,IL,United States
13251,Consumer,Caguas,PR,Puerto Rico
13252,Consumer,Miami,FL,United States
13253,Consumer,Stockbridge,GA,United States
13254,Consumer,San Diego,CA,United States
13255,Consumer,Carolina,PR,Puerto Rico
13256,Consumer,Caguas,PR,Puerto Rico
13257,Consumer,Piscataway,NJ,United States
13258,Corporate,Rowland Heights,CA,United States
13259,Consumer,Caguas,PR,Puerto Rico
13260,Consumer,Hagerstown,MD,United States
13261,Home Office,Aurora,CO,United States
13262,Corporate,Caguas,PR,Puerto Rico
13263,Corporate,New York,NY,United States
13264,Home Office,Caguas,PR,Puerto Rico
13265,Consumer,West Orange,NJ,United States
13266,Consumer,Caguas,PR,Puerto Rico
13267,Consumer,Crystal Lake,IL,United States
13268,Corporate,Caguas,PR,Puerto Rico
13269,Corporate,Dubuque,IA,United States
13270,Home Office,Caguas,PR,Puerto Rico
13271,Home Office,Santee,CA,United States
13272,Home Office,Dearborn,MI,United States
13273,Home Office,Caguas,PR,Puerto Rico
13274,Corporate,Tinley Park,IL,United States
13275,Consumer,Caguas,PR,Puerto Rico
13276,Consumer,Sylmar,CA,United States
13277,Consumer,Bronx,NY,United States
13278,Consumer,New Haven,CT,United States
13279,Corporate,Caguas,PR,Puerto Rico
13280,Corporate,Las Vegas,NV,United States
13281,Home Office,Carlsbad,CA,United States
13282,Consumer,Caguas,PR,Puerto Rico
13283,Consumer,San Diego,CA,United States
13284,Consumer,Los Angeles,CA,United States
13285,Consumer,Caguas,PR,Puerto Rico
13286,Consumer,North Bergen,NJ,United States
13287,Consumer,El Centro,CA,United States
13288,Consumer,Caguas,PR,Puerto Rico
13289,Corporate,Rowland Heights,CA,United States
13290,Home Office,Del Rio,TX,United States
13291,Consumer,Caguas,PR,Puerto Rico
13292,Corporate,Fountain Valley,CA,United States
13293,Corporate,Houston,TX,United States
13294,Corporate,Caguas,PR,Puerto Rico
13295,Consumer,Greensburg,PA,United States
13296,Corporate,Houston,TX,United States
13297,Corporate,Caguas,PR,Puerto Rico
13298,Consumer,San Antonio,TX,United States
13299,Consumer,Caguas,PR,Puerto Rico
13300,Corporate,Plano,TX,United States
13301,Corporate,Caguas,PR,Puerto Rico
13302,Consumer,Quincy,IL,United States
13303,Consumer,Caguas,PR,Puerto Rico
13304,Consumer,Irvington,NJ,United States
13305,Consumer,Ontario,CA,United States
13306,Consumer,Caguas,PR,Puerto Rico
13307,Consumer,Amarillo,TX,United States
13308,Consumer,Caguas,PR,Puerto Rico
13309,Consumer,Bay Shore,NY,United States
13310,Consumer,Phoenix,AZ,United States
13311,Consumer,Caguas,PR,Puerto Rico
13312,Consumer,Aurora,CO,United States
13313,Consumer,Caguas,PR,Puerto Rico
13314,Consumer,West Covina,CA,United States
13315,Consumer,Caguas,PR,Puerto Rico
13316,Corporate,Marietta,GA,United States
13317,Corporate,Memphis,TN,United States
13318,Corporate,Caguas,PR,Puerto Rico
13319,Consumer,Santa Clara,CA,United States
13320,Consumer,Florissant,MO,United States
13321,Consumer,Chesapeake,VA,United States
13322,Consumer,Caguas,PR,Puerto Rico
13323,Consumer,Reseda,CA,United States
13324,Consumer,Los Angeles,CA,United States
13325,Consumer,San Marcos,CA,United States
13326,Consumer,Caguas,PR,Puerto Rico
13327,Home Office,Beaverton,OR,United States
13328,Consumer,Mesquite,TX,United States
13329,Corporate,Ogden,UT,United States
13330,Corporate,Caguas,PR,Puerto Rico
13331,Corporate,Chicago,IL,United States
13332,Corporate,Caguas,PR,Puerto Rico
13333,Home Office,Aurora,IL,United States
13334,Consumer,Tampa,FL,United States
13335,Home Office,Caguas,PR,Puerto Rico
13336,Home Office,Holland,MI,United States
13337,Home Office,Caguas,PR,Puerto Rico
13338,Consumer,Dearborn,MI,United States
13339,Consumer,San Jose,CA,United States
13340,Consumer,Caguas,PR,Puerto Rico
13341,Consumer,Walnut,CA,United States
13342,Consumer,Caguas,PR,Puerto Rico
13343,Consumer,North Las Vegas,NV,United States
13344,Consumer,Caguas,PR,Puerto Rico
13345,Consumer,Kent,WA,United States
13346,Corporate,Hilliard,OH,United States
13347,Corporate,Caguas,PR,Puerto Rico
13348,Corporate,Las Vegas,NV,United States
13349,Corporate,Caguas,PR,Puerto Rico
13350,Corporate,Bronx,NY,United States
13351,Corporate,Broken Arrow,OK,United States
13352,Corporate,Caguas,PR,Puerto Rico
13353,Corporate,Palatine,IL,United States
13354,Corporate,Caguas,PR,Puerto Rico
13355,Corporate,Cypress,CA,United States
13356,Consumer,New Braunfels,TX,United States
13357,Consumer,Caguas,PR,Puerto Rico
13358,Consumer,Lancaster,OH,United States
13359,Consumer,Norfolk,VA,United States
13360,Corporate,Eugene,OR,United States
13361,Corporate,Caguas,PR,Puerto Rico
13362,Consumer,Wilkes Barre,PA,United States
13363,Consumer,Caguas,PR,Puerto Rico
13364,Consumer,Brooklyn,NY,United States
13365,Consumer,Pompano Beach,FL,United States
13366,Corporate,Mission Viejo,CA,United States
13367,Home Office,Caguas,PR,Puerto Rico
13368,Corporate,Middletown,OH,United States
13369,Consumer,Bridgeton,NJ,United States
13370,Home Office,Caguas,PR,Puerto Rico
13371,Home Office,New York,NY,United States
13372,Home Office,Winnetka,CA,United States
13373,Consumer,Caguas,PR,Puerto Rico
13374,Consumer,Madison,WI,United States
13375,Consumer,Caguas,PR,Puerto Rico
13376,Consumer,El Paso,TX,United States
13377,Consumer,Modesto,CA,United States
13378,Consumer,Caguas,PR,Puerto Rico
13379,Consumer,Tucson,AZ,United States
13380,Consumer,Wyoming,MI,United States
13381,Consumer,Indio,CA,United States
13382,Corporate,La Mesa,CA,United States
13383,Home Office,Caguas,PR,Puerto Rico
13384,Consumer,Lawrence,MA,United States
13385,Consumer,Caguas,PR,Puerto Rico
13386,Consumer,Las Vegas,NV,United States
13387,Consumer,Caguas,PR,Puerto Rico
13388,Corporate,Hesperia,CA,United States
13389,Corporate,Philadelphia,PA,United States
13390,Consumer,Richmond,TX,United States
13391,Corporate,Caguas,PR,Puerto Rico
13392,Home Office,Bronx,NY,United States
13393,Corporate,Stockton,CA,United States
13394,Home Office,Caguas,PR,Puerto Rico
13395,Consumer,Tempe,AZ,United States
13396,Consumer,New Bedford,MA,United States
13397,Consumer,Caguas,PR,Puerto Rico
13398,Consumer,Saint Peters,MO,United States
13399,Consumer,Toms River,NJ,United States
13400,Consumer,New York,NY,United States
13401,Consumer,Jonesboro,AR,United States
13402,Corporate,Los Angeles,CA,United States
13403,Corporate,Caguas,PR,Puerto Rico
13404,Consumer,Cleveland,OH,United States
13405,Consumer,Bakersfield,CA,United States
13406,Consumer,Caguas,PR,Puerto Rico
13407,Consumer,Douglasville,GA,United States
13408,Consumer,Caguas,PR,Puerto Rico
13409,Consumer,Cleveland,OH,United States
13410,Consumer,Fresno,CA,United States
13411,Consumer,Saginaw,MI,United States
13412,Corporate,Caguas,PR,Puerto Rico
13413,Corporate,Garden Grove,CA,United States
13414,Corporate,Caguas,PR,Puerto Rico
13415,Consumer,Austin,TX,United States
13416,Consumer,San Jose,CA,United States
13417,Consumer,Caguas,PR,Puerto Rico
13418,Consumer,New Albany,IN,United States
13419,Consumer,Caguas,PR,Puerto Rico
13420,Consumer,Chicago,IL,United States
13421,Consumer,Richmond,IN,United States
13422,Consumer,Caguas,PR,Puerto Rico
13423,Consumer,Albuquerque,NM,United States
13424,Corporate,Pittsfield,MA,United States
13425,Consumer,Caguas,PR,Puerto Rico
13426,Corporate,Merced,CA,United States
13427,Home Office,Caguas,PR,Puerto Rico
13428,Consumer,New York,NY,United States
13429,Consumer,Fairfield,OH,United States
13430,Consumer,Caguas,PR,Puerto Rico
13431,Consumer,Richmond,IN,United States
13432,Consumer,Austin,TX,United States
13433,Consumer,Caguas,PR,Puerto Rico
13434,Home Office,Anaheim,CA,United States
13435,Home Office,Saint Paul,MN,United States
13436,Home Office,Freeport,NY,United States
13437,Home Office,Caguas,PR,Puerto Rico
13438,Corporate,Milpitas,CA,United States
13439,Corporate,Ann Arbor,MI,United States
13440,Corporate,Caguas,PR,Puerto Rico
13441,Consumer,Brooklyn,NY,United States
13442,Consumer,Laredo,TX,United States
13443,Corporate,Caguas,PR,Puerto Rico
13444,Consumer,Sacramento,CA,United States
13445,Consumer,Eagle Pass,TX,United States
13446,Corporate,Walnut,CA,United States
13447,Corporate,Caguas,PR,Puerto Rico
13448,Consumer,Silver Spring,MD,United States
13449,Consumer,Caguas,PR,Puerto Rico
13450,Consumer,Jamaica,NY,United States
13451,Consumer,Glenview,IL,United States
13452,Consumer,Caguas,PR,Puerto Rico
13453,Consumer,Jackson Heights,NY,United States
13454,Corporate,Metairie,LA,United States
13455,Corporate,Caguas,PR,Puerto Rico
13456,Corporate,Quincy,MA,United States
13457,Corporate,Newburgh,NY,United States
13458,Corporate,Ogden,UT,United States
13459,Home Office,Caguas,PR,Puerto Rico
13460,Consumer,Bronx,NY,United States
13461,Consumer,Caguas,PR,Puerto Rico
13462,Consumer,Ontario,CA,United States
13463,Consumer,Caguas,PR,Puerto Rico
13464,Consumer,Austin,TX,United States
13465,Consumer,Caguas,PR,Puerto Rico
13466,Corporate,Colorado Springs,CO,United States
13467,Home Office,Cypress,CA,United States
13468,Home Office,Caguas,PR,Puerto Rico
13469,Home Office,Miami,FL,United States
13470,Consumer,Merced,CA,United States
13471,Consumer,Milford,CT,United States
13472,Consumer,Miami,FL,United States
13473,Consumer,Caguas,PR,Puerto Rico
13474,Consumer,Highland,CA,United States
13475,Consumer,Caguas,PR,Puerto Rico
13476,Consumer,San Francisco,CA,United States
13477,Consumer,Los Angeles,CA,United States
13478,Consumer,Caguas,PR,Puerto Rico
13479,Consumer,Florissant,MO,United States
13480,Consumer,Caguas,PR,Puerto Rico
13481,Consumer,Huntington Station,NY,United States
13482,Consumer,San Antonio,TX,United States
13483,Consumer,Caguas,PR,Puerto Rico
13484,Consumer,Huntington Station,NY,United States
13485,Consumer,Washington,DC,United States
13486,Consumer,Hamtramck,MI,United States
13487,Consumer,Caguas,PR,Puerto Rico
13488,Consumer,Lakewood,NJ,United States
13489,Corporate,Caguas,PR,Puerto Rico
13490,Consumer,Chicago,IL,United States
13491,Corporate,Weslaco,TX,United States
13492,Corporate,Caguas,PR,Puerto Rico
13493,Corporate,Hayward,CA,United States
13494,Home Office,Caguas,PR,Puerto Rico
13495,Corporate,Jacksonville,FL,United States
13496,Home Office,Caguas,PR,Puerto Rico
13497,Corporate,Norcross,GA,United States
13498,Corporate,Caguas,PR,Puerto Rico
13499,Corporate,Dallas,TX,United States
13500,Consumer,Caguas,PR,Puerto Rico
13501,Consumer,San Jose,CA,United States
13502,Consumer,Caguas,PR,Puerto Rico
13503,Consumer,Littleton,CO,United States
13504,Consumer,Bristol,CT,United States
13505,Consumer,Stockbridge,GA,United States
13506,Consumer,Caguas,PR,Puerto Rico
13507,Consumer,Chicago,IL,United States
13508,Consumer,New Orleans,LA,United States
13509,Consumer,Caguas,PR,Puerto Rico
13510,Consumer,San Pedro,CA,United States
13511,Consumer,Washington,DC,United States
13512,Consumer,Fort Worth,TX,United States
13513,Consumer,Caguas,PR,Puerto Rico
13514,Consumer,Los Angeles,CA,United States
13515,Consumer,Richmond,KY,United States
13516,Consumer,Caguas,PR,Puerto Rico
13517,Consumer,Sacramento,CA,United States
13518,Consumer,Caguas,PR,Puerto Rico
13519,Consumer,Dorchester Center,MA,United States
13520,Corporate,Caguas,PR,Puerto Rico
13521,Corporate,Frankfort,KY,United States
13522,Consumer,Caguas,PR,Puerto Rico
13523,Consumer,Richardson,TX,United States
13524,Consumer,Caguas,PR,Puerto Rico
13525,Corporate,Raleigh,NC,United States
13526,Corporate,Caguas,PR,Puerto Rico
13527,Consumer,Tucson,AZ,United States
13528,Consumer,Caguas,PR,Puerto Rico
13529,Consumer,Pomona,CA,United States
13530,Corporate,Bloomfield,NJ,United States
13531,Corporate,Caguas,PR,Puerto Rico
13532,Consumer,Newark,DE,United States
13533,Home Office,Hagerstown,MD,United States
13534,Home Office,Columbia,TN,United States
13535,Home Office,Washington,DC,United States
13536,Home Office,Caguas,PR,Puerto Rico
13537,Corporate,Rowland Heights,CA,United States
13538,Corporate,Caguas,PR,Puerto Rico
13539,Corporate,Mentor,OH,United States
13540,Corporate,Caguas,PR,Puerto Rico
13541,Corporate,Wyandotte,MI,United States
13542,Corporate,Caguas,PR,Puerto Rico
13543,Home Office,Waipahu,HI,United States
13544,Home Office,Caguas,PR,Puerto Rico
13545,Home Office,Marrero,LA,United States
13546,Corporate,Caguas,PR,Puerto Rico
13547,Consumer,York,PA,United States
13548,Consumer,Saint Paul,MN,United States
13549,Consumer,Caguas,PR,Puerto Rico
13550,Consumer,El Paso,TX,United States
13551,Home Office,Caguas,PR,Puerto Rico
13552,Consumer,Warren,MI,United States
13553,Corporate,Caguas,PR,Puerto Rico
13554,Corporate,Paramount,CA,United States
13555,Corporate,North Richland Hills,TX,United States
13556,Corporate,Danbury,CT,United States
13557,Corporate,Caguas,PR,Puerto Rico
13558,Corporate,Pico Rivera,CA,United States
13559,Corporate,Caguas,PR,Puerto Rico
13560,Corporate,Granite City,IL,United States
13561,Consumer,Caguas,PR,Puerto Rico
13562,Corporate,New York,NY,United States
13563,Corporate,Chicago,IL,United States
13564,Consumer,Caguas,PR,Puerto Rico
13565,Consumer,San Diego,CA,United States
13566,Corporate,Caguas,PR,Puerto Rico
13567,Consumer,Saint Louis,MO,United States
13568,Corporate,Caguas,PR,Puerto Rico
13569,Consumer,Oxnard,CA,United States
13570,Corporate,San Jose,CA,United States
13571,Corporate,Caguas,PR,Puerto Rico
13572,Corporate,Ballwin,MO,United States
13573,Home Office,Holland,MI,United States
13574,Consumer,Mount Pleasant,MI,United States
13575,Corporate,Caguas,PR,Puerto Rico
13576,Consumer,Highland,CA,United States
13577,Consumer,Howell,MI,United States
13578,Consumer,Columbia,SC,United States
13579,Consumer,Caguas,PR,Puerto Rico
13580,Consumer,Brooklyn,NY,United States
13581,Consumer,Columbus,OH,United States
13582,Consumer,Caguas,PR,Puerto Rico
13583,Consumer,Brooklyn,NY,United States
13584,Consumer,Augusta,GA,United States
13585,Corporate,Caguas,PR,Puerto Rico
13586,Consumer,Clearfield,UT,United States
13587,Consumer,Caguas,PR,Puerto Rico
13588,Corporate,Bronx,NY,United States
13589,Corporate,Woodbridge,VA,United States
13590,Home Office,Caguas,PR,Puerto Rico
13591,Home Office,Greeley,CO,United States
13592,Home Office,Caguas,PR,Puerto Rico
13593,Consumer,Hilliard,OH,United States
13594,Consumer,Caguas,PR,Puerto Rico
13595,Consumer,Stone Mountain,GA,United States
13596,Consumer,Los Angeles,CA,United States
13597,Consumer,Caguas,PR,Puerto Rico
13598,Consumer,Winnetka,CA,United States
13599,Home Office,Caguas,PR,Puerto Rico
13600,Consumer,Elyria,OH,United States
13601,Consumer,Houston,TX,United States
13602,Consumer,Las Vegas,NV,United States
13603,Consumer,Caguas,PR,Puerto Rico
13604,Consumer,Edinburg,TX,United States
13605,Consumer,Oxnard,CA,United States
13606,Consumer,Morristown,NJ,United States
13607,Corporate,Caguas,PR,Puerto Rico
13608,Corporate,Waukegan,IL,United States
13609,Consumer,Caguas,PR,Puerto Rico
13610,Consumer,Memphis,TN,United States
13611,Consumer,Caguas,PR,Puerto Rico
13612,Consumer,Chula Vista,CA,United States
13613,Consumer,Far Rockaway,NY,United States
13614,Home Office,Hialeah,FL,United States
13615,Consumer,Broken Arrow,OK,United States
13616,Home Office,Wyandotte,MI,United States
13617,Corporate,Caguas,PR,Puerto Rico
13618,Corporate,Miami,FL,United States
13619,Corporate,Phoenix,AZ,United States
13620,Corporate,Caguas,PR,Puerto Rico
13621,Corporate,Saint Paul,MN,United States
13622,Corporate,Caguas,PR,Puerto Rico
13623,Corporate,Danbury,CT,United States
13624,Corporate,Caguas,PR,Puerto Rico
13625,Corporate,Detroit,MI,United States
13626,Corporate,Caguas,PR,Puerto Rico
13627,Consumer,Annandale,VA,United States
13628,Consumer,Washington,PA,United States
13629,Corporate,Caguas,PR,Puerto Rico
13630,Home Office,Riverside,CA,United States
13631,Home Office,Caguas,PR,Puerto Rico
13632,Home Office,Bronx,NY,United States
13633,Consumer,Houston,TX,United States
13634,Corporate,Caguas,PR,Puerto Rico
13635,Consumer,Philadelphia,PA,United States
13636,Consumer,Brooklyn,NY,United States
13637,Consumer,Caguas,PR,Puerto Rico
13638,Home Office,Plainfield,IL,United States
13639,Home Office,Caguas,PR,Puerto Rico
13640,Home Office,Berwyn,IL,United States
13641,Home Office,Miami,FL,United States
13642,Home Office,Caguas,PR,Puerto Rico
13643,Home Office,Diamond Bar,CA,United States
13644,Corporate,Caguas,PR,Puerto Rico
13645,Corporate,San Marcos,TX,United States
13646,Corporate,Caguas,PR,Puerto Rico
13647,Corporate,Los Angeles,CA,United States
13648,Corporate,Caguas,PR,Puerto Rico
13649,Corporate,Eugene,OR,United States
13650,Corporate,Caguas,PR,Puerto Rico
13651,Consumer,Las Vegas,NV,United States
13652,Home Office,Caguas,PR,Puerto Rico
13653,Home Office,Chicago,IL,United States
13654,Consumer,Caguas,PR,Puerto Rico
13655,Consumer,Detroit,MI,United States
13656,Consumer,Muskegon,MI,United States
13657,Consumer,Aurora,CO,United States
13658,Home Office,Caguas,PR,Puerto Rico
13659,Consumer,Bronx,NY,United States
13660,Consumer,Caguas,PR,Puerto Rico
13661,Corporate,Scottsdale,AZ,United States
13662,Corporate,Caguas,PR,Puerto Rico
13663,Consumer,Brooklyn,NY,United States
13664,Consumer,Sunnyvale,CA,United States
13665,Consumer,Caguas,PR,Puerto Rico
13666,Home Office,Ventura,CA,United States
13667,Home Office,Caguas,PR,Puerto Rico
13668,Home Office,Peoria,AZ,United States
13669,Consumer,Winnetka,CA,United States
13670,Home Office,Caguas,PR,Puerto Rico
13671,Home Office,Fairfield,CA,United States
13672,Consumer,Chapel Hill,NC,United States
13673,Corporate,Houston,TX,United States
13674,Corporate,Caguas,PR,Puerto Rico
13675,Corporate,Chicago,IL,United States
13676,Consumer,Raleigh,NC,United States
13677,Consumer,Caguas,PR,Puerto Rico
13678,Consumer,O Fallon,MO,United States
13679,Corporate,Caguas,PR,Puerto Rico
13680,Corporate,Fond Du Lac,WI,United States
13681,Corporate,Caguas,PR,Puerto Rico
13682,Corporate,Everett,WA,United States
13683,Corporate,Caguas,PR,Puerto Rico
13684,Corporate,Reseda,CA,United States
13685,Consumer,San Antonio,TX,United States
13686,Corporate,New Bedford,MA,United States
13687,Corporate,Caguas,PR,Puerto Rico
13688,Corporate,New York,NY,United States
13689,Consumer,Enfield,CT,United States
13690,Consumer,Caguas,PR,Puerto Rico
13691,Consumer,New York,NY,United States
13692,Consumer,West Covina,CA,United States
13693,Home Office,Caguas,PR,Puerto Rico
13694,Home Office,Houston,TX,United States
13695,Home Office,Everett,WA,United States
13696,Corporate,Caguas,PR,Puerto Rico
13697,Consumer,Fullerton,CA,United States
13698,Consumer,Caguas,PR,Puerto Rico
13699,Corporate,Ontario,CA,United States
13700,Corporate,Caguas,PR,Puerto Rico
13701,Corporate,San Francisco,CA,United States
13702,Consumer,Caguas,PR,Puerto Rico
13703,Home Office,Florissant,MO,United States
13704,Home Office,Caguas,PR,Puerto Rico
13705,Home Office,Santa Ana,CA,United States
13706,Home Office,Caguas,PR,Puerto Rico
13707,Consumer,Simi Valley,CA,United States
13708,Consumer,Bolingbrook,IL,United States
13709,Corporate,Caguas,PR,Puerto Rico
13710,Corporate,Virginia Beach,VA,United States
13711,Consumer,Caguas,PR,Puerto Rico
13712,Consumer,Honolulu,HI,United States
13713,Corporate,Beloit,WI,United States
13714,Home Office,San Antonio,TX,United States
13715,Home Office,Caguas,PR,Puerto Rico
13716,Corporate,San Diego,CA,United States
13717,Home Office,Modesto,CA,United States
13718,Home Office,Caguas,PR,Puerto Rico
13719,Consumer,Hawthorne,CA,United States
13720,Corporate,Chino Hills,CA,United States
13721,Consumer,Caguas,PR,Puerto Rico
13722,Consumer,Las Vegas,NV,United States
13723,Corporate,Methuen,MA,United States
13724,Corporate,Caguas,PR,Puerto Rico
13725,Consumer,Virginia Beach,VA,United States
13726,Corporate,Chesapeake,VA,United States
13727,Consumer,Massillon,OH,United States
13728,Consumer,Caguas,PR,Puerto Rico
13729,Consumer,Methuen,MA,United States
13730,Consumer,Caguas,PR,Puerto Rico
13731,Consumer,Winnetka,CA,United States
13732,Consumer,Caguas,PR,Puerto Rico
13733,Consumer,San Diego,CA,United States
13734,Corporate,San Jose,CA,United States
13735,Home Office,Caguas,PR,Puerto Rico
13736,Consumer,Mission,TX,United States
13737,Consumer,Cerritos,CA,United States
13738,Consumer,Caguas,PR,Puerto Rico
13739,Consumer,Dallas,TX,United States
13740,Consumer,Caguas,PR,Puerto Rico
13741,Consumer,Columbia,SC,United States
13742,Corporate,Caguas,PR,Puerto Rico
13743,Consumer,Highland,CA,United States
13744,Home Office,Caguas,PR,Puerto Rico
13745,Consumer,Roswell,NM,United States
13746,Consumer,Indianapolis,IN,United States
13747,Consumer,West Chester,PA,United States
13748,Home Office,Caguas,PR,Puerto Rico
13749,Consumer,Antioch,TN,United States
13750,Consumer,Anaheim,CA,United States
13751,Consumer,Caguas,PR,Puerto Rico
13752,Consumer,Houston,TX,United States
13753,Consumer,Lake Forest,CA,United States
13754,Consumer,Perth Amboy,NJ,United States
13755,Home Office,Caguas,PR,Puerto Rico
13756,Consumer,Los Angeles,CA,United States
13757,Consumer,Santa Clara,CA,United States
13758,Consumer,Memphis,TN,United States
13759,Consumer,Caguas,PR,Puerto Rico
13760,Consumer,Milpitas,CA,United States
13761,Consumer,New Haven,CT,United States
13762,Consumer,Caguas,PR,Puerto Rico
13763,Consumer,Chicago,IL,United States
13764,Corporate,Wayne,NJ,United States
13765,Consumer,Las Vegas,NV,United States
13766,Consumer,Caguas,PR,Puerto Rico
13767,Consumer,Panorama City,CA,United States
13768,Corporate,Baltimore,MD,United States
13769,Consumer,Colorado Springs,CO,United States
13770,Home Office,Caguas,PR,Puerto Rico
13771,Home Office,Winter Park,FL,United States
13772,Home Office,San Diego,CA,United States
13773,Home Office,Caguas,PR,Puerto Rico
13774,Corporate,Conway,AR,United States
13775,Corporate,Caguas,PR,Puerto Rico
13776,Corporate,West Chester,PA,United States
13777,Corporate,Caguas,PR,Puerto Rico
13778,Corporate,Saint Peters,MO,United States
13779,Corporate,Del Rio,TX,United States
13780,Corporate,Caguas,PR,Puerto Rico
13781,Consumer,Mentor,OH,United States
13782,Corporate,Caguas,PR,Puerto Rico
13783,Consumer,Hayward,CA,United States
13784,Corporate,Encinitas,CA,United States
13785,Corporate,Caguas,PR,Puerto Rico
13786,Consumer,Guaynabo,PR,Puerto Rico
13787,Consumer,Caguas,PR,Puerto Rico
13788,Consumer,Lawrence,MA,United States
13789,Consumer,Caguas,PR,Puerto Rico
13790,Corporate,Opelousas,LA,United States
13791,Corporate,Caguas,PR,Puerto Rico
13792,Consumer,San Juan,PR,Puerto Rico
13793,Consumer,Stockton,CA,United States
13794,Corporate,Caguas,PR,Puerto Rico
13795,Corporate,Canyon Country,CA,United States
13796,Corporate,Caguas,PR,Puerto Rico
13797,Corporate,San Francisco,CA,United States
13798,Corporate,Caguas,PR,Puerto Rico
13799,Corporate,Washington,DC,United States
13800,Consumer,Caguas,PR,Puerto Rico
13801,Consumer,Corona,NY,United States
13802,Consumer,Costa Mesa,CA,United States
13803,Consumer,Caguas,PR,Puerto Rico
13804,Consumer,Miami,FL,United States
13805,Consumer,Caguas,PR,Puerto Rico
13806,Consumer,Highland Park,MI,United States
13807,Corporate,Caguas,PR,Puerto Rico
13808,Corporate,Virginia Beach,VA,United States
13809,Consumer,Caguas,PR,Puerto Rico
13810,Corporate,Miami,FL,United States
13811,Corporate,Caguas,PR,Puerto Rico
13812,Corporate,Brooklyn,NY,United States
13813,Corporate,Rio Grande,PR,Puerto Rico
13814,Corporate,Campbell,CA,United States
13815,Corporate,Caguas,PR,Puerto Rico
13816,Consumer,Huntington Beach,CA,United States
13817,Corporate,Campbell,CA,United States
13818,Corporate,Caguas,PR,Puerto Rico
13819,Corporate,Marrero,LA,United States
13820,Consumer,Caguas,PR,Puerto Rico
13821,Consumer,Littleton,CO,United States
13822,Consumer,Beaverton,OR,United States
13823,Consumer,Caguas,PR,Puerto Rico
13824,Consumer,Virginia Beach,VA,United States
13825,Consumer,Modesto,CA,United States
13826,Consumer,Phoenix,AZ,United States
13827,Home Office,Caguas,PR,Puerto Rico
13828,Consumer,Amarillo,TX,United States
13829,Consumer,Caguas,PR,Puerto Rico
13830,Corporate,North Las Vegas,NV,United States
13831,Consumer,Santa Ana,CA,United States
13832,Consumer,Caguas,PR,Puerto Rico
13833,Consumer,Las Vegas,NV,United States
13834,Consumer,Longmont,CO,United States
13835,Consumer,Caguas,PR,Puerto Rico
13836,Consumer,Pompano Beach,FL,United States
13837,Consumer,Lawton,OK,United States
13838,Consumer,Dallas,TX,United States
13839,Consumer,Bountiful,UT,United States
13840,Consumer,Caguas,PR,Puerto Rico
13841,Home Office,Strongsville,OH,United States
13842,Home Office,Caguas,PR,Puerto Rico
13843,Home Office,Bronx,NY,United States
13844,Consumer,Chicago,IL,United States
13845,Consumer,Caguas,PR,Puerto Rico
13846,Consumer,Santa Ana,CA,United States
13847,Consumer,Guaynabo,PR,Puerto Rico
13848,Corporate,Caguas,PR,Puerto Rico
13849,Corporate,Chicago,IL,United States
13850,Consumer,Oxnard,CA,United States
13851,Home Office,Long Beach,CA,United States
13852,Consumer,Atlanta,GA,United States
13853,Consumer,Caguas,PR,Puerto Rico
13854,Consumer,Roswell,NM,United States
13855,Consumer,Brooklyn,NY,United States
13856,Consumer,Las Vegas,NV,United States
13857,Consumer,Caguas,PR,Puerto Rico
13858,Consumer,Compton,CA,United States
13859,Corporate,Caguas,PR,Puerto Rico
13860,Corporate,Mesa,AZ,United States
13861,Consumer,Caguas,PR,Puerto Rico
13862,Consumer,Long Beach,CA,United States
13863,Corporate,Weslaco,TX,United States
13864,Home Office,Frankfort,KY,United States
13865,Corporate,Caguas,PR,Puerto Rico
13866,Consumer,Philadelphia,PA,United States
13867,Consumer,Caguas,PR,Puerto Rico
13868,Consumer,Caguas,PR,Puerto Rico
13869,Consumer,Fairfield,CA,United States
13870,Home Office,Loveland,OH,United States
13871,Home Office,Caguas,PR,Puerto Rico
13872,Home Office,Lewisville,TX,United States
13873,Corporate,Caguas,PR,Puerto Rico
13874,Corporate,Mesa,AZ,United States
13875,Corporate,Caguas,PR,Puerto Rico
13876,Corporate,Bakersfield,CA,United States
13877,Consumer,Houston,TX,United States
13878,Consumer,Caguas,PR,Puerto Rico
13879,Consumer,West Orange,NJ,United States
13880,Consumer,Caguas,PR,Puerto Rico
13881,Home Office,San Diego,CA,United States
13882,Home Office,Memphis,TN,United States
13883,Home Office,Newark,DE,United States
13884,Home Office,Caguas,PR,Puerto Rico
13885,Consumer,Lawrenceville,GA,United States
13886,Consumer,Saint Paul,MN,United States
13887,Consumer,Pompano Beach,FL,United States
13888,Consumer,Plainfield,NJ,United States
13889,Consumer,Caguas,PR,Puerto Rico
13890,Consumer,Palo Alto,CA,United States
13891,Consumer,Caguas,PR,Puerto Rico
13892,Consumer,Spring,TX,United States
13893,Consumer,Caguas,PR,Puerto Rico
13894,Home Office,Philadelphia,PA,United States
13895,Corporate,Caguas,PR,Puerto Rico
13896,Corporate,Santa Cruz,CA,United States
13897,Corporate,Caguas,PR,Puerto Rico
13898,Home Office,Los Angeles,CA,United States
13899,Consumer,Tampa,FL,United States
13900,Consumer,Caguas,PR,Puerto Rico
13901,Consumer,Wayne,NJ,United States
13902,Consumer,Lenoir,NC,United States
13903,Consumer,Phoenix,AZ,United States
13904,Consumer,Caguas,PR,Puerto Rico
13905,Consumer,Los Angeles,CA,United States
13906,Home Office,Caguas,PR,Puerto Rico
13907,Consumer,Costa Mesa,CA,United States
13908,Corporate,Brooklyn,NY,United States
13909,Corporate,Caguas,PR,Puerto Rico
13910,Corporate,Milpitas,CA,United States
13911,Corporate,Rosemead,CA,United States
13912,Corporate,Ewa Beach,HI,United States
13913,Corporate,Caguas,PR,Puerto Rico
13914,Home Office,Rome,NY,United States
13915,Consumer,Caguas,PR,Puerto Rico
13916,Consumer,Chicago,IL,United States
13917,Consumer,Caguas,PR,Puerto Rico
13918,Consumer,Los Angeles,CA,United States
13919,Corporate,Marietta,GA,United States
13920,Corporate,Woodbridge,VA,United States
13921,Corporate,Morristown,NJ,United States
13922,Corporate,Caguas,PR,Puerto Rico
13923,Home Office,Virginia Beach,VA,United States
13924,Consumer,Caguas,PR,Puerto Rico
13925,Consumer,New York,NY,United States
13926,Corporate,Portland,OR,United States
13927,Corporate,Caguas,PR,Puerto Rico
13928,Consumer,Montebello,CA,United States
13929,Consumer,Caguas,PR,Puerto Rico
13930,Home Office,Bend,OR,United States
13931,Consumer,Caguas,PR,Puerto Rico
13932,Consumer,Bridgeton,NJ,United States
13933,Home Office,Caguas,PR,Puerto Rico
13934,Home Office,Houston,TX,United States
13935,Consumer,Fort Lauderdale,FL,United States
13936,Consumer,Caguas,PR,Puerto Rico
13937,Corporate,Elmhurst,IL,United States
13938,Corporate,Caguas,PR,Puerto Rico
13939,Corporate,Las Vegas,NV,United States
13940,Home Office,Caguas,PR,Puerto Rico
13941,Home Office,Santa Ana,CA,United States
13942,Home Office,Hagerstown,MD,United States
13943,Corporate,Caguas,PR,Puerto Rico
13944,Consumer,Brooklyn,NY,United States
13945,Corporate,Freeport,NY,United States
13946,Corporate,Caguas,PR,Puerto Rico
13947,Corporate,Wichita,KS,United States
13948,Corporate,Caguas,PR,Puerto Rico
13949,Corporate,North Hills,CA,United States
13950,Corporate,Caguas,PR,Puerto Rico
13951,Consumer,Massapequa,NY,United States
13952,Consumer,Caguas,PR,Puerto Rico
13953,Consumer,Philadelphia,PA,United States
13954,Consumer,Baltimore,MD,United States
13955,Home Office,San Diego,CA,United States
13956,Consumer,Caguas,PR,Puerto Rico
13957,Consumer,Hawthorne,CA,United States
13958,Consumer,Stamford,CT,United States
13959,Corporate,Van Nuys,CA,United States
13960,Corporate,La Mirada,CA,United States
13961,Corporate,Caguas,PR,Puerto Rico
13962,Corporate,Brooklyn,NY,United States
13963,Corporate,Alameda,CA,United States
13964,Corporate,Reno,NV,United States
13965,Corporate,Caguas,PR,Puerto Rico
13966,Corporate,West Chester,PA,United States
13967,Consumer,Caguas,PR,Puerto Rico
13968,Consumer,Fresno,CA,United States
13969,Consumer,Caguas,PR,Puerto Rico
13970,Consumer,Fountain Valley,CA,United States
13971,Consumer,Caguas,PR,Puerto Rico
13972,Home Office,Fountain Valley,CA,United States
13973,Consumer,Pompano Beach,FL,United States
13974,Consumer,Caguas,PR,Puerto Rico
13975,Consumer,Saint Louis,MO,United States
13976,Consumer,Pittsfield,MA,United States
13977,Consumer,Caguas,PR,Puerto Rico
13978,Home Office,New Orleans,LA,United States
13979,Corporate,Fayetteville,NC,United States
13980,Corporate,Caguas,PR,Puerto Rico
13981,Corporate,Fontana,CA,United States
13982,Corporate,Corona,CA,United States
13983,Home Office,Phoenix,AZ,United States
13984,Home Office,Caguas,PR,Puerto Rico
13985,Corporate,Oregon City,OR,United States
13986,Home Office,Caguas,PR,Puerto Rico
13987,Home Office,Newark,NJ,United States
13988,Consumer,Caguas,PR,Puerto Rico
13989,Corporate,Oakland,CA,United States
13990,Consumer,Caguas,PR,Puerto Rico
13991,Consumer,Staten Island,NY,United States
13992,Consumer,Las Vegas,NV,United States
13993,Consumer,Douglasville,GA,United States
13994,Consumer,Caguas,PR,Puerto Rico
13995,Consumer,Aurora,CO,United States
13996,Consumer,Caguas,PR,Puerto Rico
13997,Consumer,Lewisville,TX,United States
13998,Consumer,Orlando,FL,United States
13999,Consumer,Caguas,PR,Puerto Rico
14000,Corporate,Brooklyn,NY,United States
14001,Corporate,Campbell,CA,United States
14002,Corporate,Caguas,PR,Puerto Rico
14003,Consumer,San Diego,CA,United States
14004,Corporate,Caguas,PR,Puerto Rico
14005,Home Office,San Diego,CA,United States
14006,Home Office,Los Angeles,CA,United States
14007,Home Office,Caguas,PR,Puerto Rico
14008,Home Office,Yuma,AZ,United States
14009,Consumer,Phoenix,AZ,United States
14010,Consumer,Miami,FL,United States
14011,Consumer,Caguas,PR,Puerto Rico
14012,Consumer,San Diego,CA,United States
14013,Consumer,Caguas,PR,Puerto Rico
14014,Home Office,Fort Lauderdale,FL,United States
14015,Consumer,Brighton,MA,United States
14016,Consumer,Caguas,PR,Puerto Rico
14017,Consumer,Saint Louis,MO,United States
14018,Home Office,Caguas,PR,Puerto Rico
14019,Home Office,Sugar Land,TX,United States
14020,Consumer,Miami,FL,United States
14021,Home Office,Dubuque,IA,United States
14022,Corporate,Caguas,PR,Puerto Rico
14023,Corporate,Dearborn,MI,United States
14024,Consumer,Caguas,PR,Puerto Rico
14025,Home Office,Cleveland,OH,United States
14026,Consumer,Katy,TX,United States
14027,Consumer,Caguas,PR,Puerto Rico
14028,Consumer,Silver Spring,MD,United States
14029,Consumer,Wilkes Barre,PA,United States
14030,Consumer,Guaynabo,PR,Puerto Rico
14031,Consumer,Troy,MI,United States
14032,Corporate,Caguas,PR,Puerto Rico
14033,Corporate,Norcross,GA,United States
14034,Corporate,Rego Park,NY,United States
14035,Consumer,Caguas,PR,Puerto Rico
14036,Consumer,El Cajon,CA,United States
14037,Consumer,Caguas,PR,Puerto Rico
14038,Consumer,Santa Ana,CA,United States
14039,Consumer,Laredo,TX,United States
14040,Consumer,Caguas,PR,Puerto Rico
14041,Consumer,Chandler,AZ,United States
14042,Consumer,Caguas,PR,Puerto Rico
14043,Home Office,Piscataway,NJ,United States
14044,Home Office,Fort Lauderdale,FL,United States
14045,Corporate,Caguas,PR,Puerto Rico
14046,Consumer,CA,91732,United States
14047,Consumer,Bakersfield,CA,United States
14048,Consumer,Kailua,HI,United States
14049,Consumer,Caguas,PR,Puerto Rico
14050,Home Office,San Diego,CA,United States
14051,Consumer,Martinez,CA,United States
14052,Corporate,Endicott,NY,United States
14053,Corporate,Caguas,PR,Puerto Rico
14054,Home Office,Philadelphia,PA,United States
14055,Home Office,Caguas,PR,Puerto Rico
14056,Corporate,Beloit,WI,United States
14057,Corporate,Caguas,PR,Puerto Rico
14058,Consumer,Alhambra,CA,United States
14059,Home Office,Strongsville,OH,United States
14060,Consumer,Caguas,PR,Puerto Rico
14061,Consumer,Chicago,IL,United States
14062,Consumer,Garden Grove,CA,United States
14063,Home Office,Caguas,PR,Puerto Rico
14064,Corporate,Phoenix,AZ,United States
14065,Corporate,Caguas,PR,Puerto Rico
14066,Corporate,Bend,OR,United States
14067,Corporate,Caguas,PR,Puerto Rico
14068,Consumer,Citrus Heights,CA,United States
14069,Consumer,Caguas,PR,Puerto Rico
14070,Consumer,Morrisville,PA,United States
14071,Consumer,Caguas,PR,Puerto Rico
14072,Consumer,Fort Washington,MD,United States
14073,Consumer,Caguas,PR,Puerto Rico
14074,Consumer,Crystal Lake,IL,United States
14075,Corporate,Caguas,PR,Puerto Rico
14076,Corporate,Bell Gardens,CA,United States
14077,Corporate,Aurora,CO,United States
14078,Consumer,Caguas,PR,Puerto Rico
14079,Consumer,Staten Island,NY,United States
14080,Home Office,Caguas,PR,Puerto Rico
14081,Home Office,New York,NY,United States
14082,Consumer,Miami,FL,United States
14083,Corporate,Caguas,PR,Puerto Rico
14084,Consumer,Cerritos,CA,United States
14085,Corporate,New Brunswick,NJ,United States
14086,Home Office,Princeton,NJ,United States
14087,Consumer,Caguas,PR,Puerto Rico
14088,Corporate,Raleigh,NC,United States
14089,Corporate,Caguas,PR,Puerto Rico
14090,Corporate,El Monte,CA,United States
14091,Corporate,Caguas,PR,Puerto Rico
14092,Corporate,Virginia Beach,VA,United States
14093,Corporate,Caguas,PR,Puerto Rico
14094,Consumer,Los Angeles,CA,United States
14095,Home Office,Weslaco,TX,United States
14096,Corporate,Sun Valley,CA,United States
14097,Consumer,Caguas,PR,Puerto Rico
14098,Corporate,Bronx,NY,United States
14099,Corporate,Caguas,PR,Puerto Rico
14100,Corporate,Jackson,MI,United States
14101,Consumer,Caguas,PR,Puerto Rico
14102,Consumer,Miami,FL,United States
14103,Consumer,Phoenix,AZ,United States
14104,Consumer,Caguas,PR,Puerto Rico
14105,Consumer,New York,NY,United States
14106,Consumer,Opelousas,LA,United States
14107,Consumer,Caguas,PR,Puerto Rico
14108,Consumer,San Bernardino,CA,United States
14109,Consumer,Caguas,PR,Puerto Rico
14110,Consumer,Bellflower,CA,United States
14111,Consumer,Sugar Land,TX,United States
14112,Consumer,Charlotte,NC,United States
14113,Consumer,Caguas,PR,Puerto Rico
14114,Corporate,West Chester,PA,United States
14115,Corporate,Caguas,PR,Puerto Rico
14116,Corporate,Bloomfield,NJ,United States
14117,Consumer,Caguas,PR,Puerto Rico
14118,Consumer,Woodside,NY,United States
14119,Consumer,Dallas,TX,United States
14120,Consumer,Caguas,PR,Puerto Rico
14121,Consumer,Chicago,IL,United States
14122,Consumer,Los Angeles,CA,United States
14123,Consumer,Caguas,PR,Puerto Rico
14124,Consumer,San Francisco,CA,United States
14125,Consumer,Troy,NY,United States
14126,Consumer,Bolingbrook,IL,United States
14127,Consumer,Caguas,PR,Puerto Rico
14128,Consumer,Mayaguez,PR,Puerto Rico
14129,Consumer,Catonsville,MD,United States
14130,Consumer,Caguas,PR,Puerto Rico
14131,Consumer,Saint Paul,MN,United States
14132,Consumer,Los Angeles,CA,United States
14133,Consumer,Caguas,PR,Puerto Rico
14134,Consumer,Detroit,MI,United States
14135,Consumer,Caguas,PR,Puerto Rico
14136,Corporate,Los Angeles,CA,United States
14137,Home Office,Caguas,PR,Puerto Rico
14138,Consumer,Austin,TX,United States
14139,Consumer,Birmingham,AL,United States
14140,Consumer,Caguas,PR,Puerto Rico
14141,Consumer,Orlando,FL,United States
14142,Corporate,Caguas,PR,Puerto Rico
14143,Corporate,Kaneohe,HI,United States
14144,Corporate,Arlington,TX,United States
14145,Corporate,Westland,MI,United States
14146,Home Office,Caguas,PR,Puerto Rico
14147,Home Office,Salem,OR,United States
14148,Home Office,Lansdale,PA,United States
14149,Consumer,Frankfort,KY,United States
14150,Corporate,Crystal Lake,IL,United States
14151,Corporate,Caguas,PR,Puerto Rico
14152,Corporate,Houston,TX,United States
14153,Consumer,Porterville,CA,United States
14154,Consumer,Buffalo,NY,United States
14155,Consumer,Stockton,CA,United States
14156,Corporate,Caguas,PR,Puerto Rico
14157,Consumer,Ventura,CA,United States
14158,Consumer,Caguas,PR,Puerto Rico
14159,Consumer,Moreno Valley,CA,United States
14160,Consumer,Caguas,PR,Puerto Rico
14161,Consumer,Brooklyn,NY,United States
14162,Consumer,Caguas,PR,Puerto Rico
14163,Consumer,Jamaica,NY,United States
14164,Consumer,La Mesa,CA,United States
14165,Consumer,Caguas,PR,Puerto Rico
14166,Consumer,Lake Forest,CA,United States
14167,Consumer,Spring,TX,United States
14168,Consumer,Caguas,PR,Puerto Rico
14169,Consumer,Pharr,TX,United States
14170,Home Office,Caguas,PR,Puerto Rico
14171,Home Office,Carlisle,PA,United States
14172,Home Office,Tempe,AZ,United States
14173,Home Office,Caguas,PR,Puerto Rico
14174,Home Office,Detroit,MI,United States
14175,Home Office,Caguas,PR,Puerto Rico
14176,Consumer,Virginia Beach,VA,United States
14177,Consumer,Mission Viejo,CA,United States
14178,Consumer,Caguas,PR,Puerto Rico
14179,Consumer,New Orleans,LA,United States
14180,Corporate,Caguas,PR,Puerto Rico
14181,Corporate,Rowland Heights,CA,United States
14182,Home Office,Caguas,PR,Puerto Rico
14183,Consumer,Burnsville,MN,United States
14184,Consumer,Caguas,PR,Puerto Rico
14185,Consumer,Cincinnati,OH,United States
14186,Corporate,La Mesa,CA,United States
14187,Corporate,Caguas,PR,Puerto Rico
14188,Corporate,Humacao,PR,Puerto Rico
14189,Corporate,Pekin,IL,United States
14190,Consumer,Caguas,PR,Puerto Rico
14191,Consumer,Bayamon,PR,Puerto Rico
14192,Consumer,Dallas,TX,United States
14193,Consumer,Caguas,PR,Puerto Rico
14194,Consumer,Bronx,NY,United States
14195,Home Office,Astoria,NY,United States
14196,Corporate,Caguas,PR,Puerto Rico
14197,Consumer,Bend,OR,United States
14198,Consumer,Caguas,PR,Puerto Rico
14199,Consumer,Marion,OH,United States
14200,Corporate,Caguas,PR,Puerto Rico
14201,Corporate,Brooklyn,NY,United States
14202,Home Office,Denver,CO,United States
14203,Home Office,Caguas,PR,Puerto Rico
14204,Home Office,Las Vegas,NV,United States
14205,Home Office,Caguas,PR,Puerto Rico
14206,Home Office,Philadelphia,PA,United States
14207,Home Office,Bridgeton,NJ,United States
14208,Consumer,Caguas,PR,Puerto Rico
14209,Consumer,Canton,MI,United States
14210,Consumer,Caguas,PR,Puerto Rico
14211,Corporate,Virginia Beach,VA,United States
14212,Corporate,Glendale,AZ,United States
14213,Corporate,Baytown,TX,United States
14214,Corporate,Caguas,PR,Puerto Rico
14215,Corporate,South Ozone Park,NY,United States
14216,Corporate,Caguas,PR,Puerto Rico
14217,Corporate,Napa,CA,United States
14218,Corporate,Fort Worth,TX,United States
14219,Corporate,Caguas,PR,Puerto Rico
14220,Consumer,Washington,DC,United States
14221,Consumer,Caguas,PR,Puerto Rico
14222,Corporate,Yauco,PR,Puerto Rico
14223,Corporate,Caguas,PR,Puerto Rico
14224,Corporate,Fort Lauderdale,FL,United States
14225,Corporate,Caguas,PR,Puerto Rico
14226,Consumer,Freeport,NY,United States
14227,Home Office,Caguas,PR,Puerto Rico
14228,Consumer,Jersey City,NJ,United States
14229,Consumer,Glenview,IL,United States
14230,Consumer,Caguas,PR,Puerto Rico
14231,Consumer,Washington,DC,United States
14232,Consumer,Baltimore,MD,United States
14233,Consumer,Memphis,TN,United States
14234,Consumer,Caguas,PR,Puerto Rico
14235,Consumer,Newark,OH,United States
14236,Consumer,Massapequa,NY,United States
14237,Consumer,Englewood,CO,United States
14238,Consumer,Caguas,PR,Puerto Rico
14239,Consumer,West Haven,CT,United States
14240,Consumer,Howell,MI,United States
14241,Consumer,Caguas,PR,Puerto Rico
14242,Consumer,El Paso,TX,United States
14243,Consumer,Caguas,PR,Puerto Rico
14244,Consumer,Billings,MT,United States
14245,Home Office,Caguas,PR,Puerto Rico
14246,Corporate,Antioch,CA,United States
14247,Corporate,Detroit,MI,United States
14248,Corporate,Elgin,IL,United States
14249,Corporate,Katy,TX,United States
14250,Corporate,Newark,DE,United States
14251,Corporate,Caguas,PR,Puerto Rico
14252,Consumer,Miami,FL,United States
14253,Consumer,Florissant,MO,United States
14254,Home Office,Caguas,PR,Puerto Rico
14255,Home Office,Albuquerque,NM,United States
14256,Home Office,Caguas,PR,Puerto Rico
14257,Consumer,Columbus,OH,United States
14258,Consumer,Caguas,PR,Puerto Rico
14259,Home Office,Jacksonville,FL,United States
14260,Home Office,Caguas,PR,Puerto Rico
14261,Consumer,Van Nuys,CA,United States
14262,Consumer,Caguas,PR,Puerto Rico
14263,Corporate,Buffalo,NY,United States
14264,Consumer,Saint Paul,MN,United States
14265,Consumer,Caguas,PR,Puerto Rico
14266,Consumer,Caguas,PR,Puerto Rico
14267,Corporate,Catonsville,MD,United States
14268,Consumer,Caguas,PR,Puerto Rico
14269,Consumer,Virginia Beach,VA,United States
14270,Corporate,Caguas,PR,Puerto Rico
14271,Consumer,Buffalo,NY,United States
14272,Corporate,Dallas,TX,United States
14273,Consumer,Caguas,PR,Puerto Rico
14274,Corporate,Ontario,CA,United States
14275,Corporate,Silver Spring,MD,United States
14276,Corporate,Caguas,PR,Puerto Rico
14277,Corporate,Cleveland,OH,United States
14278,Corporate,Caguas,PR,Puerto Rico
14279,Corporate,Lawton,OK,United States
14280,Consumer,Caguas,PR,Puerto Rico
14281,Consumer,York,PA,United States
14282,Consumer,Pittsfield,MA,United States
14283,Consumer,Caguas,PR,Puerto Rico
14284,Corporate,Dallas,TX,United States
14285,Consumer,Salinas,CA,United States
14286,Consumer,Detroit,MI,United States
14287,Consumer,Caguas,PR,Puerto Rico
14288,Consumer,Rome,NY,United States
14289,Home Office,Caguas,PR,Puerto Rico
14290,Home Office,Folsom,CA,United States
14291,Home Office,Santa Cruz,CA,United States
14292,Home Office,Caguas,PR,Puerto Rico
14293,Corporate,San Sebastian,PR,Puerto Rico
14294,Corporate,Caguas,PR,Puerto Rico
14295,Corporate,Milwaukee,WI,United States
14296,Home Office,Fresno,CA,United States
14297,Home Office,Caguas,PR,Puerto Rico
14298,Home Office,Los Angeles,CA,United States
14299,Home Office,Caguas,PR,Puerto Rico
14300,Home Office,Chicago,IL,United States
14301,Corporate,Detroit,MI,United States
14302,Corporate,Buffalo,NY,United States
14303,Corporate,Caguas,PR,Puerto Rico
14304,Corporate,Far Rockaway,NY,United States
14305,Corporate,Summerville,SC,United States
14306,Home Office,Amarillo,TX,United States
14307,Consumer,Caguas,PR,Puerto Rico
14308,Consumer,Las Vegas,NV,United States
14309,Consumer,Caguas,PR,Puerto Rico
14310,Consumer,Los Angeles,CA,United States
14311,Consumer,Caguas,PR,Puerto Rico
14312,Consumer,Salina,KS,United States
14313,Consumer,Caguas,PR,Puerto Rico
14314,Consumer,San Diego,CA,United States
14315,Consumer,Caguas,PR,Puerto Rico
14316,Consumer,Miami,FL,United States
14317,Consumer,Mesa,AZ,United States
14318,Consumer,Bronx,NY,United States
14319,Consumer,Caguas,PR,Puerto Rico
14320,Consumer,Pacoima,CA,United States
14321,Consumer,Columbia,SC,United States
14322,Consumer,Caguas,PR,Puerto Rico
14323,Consumer,Mount Prospect,IL,United States
14324,Corporate,Ypsilanti,MI,United States
14325,Consumer,Smyrna,GA,United States
14326,Consumer,Caguas,PR,Puerto Rico
14327,Consumer,Painesville,OH,United States
14328,Consumer,Caguas,PR,Puerto Rico
14329,Consumer,Chino,CA,United States
14330,Consumer,Pico Rivera,CA,United States
14331,Corporate,Caguas,PR,Puerto Rico
14332,Consumer,Chicago,IL,United States
14333,Consumer,Caguas,PR,Puerto Rico
14334,Consumer,Virginia Beach,VA,United States
14335,Home Office,Norfolk,VA,United States
14336,Home Office,Caguas,PR,Puerto Rico
14337,Consumer,Chicago,IL,United States
14338,Home Office,Elyria,OH,United States
14339,Consumer,Blacksburg,VA,United States
14340,Consumer,Caguas,PR,Puerto Rico
14341,Consumer,Chicago,IL,United States
14342,Corporate,Lutz,FL,United States
14343,Corporate,Caguas,PR,Puerto Rico
14344,Corporate,Caguas,PR,Puerto Rico
14345,Corporate,Carson,CA,United States
14346,Consumer,Caguas,PR,Puerto Rico
14347,Consumer,Fayetteville,NC,United States
14348,Consumer,Caguas,PR,Puerto Rico
14349,Consumer,Daly City,CA,United States
14350,Consumer,Moline,IL,United States
14351,Consumer,Hialeah,FL,United States
14352,Home Office,Caguas,PR,Puerto Rico
14353,Home Office,Moreno Valley,CA,United States
14354,Corporate,Santee,CA,United States
14355,Corporate,Fort Worth,TX,United States
14356,Corporate,Caguas,PR,Puerto Rico
14357,Corporate,Longmont,CO,United States
14358,Home Office,New Albany,IN,United States
14359,Consumer,Caguas,PR,Puerto Rico
14360,Home Office,Tucson,AZ,United States
14361,Consumer,Moreno Valley,CA,United States
14362,Consumer,Los Angeles,CA,United States
14363,Consumer,Los Angeles,CA,United States
14364,Home Office,Caguas,PR,Puerto Rico
14365,Home Office,San Antonio,TX,United States
14366,Home Office,Saint Paul,MN,United States
14367,Home Office,Caguas,PR,Puerto Rico
14368,Corporate,Irving,TX,United States
14369,Corporate,Brighton,MA,United States
14370,Consumer,Caguas,PR,Puerto Rico
14371,Consumer,Alpharetta,GA,United States
14372,Consumer,Caguas,PR,Puerto Rico
14373,Consumer,El Paso,TX,United States
14374,Corporate,Caguas,PR,Puerto Rico
14375,Home Office,Tracy,CA,United States
14376,Corporate,Albuquerque,NM,United States
14377,Corporate,Caguas,PR,Puerto Rico
14378,Home Office,Honolulu,HI,United States
14379,Corporate,Baltimore,MD,United States
14380,Corporate,Crystal Lake,IL,United States
14381,Corporate,Rego Park,NY,United States
14382,Corporate,Caguas,PR,Puerto Rico
14383,Consumer,Conway,AR,United States
14384,Consumer,Caguas,PR,Puerto Rico
14385,Consumer,Washington,DC,United States
14386,Corporate,New Bedford,MA,United States
14387,Consumer,Caguas,PR,Puerto Rico
14388,Corporate,Silver Spring,MD,United States
14389,Consumer,Potomac,MD,United States
14390,Consumer,Caguas,PR,Puerto Rico
14391,Consumer,Salem,OR,United States
14392,Corporate,Caguas,PR,Puerto Rico
14393,Corporate,Chicago,IL,United States
14394,Home Office,Lancaster,PA,United States
14395,Home Office,Caguas,PR,Puerto Rico
14396,Home Office,Newark,DE,United States
14397,Home Office,Cleveland,OH,United States
14398,Home Office,Caguas,PR,Puerto Rico
14399,Corporate,Los Angeles,CA,United States
14400,Consumer,Bakersfield,CA,United States
14401,Corporate,Joliet,IL,United States
14402,Home Office,Guayama,PR,Puerto Rico
14403,Corporate,Caguas,PR,Puerto Rico
14404,Corporate,Carson,CA,United States
14405,Home Office,La Crosse,WI,United States
14406,Corporate,Caguas,PR,Puerto Rico
14407,Home Office,Seattle,WA,United States
14408,Consumer,Caguas,PR,Puerto Rico
14409,Consumer,Kent,WA,United States
14410,Corporate,Wheaton,IL,United States
14411,Consumer,Smyrna,GA,United States
14412,Home Office,Caguas,PR,Puerto Rico
14413,Corporate,Los Angeles,CA,United States
14414,Consumer,Los Angeles,CA,United States
14415,Corporate,Caguas,PR,Puerto Rico
14416,Corporate,Clearfield,UT,United States
14417,Corporate,Caguas,PR,Puerto Rico
14418,Corporate,Washington,PA,United States
14419,Corporate,Caguas,PR,Puerto Rico
14420,Corporate,Caguas,PR,Puerto Rico
14421,Corporate,San Antonio,TX,United States
14422,Consumer,Phoenix,AZ,United States
14423,Consumer,Caguas,PR,Puerto Rico
14424,Corporate,Rio Grande,PR,Puerto Rico
14425,Consumer,Caguas,PR,Puerto Rico
14426,Corporate,Tempe,AZ,United States
14427,Corporate,Caguas,PR,Puerto Rico
14428,Consumer,Virginia Beach,VA,United States
14429,Corporate,Caguas,PR,Puerto Rico
14430,Corporate,Cleveland,OH,United States
14431,Consumer,Caguas,PR,Puerto Rico
14432,Corporate,Brooklyn,NY,United States
14433,Consumer,Hanford,CA,United States
14434,Corporate,Greeley,CO,United States
14435,Corporate,Princeton,NJ,United States
14436,Consumer,Caguas,PR,Puerto Rico
14437,Consumer,Wichita,KS,United States
14438,Corporate,Caguas,PR,Puerto Rico
14439,Corporate,Lancaster,PA,United States
14440,Corporate,Guaynabo,PR,Puerto Rico
14441,Corporate,Caguas,PR,Puerto Rico
14442,Home Office,Broken Arrow,OK,United States
14443,Home Office,Warren,MI,United States
14444,Home Office,Caguas,PR,Puerto Rico
14445,Home Office,Opa Locka,FL,United States
14446,Home Office,San Antonio,TX,United States
14447,Consumer,Caguas,PR,Puerto Rico
14448,Consumer,Fond Du Lac,WI,United States
14449,Consumer,Saint Paul,MN,United States
14450,Consumer,Caguas,PR,Puerto Rico
14451,Consumer,San Antonio,TX,United States
14452,Consumer,Caguas,PR,Puerto Rico
14453,Consumer,Perth Amboy,NJ,United States
14454,Consumer,Caguas,PR,Puerto Rico
14455,Consumer,Brooklyn,NY,United States
14456,Corporate,Caguas,PR,Puerto Rico
14457,Corporate,West Jordan,UT,United States
14458,Corporate,Caguas,PR,Puerto Rico
14459,Corporate,Brooklyn,NY,United States
14460,Corporate,Poway,CA,United States
14461,Corporate,Caguas,PR,Puerto Rico
14462,Consumer,Colorado Springs,CO,United States
14463,Consumer,Mission Viejo,CA,United States
14464,Consumer,Caguas,PR,Puerto Rico
14465,Consumer,San Diego,CA,United States
14466,Consumer,Caguas,PR,Puerto Rico
14467,Consumer,Los Angeles,CA,United States
14468,Consumer,Caguas,PR,Puerto Rico
14469,Consumer,Union City,NJ,United States
14470,Consumer,Fort Lauderdale,FL,United States
14471,Corporate,Lockport,NY,United States
14472,Consumer,Caguas,PR,Puerto Rico
14473,Consumer,Rancho Cordova,CA,United States
14474,Home Office,Caguas,PR,Puerto Rico
14475,Consumer,Brentwood,NY,United States
14476,Consumer,Caguas,PR,Puerto Rico
14477,Corporate,Saint Paul,MN,United States
14478,Corporate,Caguas,PR,Puerto Rico
14479,Corporate,Medina,OH,United States
14480,Corporate,Caguas,PR,Puerto Rico
14481,Consumer,Methuen,MA,United States
14482,Consumer,Caguas,PR,Puerto Rico
14483,Consumer,Tracy,CA,United States
14484,Consumer,Greensboro,NC,United States
14485,Corporate,Caguas,PR,Puerto Rico
14486,Corporate,Doylestown,PA,United States
14487,Corporate,Philadelphia,PA,United States
14488,Consumer,Loveland,OH,United States
14489,Corporate,Caguas,PR,Puerto Rico
14490,Corporate,Palo Alto,CA,United States
14491,Consumer,Caguas,PR,Puerto Rico
14492,Home Office,Chicago Heights,IL,United States
14493,Corporate,Bountiful,UT,United States
14494,Consumer,Caguas,PR,Puerto Rico
14495,Consumer,Loveland,OH,United States
14496,Corporate,Caguas,PR,Puerto Rico
14497,Home Office,Memphis,TN,United States
14498,Consumer,Caguas,PR,Puerto Rico
14499,Consumer,San Juan,PR,Puerto Rico
14500,Consumer,Dallas,TX,United States
14501,Consumer,Caguas,PR,Puerto Rico
14502,Consumer,Brooklyn,NY,United States
14503,Corporate,Columbia,MO,United States
14504,Consumer,Atlanta,GA,United States
14505,Consumer,Caguas,PR,Puerto Rico
14506,Consumer,La Crosse,WI,United States
14507,Consumer,Los Angeles,CA,United States
14508,Consumer,Caguas,PR,Puerto Rico
14509,Consumer,Sunnyvale,CA,United States
14510,Consumer,Caguas,PR,Puerto Rico
14511,Consumer,Lansdale,PA,United States
14512,Consumer,Hamilton,OH,United States
14513,Consumer,Caguas,PR,Puerto Rico
14514,Consumer,San Juan,PR,Puerto Rico
14515,Consumer,Bend,OR,United States
14516,Consumer,Caguas,PR,Puerto Rico
14517,Consumer,Rio Rancho,NM,United States
14518,Consumer,Norcross,GA,United States
14519,Corporate,Caguas,PR,Puerto Rico
14520,Corporate,Compton,CA,United States
14521,Corporate,Los Angeles,CA,United States
14522,Corporate,Caguas,PR,Puerto Rico
14523,Corporate,San Benito,TX,United States
14524,Corporate,Caguas,PR,Puerto Rico
14525,Corporate,Atlanta,GA,United States
14526,Corporate,Caguas,PR,Puerto Rico
14527,Corporate,Woonsocket,RI,United States
14528,Home Office,Caguas,PR,Puerto Rico
14529,Corporate,San Diego,CA,United States
14530,Consumer,Portland,OR,United States
14531,Home Office,Caguas,PR,Puerto Rico
14532,Home Office,Bronx,NY,United States
14533,Home Office,Atlanta,GA,United States
14534,Corporate,Raleigh,NC,United States
14535,Consumer,Caguas,PR,Puerto Rico
14536,Consumer,Austin,TX,United States
14537,Consumer,Caguas,PR,Puerto Rico
14538,Consumer,Tustin,CA,United States
14539,Consumer,Caguas,PR,Puerto Rico
14540,Corporate,Reynoldsburg,OH,United States
14541,Corporate,Caguas,PR,Puerto Rico
14542,Home Office,Aurora,CO,United States
14543,Home Office,Caguas,PR,Puerto Rico
14544,Home Office,Elgin,IL,United States
14545,Corporate,Caguas,PR,Puerto Rico
14546,Corporate,Fullerton,CA,United States
14547,Corporate,Caguas,PR,Puerto Rico
14548,Consumer,Virginia Beach,VA,United States
14549,Home Office,Harvey,IL,United States
14550,Consumer,Los Angeles,CA,United States
14551,Consumer,Caguas,PR,Puerto Rico
14552,Consumer,New Brunswick,NJ,United States
14553,Consumer,Caguas,PR,Puerto Rico
14554,Consumer,Lakewood,NJ,United States
14555,Consumer,Caguas,PR,Puerto Rico
14556,Consumer,Brooklyn,NY,United States
14557,Consumer,Virginia Beach,VA,United States
14558,Home Office,Victorville,CA,United States
14559,Corporate,Caguas,PR,Puerto Rico
14560,Consumer,Toms River,NJ,United States
14561,Corporate,Bend,OR,United States
14562,Consumer,Caguas,PR,Puerto Rico
14563,Consumer,Honolulu,HI,United States
14564,Consumer,Caguas,PR,Puerto Rico
14565,Home Office,El Cajon,CA,United States
14566,Corporate,Austin,TX,United States
14567,Home Office,Annandale,VA,United States
14568,Home Office,Caguas,PR,Puerto Rico
14569,Home Office,Brooklyn,NY,United States
14570,Home Office,Caguas,PR,Puerto Rico
14571,Home Office,El Centro,CA,United States
14572,Home Office,Caguas,PR,Puerto Rico
14573,Consumer,Moreno Valley,CA,United States
14574,Consumer,Caguas,PR,Puerto Rico
14575,Consumer,Los Angeles,CA,United States
14576,Consumer,Caguas,PR,Puerto Rico
14577,Consumer,CA,95758,United States
14578,Consumer,East Lansing,MI,United States
14579,Consumer,Caguas,PR,Puerto Rico
14580,Consumer,Kenner,LA,United States
14581,Corporate,Tempe,AZ,United States
14582,Home Office,Caguas,PR,Puerto Rico
14583,Corporate,Salina,KS,United States
14584,Home Office,Caguas,PR,Puerto Rico
14585,Corporate,Tucson,AZ,United States
14586,Home Office,Caguas,PR,Puerto Rico
14587,Consumer,Decatur,GA,United States
14588,Consumer,Caguas,PR,Puerto Rico
14589,Consumer,Bakersfield,CA,United States
14590,Consumer,Laredo,TX,United States
14591,Consumer,Caguas,PR,Puerto Rico
14592,Consumer,Livermore,CA,United States
14593,Consumer,Tustin,CA,United States
14594,Consumer,Fontana,CA,United States
14595,Corporate,North Richland Hills,TX,United States
14596,Home Office,Caguas,PR,Puerto Rico
14597,Home Office,Bellflower,CA,United States
14598,Home Office,Decatur,GA,United States
14599,Consumer,Irving,TX,United States
14600,Consumer,Caguas,PR,Puerto Rico
14601,Consumer,Louisville,KY,United States
14602,Consumer,Caguas,PR,Puerto Rico
14603,Consumer,Los Angeles,CA,United States
14604,Consumer,Caguas,PR,Puerto Rico
14605,Corporate,San Marcos,CA,United States
14606,Corporate,Troy,MI,United States
14607,Corporate,Caguas,PR,Puerto Rico
14608,Consumer,West Haven,CT,United States
14609,Corporate,Caguas,PR,Puerto Rico
14610,Corporate,Brooklyn,NY,United States
14611,Corporate,Austin,TX,United States
14612,Corporate,Caguas,PR,Puerto Rico
14613,Consumer,Norwalk,CA,United States
14614,Consumer,Grove City,OH,United States
14615,Consumer,Caguas,PR,Puerto Rico
14616,Consumer,Stockbridge,GA,United States
14617,Corporate,Caguas,PR,Puerto Rico
14618,Corporate,Elk Grove,CA,United States
14619,Corporate,Caguas,PR,Puerto Rico
14620,Corporate,Hollister,CA,United States
14621,Corporate,Caguas,PR,Puerto Rico
14622,Corporate,Los Angeles,CA,United States
14623,Consumer,Westminster,CA,United States
14624,Corporate,Tulare,CA,United States
14625,Home Office,Elmhurst,IL,United States
14626,Home Office,Caguas,PR,Puerto Rico
14627,Consumer,Watsonville,CA,United States
14628,Consumer,Caguas,PR,Puerto Rico
14629,Consumer,Moline,IL,United States
14630,Consumer,Caguas,PR,Puerto Rico
14631,Consumer,Dallas,TX,United States
14632,Consumer,Pompano Beach,FL,United States
14633,Consumer,Caguas,PR,Puerto Rico
14634,Consumer,Fort Lauderdale,FL,United States
14635,Corporate,Caguas,PR,Puerto Rico
14636,Home Office,Fort Worth,TX,United States
14637,Home Office,Caguas,PR,Puerto Rico
14638,Home Office,Mesquite,TX,United States
14639,Corporate,Caguas,PR,Puerto Rico
14640,Corporate,Hamtramck,MI,United States
14641,Consumer,Caguas,PR,Puerto Rico
14642,Consumer,Lancaster,CA,United States
14643,Corporate,Caguas,PR,Puerto Rico
14644,Corporate,Albuquerque,NM,United States
14645,Consumer,Caguas,PR,Puerto Rico
14646,Consumer,Saint Charles,MO,United States
14647,Consumer,Caguas,PR,Puerto Rico
14648,Consumer,Des Plaines,IL,United States
14649,Consumer,Chapel Hill,NC,United States
14650,Corporate,Caguas,PR,Puerto Rico
14651,Corporate,Hayward,CA,United States
14652,Corporate,Fremont,CA,United States
14653,Corporate,Caguas,PR,Puerto Rico
14654,Home Office,Escondido,CA,United States
14655,Consumer,Gardena,CA,United States
14656,Home Office,Caguas,PR,Puerto Rico
14657,Consumer,Englewood,CO,United States
14658,Consumer,Caguas,PR,Puerto Rico
14659,Corporate,Virginia Beach,VA,United States
14660,Consumer,Caguas,PR,Puerto Rico
14661,Consumer,San Diego,CA,United States
14662,Consumer,Phoenix,AZ,United States
14663,Consumer,Caguas,PR,Puerto Rico
14664,Consumer,Aurora,CO,United States
14665,Consumer,Caguas,PR,Puerto Rico
14666,Consumer,San Bernardino,CA,United States
14667,Corporate,Florissant,MO,United States
14668,Home Office,Louisville,KY,United States
14669,Consumer,Caguas,PR,Puerto Rico
14670,Home Office,Chicago,IL,United States
14671,Corporate,Albuquerque,NM,United States
14672,Corporate,Caguas,PR,Puerto Rico
14673,Corporate,West New York,NJ,United States
14674,Corporate,Caguas,PR,Puerto Rico
14675,Consumer,Silver Spring,MD,United States
14676,Consumer,Caguas,PR,Puerto Rico
14677,Consumer,Bolingbrook,IL,United States
14678,Consumer,Caguas,PR,Puerto Rico
14679,Consumer,Redmond,WA,United States
14680,Corporate,Caguas,PR,Puerto Rico
14681,Consumer,Las Vegas,NV,United States
14682,Corporate,Ontario,CA,United States
14683,Home Office,Laredo,TX,United States
14684,Home Office,Caguas,PR,Puerto Rico
14685,Consumer,Los Angeles,CA,United States
14686,Corporate,New York,NY,United States
14687,Consumer,Caguas,PR,Puerto Rico
14688,Consumer,Bronx,NY,United States
14689,Home Office,Memphis,TN,United States
14690,Home Office,Caguas,PR,Puerto Rico
14691,Consumer,Philadelphia,PA,United States
14692,Consumer,San Jose,CA,United States
14693,Corporate,Milwaukee,WI,United States
14694,Consumer,Caguas,PR,Puerto Rico
14695,Corporate,Bronx,NY,United States
14696,Corporate,Caguas,PR,Puerto Rico
14697,Corporate,Aguadilla,PR,Puerto Rico
14698,Corporate,Caguas,PR,Puerto Rico
14699,Consumer,Parkville,MD,United States
14700,Consumer,Laguna Niguel,CA,United States
14701,Consumer,Caguas,PR,Puerto Rico
14702,Consumer,Chino,CA,United States
14703,Consumer,Glendale,AZ,United States
14704,Consumer,Marietta,GA,United States
14705,Consumer,Riverside,CA,United States
14706,Consumer,Caguas,PR,Puerto Rico
14707,Corporate,Chicago,IL,United States
14708,Corporate,Goose Creek,SC,United States
14709,Corporate,Caguas,PR,Puerto Rico
14710,Consumer,South El Monte,CA,United States
14711,Consumer,Caguas,PR,Puerto Rico
14712,Consumer,Bowling Green,KY,United States
14713,Consumer,Caguas,PR,Puerto Rico
14714,Consumer,Reynoldsburg,OH,United States
14715,Home Office,Caguas,PR,Puerto Rico
14716,Home Office,Portland,OR,United States
14717,Home Office,Caguas,PR,Puerto Rico
14718,Home Office,West Covina,CA,United States
14719,Home Office,Caguas,PR,Puerto Rico
14720,Consumer,Philadelphia,PA,United States
14721,Consumer,Caguas,PR,Puerto Rico
14722,Consumer,Baltimore,MD,United States
14723,Consumer,Caguas,PR,Puerto Rico
14724,Consumer,Indio,CA,United States
14725,Consumer,Hilliard,OH,United States
14726,Consumer,Endicott,NY,United States
14727,Consumer,Caguas,PR,Puerto Rico
14728,Consumer,San Benito,TX,United States
14729,Consumer,Caguas,PR,Puerto Rico
14730,Consumer,San Diego,CA,United States
14731,Consumer,Clarksville,TN,United States
14732,Consumer,Phoenix,AZ,United States
14733,Home Office,Long Beach,CA,United States
14734,Home Office,Caguas,PR,Puerto Rico
14735,Home Office,Phoenix,AZ,United States
14736,Corporate,Caguas,PR,Puerto Rico
14737,Consumer,Spring Valley,CA,United States
14738,Consumer,Bakersfield,CA,United States
14739,Consumer,Chicago,IL,United States
14740,Home Office,Caguas,PR,Puerto Rico
14741,Consumer,Temecula,CA,United States
14742,Home Office,Caguas,PR,Puerto Rico
14743,Consumer,Atlanta,GA,United States
14744,Consumer,Austin,TX,United States
14745,Corporate,Caguas,PR,Puerto Rico
14746,Home Office,Bayamon,PR,Puerto Rico
14747,Corporate,Anaheim,CA,United States
14748,Home Office,Caguas,PR,Puerto Rico
14749,Consumer,Scottsdale,AZ,United States
14750,Consumer,Caguas,PR,Puerto Rico
14751,Consumer,Weslaco,TX,United States
14752,Corporate,West Orange,NJ,United States
14753,Corporate,Santa Cruz,CA,United States
14754,Consumer,Caguas,PR,Puerto Rico
14755,Consumer,Jackson,MI,United States
14756,Consumer,Caguas,PR,Puerto Rico
14757,Consumer,Houston,TX,United States
14758,Consumer,Walnut,CA,United States
14759,Consumer,Webster,NY,United States
14760,Consumer,Caguas,PR,Puerto Rico
14761,Consumer,Antioch,CA,United States
14762,Consumer,Chicago,IL,United States
14763,Consumer,West Chester,PA,United States
14764,Consumer,Caguas,PR,Puerto Rico
14765,Consumer,Valrico,FL,United States
14766,Consumer,Corona,CA,United States
14767,Consumer,San Sebastian,PR,Puerto Rico
14768,Consumer,Caguas,PR,Puerto Rico
14769,Corporate,Malden,MA,United States
14770,Consumer,Caguas,PR,Puerto Rico
14771,Home Office,Riverside,CA,United States
14772,Home Office,Caguas,PR,Puerto Rico
14773,Corporate,El Paso,TX,United States
14774,Corporate,Lindenhurst,NY,United States
14775,Corporate,Caguas,PR,Puerto Rico
14776,Corporate,Greeley,CO,United States
14777,Consumer,Caguas,PR,Puerto Rico
14778,Consumer,Washington,DC,United States
14779,Corporate,Lawton,OK,United States
14780,Consumer,Caguas,PR,Puerto Rico
14781,Corporate,New York,NY,United States
14782,Corporate,Mesquite,TX,United States
14783,Corporate,Caguas,PR,Puerto Rico
14784,Corporate,El Paso,TX,United States
14785,Corporate,Caguas,PR,Puerto Rico
14786,Corporate,West Haven,CT,United States
14787,Corporate,Houston,TX,United States
14788,Corporate,Caguas,PR,Puerto Rico
14789,Corporate,Dallas,TX,United States
14790,Consumer,Caguas,PR,Puerto Rico
14791,Consumer,Katy,TX,United States
14792,Consumer,Irwin,PA,United States
14793,Consumer,Caguas,PR,Puerto Rico
14794,Corporate,Rio Rancho,NM,United States
14795,Corporate,Philadelphia,PA,United States
14796,Corporate,San Antonio,TX,United States
14797,Home Office,Caguas,PR,Puerto Rico
14798,Corporate,Placentia,CA,United States
14799,Consumer,Caguas,PR,Puerto Rico
14800,Corporate,Katy,TX,United States
14801,Corporate,Caguas,PR,Puerto Rico
14802,Corporate,Lakewood,OH,United States
14803,Consumer,Columbus,OH,United States
14804,Consumer,Caguas,PR,Puerto Rico
14805,Consumer,Findlay,OH,United States
14806,Consumer,Poway,CA,United States
14807,Consumer,Baytown,TX,United States
14808,Consumer,Caguas,PR,Puerto Rico
14809,Consumer,Goose Creek,SC,United States
14810,Consumer,Caguas,PR,Puerto Rico
14811,Consumer,Bronx,NY,United States
14812,Consumer,Milford,CT,United States
14813,Consumer,Carlisle,PA,United States
14814,Corporate,Irwin,PA,United States
14815,Corporate,Caguas,PR,Puerto Rico
14816,Corporate,Springfield,MO,United States
14817,Corporate,Caguas,PR,Puerto Rico
14818,Home Office,Bronx,NY,United States
14819,Corporate,Westerville,OH,United States
14820,Consumer,Caguas,PR,Puerto Rico
14821,Home Office,Costa Mesa,CA,United States
14822,Home Office,San Bernardino,CA,United States
14823,Consumer,Cypress,CA,United States
14824,Consumer,Caguas,PR,Puerto Rico
14825,Consumer,Memphis,TN,United States
14826,Consumer,Caguas,PR,Puerto Rico
14827,Consumer,Westland,MI,United States
14828,Consumer,Caguas,PR,Puerto Rico
14829,Consumer,Hesperia,CA,United States
14830,Corporate,Rego Park,NY,United States
14831,Consumer,Caguas,PR,Puerto Rico
14832,Consumer,Phoenix,AZ,United States
14833,Home Office,Caguas,PR,Puerto Rico
14834,Consumer,Dorchester Center,MA,United States
14835,Consumer,Hyattsville,MD,United States
14836,Consumer,Caguas,PR,Puerto Rico
14837,Consumer,Union City,CA,United States
14838,Consumer,Caguas,PR,Puerto Rico
14839,Consumer,Philadelphia,PA,United States
14840,Consumer,Caguas,PR,Puerto Rico
14841,Corporate,Aurora,IL,United States
14842,Corporate,Caguas,PR,Puerto Rico
14843,Corporate,Lake Forest,CA,United States
14844,Home Office,Caguas,PR,Puerto Rico
14845,Home Office,Chicago,IL,United States
14846,Home Office,Caguas,PR,Puerto Rico
14847,Corporate,Richmond,KY,United States
14848,Consumer,Caguas,PR,Puerto Rico
14849,Consumer,Virginia Beach,VA,United States
14850,Consumer,Mesa,AZ,United States
14851,Consumer,Caguas,PR,Puerto Rico
14852,Corporate,Houston,TX,United States
14853,Consumer,Caguas,PR,Puerto Rico
14854,Consumer,Enfield,CT,United States
14855,Corporate,Caguas,PR,Puerto Rico
14856,Consumer,Weslaco,TX,United States
14857,Consumer,Caguas,PR,Puerto Rico
14858,Consumer,San Juan,PR,Puerto Rico
14859,Corporate,Caguas,PR,Puerto Rico
14860,Corporate,Jacksonville,FL,United States
14861,Corporate,Los Angeles,CA,United States
14862,Corporate,Caguas,PR,Puerto Rico
14863,Corporate,Brooklyn,NY,United States
14864,Corporate,Carmichael,CA,United States
14865,Consumer,Newburgh,NY,United States
14866,Consumer,Dallas,TX,United States
14867,Consumer,Caguas,PR,Puerto Rico
14868,Consumer,Albuquerque,NM,United States
14869,Consumer,Caguas,PR,Puerto Rico
14870,Consumer,Fayetteville,NC,United States
14871,Consumer,Caguas,PR,Puerto Rico
14872,Corporate,Albuquerque,NM,United States
14873,Corporate,Caguas,PR,Puerto Rico
14874,Corporate,Brooklyn,NY,United States
14875,Corporate,Caguas,PR,Puerto Rico
14876,Corporate,Alhambra,CA,United States
14877,Home Office,Jacksonville,NC,United States
14878,Home Office,Caguas,PR,Puerto Rico
14879,Corporate,Stone Mountain,GA,United States
14880,Consumer,Moline,IL,United States
14881,Consumer,Caguas,PR,Puerto Rico
14882,Consumer,Pompano Beach,FL,United States
14883,Consumer,Caguas,PR,Puerto Rico
14884,Consumer,Corona,NY,United States
14885,Consumer,Elgin,IL,United States
14886,Consumer,Newark,DE,United States
14887,Consumer,Caguas,PR,Puerto Rico
14888,Consumer,Santa Fe,NM,United States
14889,Home Office,Caguas,PR,Puerto Rico
14890,Consumer,Santa Clara,CA,United States
14891,Consumer,Carol Stream,IL,United States
14892,Consumer,York,PA,United States
14893,Home Office,Caguas,PR,Puerto Rico
14894,Consumer,Honolulu,HI,United States
14895,Consumer,Caguas,PR,Puerto Rico
14896,Consumer,San Pablo,CA,United States
14897,Consumer,Caguas,PR,Puerto Rico
14898,Consumer,Long Beach,CA,United States
14899,Home Office,Sheboygan,WI,United States
14900,Home Office,Caguas,PR,Puerto Rico
14901,Home Office,Diamond Bar,CA,United States
14902,Consumer,Caguas,PR,Puerto Rico
14903,Consumer,Houston,TX,United States
14904,Consumer,Enfield,CT,United States
14905,Home Office,Caguas,PR,Puerto Rico
14906,Home Office,Los Angeles,CA,United States
14907,Corporate,Hamtramck,MI,United States
14908,Corporate,Caguas,PR,Puerto Rico
14909,Corporate,Palatine,IL,United States
14910,Corporate,Caguas,PR,Puerto Rico
14911,Consumer,Detroit,MI,United States
14912,Consumer,New Orleans,LA,United States
14913,Consumer,Caguas,PR,Puerto Rico
14914,Consumer,Las Vegas,NV,United States
14915,Consumer,Caguas,PR,Puerto Rico
14916,Consumer,Milwaukee,WI,United States
14917,Consumer,Caguas,PR,Puerto Rico
14918,Consumer,Riverside,CA,United States
14919,Consumer,Brooklyn,NY,United States
14920,Home Office,Apex,NC,United States
14921,Consumer,Caguas,PR,Puerto Rico
14922,Consumer,Philadelphia,PA,United States
14923,Consumer,Las Cruces,NM,United States
14924,Home Office,Caguas,PR,Puerto Rico
14925,Consumer,San Antonio,TX,United States
14926,Consumer,Caguas,PR,Puerto Rico
14927,Consumer,Pico Rivera,CA,United States
14928,Corporate,Clementon,NJ,United States
14929,Corporate,Caguas,PR,Puerto Rico
14930,Corporate,Reynoldsburg,OH,United States
14931,Home Office,Webster,NY,United States
14932,Home Office,Caguas,PR,Puerto Rico
14933,Home Office,Mesquite,TX,United States
14934,Home Office,Salem,OR,United States
14935,Consumer,Caguas,PR,Puerto Rico
14936,Consumer,Ypsilanti,MI,United States
14937,Consumer,Caguas,PR,Puerto Rico
14938,Consumer,Long Beach,CA,United States
14939,Consumer,Canyon Country,CA,United States
14940,Consumer,West Chester,PA,United States
14941,Consumer,Caguas,PR,Puerto Rico
14942,Consumer,Compton,CA,United States
14943,Consumer,Caguas,PR,Puerto Rico
14944,Consumer,Ann Arbor,MI,United States
14945,Home Office,Tampa,FL,United States
14946,Corporate,Caguas,PR,Puerto Rico
14947,Corporate,Apex,NC,United States
14948,Consumer,Caguas,PR,Puerto Rico
14949,Consumer,Philadelphia,PA,United States
14950,Consumer,Caguas,PR,Puerto Rico
14951,Consumer,Apopka,FL,United States
14952,Consumer,Caguas,PR,Puerto Rico
14953,Consumer,Cumberland,MD,United States
14954,Consumer,Caguas,PR,Puerto Rico
14955,Consumer,Hamtramck,MI,United States
14956,Consumer,Woonsocket,RI,United States
14957,Consumer,Caguas,PR,Puerto Rico
14958,Corporate,York,PA,United States
14959,Consumer,Buffalo,NY,United States
14960,Corporate,Caguas,PR,Puerto Rico
14961,Corporate,Chicago,IL,United States
14962,Corporate,Seattle,WA,United States
14963,Consumer,Caguas,PR,Puerto Rico
14964,Consumer,Mount Pleasant,MI,United States
14965,Consumer,Caguas,PR,Puerto Rico
14966,Consumer,Peabody,MA,United States
14967,Corporate,Caguas,PR,Puerto Rico
14968,Corporate,Carrollton,TX,United States
14969,Corporate,Caguas,PR,Puerto Rico
14970,Consumer,Morrisville,PA,United States
14971,Consumer,Caguas,PR,Puerto Rico
14972,Corporate,Los Angeles,CA,United States
14973,Consumer,Phoenix,AZ,United States
14974,Consumer,Caguas,PR,Puerto Rico
14975,Consumer,Brooklyn,NY,United States
14976,Consumer,Indianapolis,IN,United States
14977,Consumer,Caguas,PR,Puerto Rico
14978,Home Office,Memphis,TN,United States
14979,Consumer,Tempe,AZ,United States
14980,Consumer,Hanover,PA,United States
14981,Consumer,Richardson,TX,United States
14982,Consumer,Caguas,PR,Puerto Rico
14983,Consumer,North Richland Hills,TX,United States
14984,Consumer,Hamilton,OH,United States
14985,Consumer,Caguas,PR,Puerto Rico
14986,Consumer,Elgin,IL,United States
14987,Corporate,Caguas,PR,Puerto Rico
14988,Home Office,Mount Prospect,IL,United States
14989,Corporate,Ontario,CA,United States
14990,Corporate,Caguas,PR,Puerto Rico
14991,Corporate,Costa Mesa,CA,United States
14992,Corporate,Caguas,PR,Puerto Rico
14993,Consumer,Detroit,MI,United States
14994,Corporate,Modesto,CA,United States
14995,Consumer,Orlando,FL,United States
14996,Consumer,Caguas,PR,Puerto Rico
14997,Consumer,Jersey City,NJ,United States
14998,Consumer,Apex,NC,United States
14999,Consumer,Caguas,PR,Puerto Rico
15000,Consumer,Amarillo,TX,United States
15001,Consumer,Caguas,PR,Puerto Rico
15002,Consumer,Merced,CA,United States
15003,Consumer,Caguas,PR,Puerto Rico
15004,Consumer,Memphis,TN,United States
15005,Consumer,Caguas,PR,Puerto Rico
15006,Corporate,Bronx,NY,United States
15007,Consumer,Mount Pleasant,MI,United States
15008,Consumer,Caguas,PR,Puerto Rico
15009,Corporate,Winter Park,FL,United States
15010,Consumer,Caguas,PR,Puerto Rico
15011,Consumer,Pomona,CA,United States
15012,Home Office,Caguas,PR,Puerto Rico
15013,Home Office,Katy,TX,United States
15014,Corporate,Caguas,PR,Puerto Rico
15015,Corporate,Citrus Heights,CA,United States
15016,Corporate,Caguas,PR,Puerto Rico
15017,Home Office,Newburgh,NY,United States
15018,Consumer,Caguas,PR,Puerto Rico
15019,Consumer,Mchenry,IL,United States
15020,Consumer,Caguas,PR,Puerto Rico
15021,Home Office,Brooklyn,NY,United States
15022,Home Office,Caguas,PR,Puerto Rico
15023,Consumer,Bensalem,PA,United States
15024,Consumer,Caguas,PR,Puerto Rico
15025,Consumer,Wayne,NJ,United States
15026,Consumer,Caguas,PR,Puerto Rico
15027,Consumer,Dallas,TX,United States
15028,Home Office,San Marcos,TX,United States
15029,Consumer,Piscataway,NJ,United States
15030,Consumer,Guaynabo,PR,Puerto Rico
15031,Corporate,Caguas,PR,Puerto Rico
15032,Consumer,Yuma,AZ,United States
15033,Consumer,Walnut,CA,United States
15034,Consumer,Caguas,PR,Puerto Rico
15035,Consumer,Livermore,CA,United States
15036,Consumer,Hayward,CA,United States
15037,Consumer,Porterville,CA,United States
15038,Consumer,Long Beach,CA,United States
15039,Consumer,Costa Mesa,CA,United States
15040,Corporate,Caguas,PR,Puerto Rico
15041,Corporate,Livermore,CA,United States
15042,Consumer,Chicago,IL,United States
15043,Consumer,Caguas,PR,Puerto Rico
15044,Consumer,Philadelphia,PA,United States
15045,Consumer,Caguas,PR,Puerto Rico
15046,Consumer,Davis,CA,United States
15047,Home Office,South Richmond Hill,NY,United States
15048,Corporate,Caguas,PR,Puerto Rico
15049,Home Office,Chicago,IL,United States
15050,Consumer,Lawrenceville,GA,United States
15051,Home Office,Garden Grove,CA,United States
15052,Home Office,Caguas,PR,Puerto Rico
15053,Home Office,Santa Ana,CA,United States
15054,Home Office,Milpitas,CA,United States
15055,Home Office,Warren,MI,United States
15056,Corporate,Caguas,PR,Puerto Rico
15057,Home Office,Philadelphia,PA,United States
15058,Home Office,Fayetteville,NC,United States
15059,Corporate,Caguas,PR,Puerto Rico
15060,Corporate,Harvey,IL,United States
15061,Corporate,Caguas,PR,Puerto Rico
15062,Home Office,Oceanside,CA,United States
15063,Home Office,Caguas,PR,Puerto Rico
15064,Home Office,Rancho Cordova,CA,United States
15065,Home Office,Caguas,PR,Puerto Rico
15066,Consumer,Chicago,IL,United States
15067,Corporate,Ithaca,NY,United States
15068,Consumer,Caguas,PR,Puerto Rico
15069,Consumer,Las Vegas,NV,United States
15070,Consumer,Caguas,PR,Puerto Rico
15071,Corporate,Baytown,TX,United States
15072,Consumer,Caguas,PR,Puerto Rico
15073,Corporate,Hampton,VA,United States
15074,Corporate,Caguas,PR,Puerto Rico
15075,Corporate,Los Angeles,CA,United States
15076,Home Office,Caguas,PR,Puerto Rico
15077,Home Office,Carrollton,TX,United States
15078,Consumer,Lindenhurst,NY,United States
15079,Consumer,Caguas,PR,Puerto Rico
15080,Corporate,Brooklyn,NY,United States
15081,Corporate,Caguas,PR,Puerto Rico
15082,Consumer,El Cajon,CA,United States
15083,Consumer,Lancaster,CA,United States
15084,Consumer,Caguas,PR,Puerto Rico
15085,Consumer,Sandusky,OH,United States
15086,Consumer,Caguas,PR,Puerto Rico
15087,Consumer,Salem,OR,United States
15088,Corporate,Caguas,PR,Puerto Rico
15089,Corporate,Atlanta,GA,United States
15090,Corporate,Caguas,PR,Puerto Rico
15091,Corporate,Lancaster,CA,United States
15092,Consumer,Caguas,PR,Puerto Rico
15093,Consumer,Allentown,PA,United States
15094,Consumer,Weslaco,TX,United States
15095,Corporate,Glen Burnie,MD,United States
15096,Consumer,Caguas,PR,Puerto Rico
15097,Consumer,Lawton,OK,United States
15098,Consumer,Caguas,PR,Puerto Rico
15099,Consumer,San Diego,CA,United States
15100,Corporate,Caguas,PR,Puerto Rico
15101,Home Office,Trujillo Alto,PR,Puerto Rico
15102,Corporate,Los Angeles,CA,United States
15103,Corporate,Sun Valley,CA,United States
15104,Corporate,Caguas,PR,Puerto Rico
15105,Corporate,Costa Mesa,CA,United States
15106,Corporate,Caguas,PR,Puerto Rico
15107,Corporate,Portland,OR,United States
15108,Corporate,Caguas,PR,Puerto Rico
15109,Consumer,Granite City,IL,United States
15110,Consumer,Caguas,PR,Puerto Rico
15111,Consumer,Anaheim,CA,United States
15112,Consumer,Bensalem,PA,United States
15113,Consumer,Caguas,PR,Puerto Rico
15114,Consumer,Simi Valley,CA,United States
15115,Consumer,Brownsville,TX,United States
15116,Consumer,Caguas,PR,Puerto Rico
15117,Consumer,Duluth,GA,United States
15118,Corporate,Roseburg,OR,United States
15119,Corporate,Caguas,PR,Puerto Rico
15120,Home Office,Fort Lauderdale,FL,United States
15121,Home Office,La Crosse,WI,United States
15122,Consumer,Caguas,PR,Puerto Rico
15123,Consumer,Brooklyn,NY,United States
15124,Consumer,Irving,TX,United States
15125,Consumer,Caguas,PR,Puerto Rico
15126,Consumer,Philadelphia,PA,United States
15127,Consumer,La Crosse,WI,United States
15128,Corporate,Pharr,TX,United States
15129,Corporate,Caguas,PR,Puerto Rico
15130,Consumer,Philadelphia,PA,United States
15131,Consumer,Caguas,PR,Puerto Rico
15132,Corporate,Memphis,TN,United States
15133,Home Office,Caguas,PR,Puerto Rico
15134,Consumer,Pomona,CA,United States
15135,Consumer,Fairfield,OH,United States
15136,Consumer,Caguas,PR,Puerto Rico
15137,Consumer,Elyria,OH,United States
15138,Corporate,Honolulu,HI,United States
15139,Home Office,Caguas,PR,Puerto Rico
15140,Consumer,Fontana,CA,United States
15141,Corporate,Hanover,PA,United States
15142,Home Office,Caguas,PR,Puerto Rico
15143,Consumer,Chicago,IL,United States
15144,Home Office,Caguas,PR,Puerto Rico
15145,Corporate,New York,NY,United States
15146,Corporate,Albuquerque,NM,United States
15147,Corporate,Bronx,NY,United States
15148,Corporate,Fremont,CA,United States
15149,Consumer,Caguas,PR,Puerto Rico
15150,Consumer,Gilroy,CA,United States
15151,Corporate,Caguas,PR,Puerto Rico
15152,Consumer,Milpitas,CA,United States
15153,Consumer,Spring Valley,NY,United States
15154,Consumer,Caguas,PR,Puerto Rico
15155,Corporate,Palmdale,CA,United States
15156,Home Office,Ypsilanti,MI,United States
15157,Home Office,Caguas,PR,Puerto Rico
15158,Consumer,Newark,DE,United States
15159,Consumer,Caguas,PR,Puerto Rico
15160,Corporate,Los Angeles,CA,United States
15161,Consumer,Stone Mountain,GA,United States
15162,Consumer,Annapolis,MD,United States
15163,Consumer,Caguas,PR,Puerto Rico
15164,Home Office,Miami,FL,United States
15165,Home Office,Caguas,PR,Puerto Rico
15166,Home Office,Brooklyn,NY,United States
15167,Consumer,Caguas,PR,Puerto Rico
15168,Home Office,Chicago,IL,United States
15169,Corporate,Chicago,IL,United States
15170,Corporate,Valrico,FL,United States
15171,Corporate,Caguas,PR,Puerto Rico
15172,Corporate,Mount Pleasant,MI,United States
15173,Corporate,Caguas,PR,Puerto Rico
15174,Consumer,Phoenix,AZ,United States
15175,Consumer,Crystal Lake,IL,United States
15176,Consumer,Caguas,PR,Puerto Rico
15177,Consumer,Long Beach,CA,United States
15178,Consumer,Henderson,NV,United States
15179,Consumer,Caguas,PR,Puerto Rico
15180,Consumer,Algonquin,IL,United States
15181,Consumer,Caguas,PR,Puerto Rico
15182,Consumer,Dearborn,MI,United States
15183,Consumer,Caguas,PR,Puerto Rico
15184,Consumer,Henrico,VA,United States
15185,Consumer,Caguas,PR,Puerto Rico
15186,Consumer,Bowling Green,KY,United States
15187,Consumer,Caguas,PR,Puerto Rico
15188,Consumer,Phoenix,AZ,United States
15189,Consumer,Caguas,PR,Puerto Rico
15190,Corporate,Vacaville,CA,United States
15191,Corporate,Longmont,CO,United States
15192,Corporate,Bakersfield,CA,United States
15193,Corporate,Caguas,PR,Puerto Rico
15194,Corporate,Phoenix,AZ,United States
15195,Corporate,Caguas,PR,Puerto Rico
15196,Corporate,Santa Ana,CA,United States
15197,Consumer,Taylor,MI,United States
15198,Consumer,Cleveland,OH,United States
15199,Consumer,Mesa,AZ,United States
15200,Corporate,Caguas,PR,Puerto Rico
15201,Corporate,Woodbridge,VA,United States
15202,Corporate,Caguas,PR,Puerto Rico
15203,Corporate,Webster,NY,United States
15204,Corporate,Caguas,PR,Puerto Rico
15205,Home Office,Honolulu,HI,United States
15206,Home Office,Fremont,CA,United States
15207,Home Office,Caguas,PR,Puerto Rico
15208,Home Office,San Bernardino,CA,United States
15209,Home Office,Caguas,PR,Puerto Rico
15210,Home Office,Lockport,IL,United States
15211,Corporate,Caguas,PR,Puerto Rico
15212,Corporate,Las Vegas,NV,United States
15213,Consumer,Caguas,PR,Puerto Rico
15214,Consumer,Chicago,IL,United States
15215,Consumer,Mentor,OH,United States
15216,Corporate,Tallahassee,FL,United States
15217,Corporate,Caguas,PR,Puerto Rico
15218,Corporate,Los Angeles,CA,United States
15219,Corporate,Middletown,OH,United States
15220,Corporate,Bakersfield,CA,United States
15221,Home Office,Caguas,PR,Puerto Rico
15222,Consumer,Chicago,IL,United States
15223,Consumer,Chicago,IL,United States
15224,Home Office,Las Vegas,NV,United States
15225,Corporate,Caguas,PR,Puerto Rico
15226,Consumer,Santa Ana,CA,United States
15227,Consumer,Caguas,PR,Puerto Rico
15228,Consumer,Plymouth,MA,United States
15229,Consumer,Caguas,PR,Puerto Rico
15230,Home Office,Pittsburg,CA,United States
15231,Home Office,Salinas,CA,United States
15232,Corporate,Caguas,PR,Puerto Rico
15233,Corporate,Denver,CO,United States
15234,Corporate,Phoenix,AZ,United States
15235,Corporate,Caguas,PR,Puerto Rico
15236,Corporate,Detroit,MI,United States
15237,Corporate,Caguas,PR,Puerto Rico
15238,Consumer,Cleveland,OH,United States
15239,Corporate,Portland,OR,United States
15240,Corporate,Caguas,PR,Puerto Rico
15241,Consumer,Houston,TX,United States
15242,Consumer,Caguas,PR,Puerto Rico
15243,Consumer,Brooklyn,NY,United States
15244,Consumer,Memphis,TN,United States
15245,Corporate,Newark,DE,United States
15246,Consumer,Caguas,PR,Puerto Rico
15247,Consumer,Tinley Park,IL,United States
15248,Consumer,Raleigh,NC,United States
15249,Home Office,Caguas,PR,Puerto Rico
15250,Consumer,Chicago,IL,United States
15251,Corporate,Lakewood,NJ,United States
15252,Corporate,Caguas,PR,Puerto Rico
15253,Corporate,Harvey,IL,United States
15254,Corporate,Michigan City,IN,United States
15255,Corporate,Caguas,PR,Puerto Rico
15256,Corporate,Chicago,IL,United States
15257,Corporate,Santa Ana,CA,United States
15258,Corporate,Caguas,PR,Puerto Rico
15259,Corporate,Chicago,IL,United States
15260,Corporate,Caguas,PR,Puerto Rico
15261,Corporate,Detroit,MI,United States
15262,Corporate,San Ramon,CA,United States
15263,Consumer,Caguas,PR,Puerto Rico
15264,Consumer,Fountain Valley,CA,United States
15265,Consumer,Costa Mesa,CA,United States
15266,Consumer,Caguas,PR,Puerto Rico
15267,Corporate,Los Angeles,CA,United States
15268,Corporate,Honolulu,HI,United States
15269,Corporate,Caguas,PR,Puerto Rico
15270,Corporate,Duluth,GA,United States
15271,Consumer,Caguas,PR,Puerto Rico
15272,Corporate,Chapel Hill,NC,United States
15273,Consumer,Roswell,GA,United States
15274,Consumer,Caguas,PR,Puerto Rico
15275,Corporate,Stockbridge,GA,United States
15276,Corporate,Brighton,MA,United States
15277,Corporate,Caguas,PR,Puerto Rico
15278,Home Office,Chino Hills,CA,United States
15279,Home Office,Sugar Land,TX,United States
15280,Consumer,Greenville,NC,United States
15281,Consumer,Aurora,CO,United States
15282,Consumer,Caguas,PR,Puerto Rico
15283,Consumer,Tonawanda,NY,United States
15284,Consumer,Caguas,PR,Puerto Rico
15285,Consumer,Houston,TX,United States
15286,Consumer,New York,NY,United States
15287,Home Office,Caguas,PR,Puerto Rico
15288,Consumer,Lenoir,NC,United States
15289,Corporate,Fullerton,CA,United States
15290,Corporate,Caguas,PR,Puerto Rico
15291,Home Office,Carolina,PR,Puerto Rico
15292,Corporate,Caguas,PR,Puerto Rico
15293,Consumer,Saint Peters,MO,United States
15294,Consumer,Caguas,PR,Puerto Rico
15295,Consumer,Carrollton,TX,United States
15296,Consumer,Caguas,PR,Puerto Rico
15297,Consumer,Honolulu,HI,United States
15298,Consumer,Caguas,PR,Puerto Rico
15299,Consumer,Crown Point,IN,United States
15300,Corporate,Caguas,PR,Puerto Rico
15301,Consumer,Wichita,KS,United States
15302,Consumer,Caguas,PR,Puerto Rico
15303,Consumer,Van Nuys,CA,United States
15304,Consumer,Atlanta,GA,United States
15305,Consumer,Caguas,PR,Puerto Rico
15306,Corporate,El Paso,TX,United States
15307,Corporate,Marietta,GA,United States
15308,Home Office,Bronx,NY,United States
15309,Home Office,Caguas,PR,Puerto Rico
15310,Home Office,Los Angeles,CA,United States
15311,Home Office,Danbury,CT,United States
15312,Home Office,Caguas,PR,Puerto Rico
15313,Home Office,Toms River,NJ,United States
15314,Consumer,Union,NJ,United States
15315,Consumer,Caguas,PR,Puerto Rico
15316,Consumer,San Antonio,TX,United States
15317,Corporate,Caguas,PR,Puerto Rico
15318,Consumer,Amarillo,TX,United States
15319,Consumer,Sheboygan,WI,United States
15320,Consumer,Caguas,PR,Puerto Rico
15321,Consumer,New York,NY,United States
15322,Home Office,Yuma,AZ,United States
15323,Consumer,Madera,CA,United States
15324,Consumer,Caguas,PR,Puerto Rico
15325,Consumer,Hialeah,FL,United States
15326,Consumer,Caguas,PR,Puerto Rico
15327,Home Office,Lake Forest,CA,United States
15328,Consumer,San Antonio,TX,United States
15329,Corporate,Los Angeles,CA,United States
15330,Corporate,Caguas,PR,Puerto Rico
15331,Corporate,Houston,TX,United States
15332,Corporate,Caguas,PR,Puerto Rico
15333,Consumer,Waukegan,IL,United States
15334,Consumer,Victorville,CA,United States
15335,Consumer,Honolulu,HI,United States
15336,Consumer,Caguas,PR,Puerto Rico
15337,Consumer,Tonawanda,NY,United States
15338,Consumer,Loveland,OH,United States
15339,Consumer,Caguas,PR,Puerto Rico
15340,Consumer,Mesa,AZ,United States
15341,Consumer,Caguas,PR,Puerto Rico
15342,Consumer,Gardena,CA,United States
15343,Consumer,Caguas,PR,Puerto Rico
15344,Consumer,Beloit,WI,United States
15345,Consumer,Caguas,PR,Puerto Rico
15346,Consumer,Mount Prospect,IL,United States
15347,Consumer,Caguas,PR,Puerto Rico
15348,Consumer,Simi Valley,CA,United States
15349,Consumer,Las Cruces,NM,United States
15350,Home Office,Caguas,PR,Puerto Rico
15351,Consumer,Mission Viejo,CA,United States
15352,Consumer,Caguas,PR,Puerto Rico
15353,Consumer,San Jose,CA,United States
15354,Consumer,Caguas,PR,Puerto Rico
15355,Consumer,Raleigh,NC,United States
15356,Consumer,Caguas,PR,Puerto Rico
15357,Consumer,Chicago,IL,United States
15358,Consumer,Caguas,PR,Puerto Rico
15359,Consumer,Mchenry,IL,United States
15360,Consumer,Caguas,PR,Puerto Rico
15361,Consumer,Houston,TX,United States
15362,Consumer,Levittown,NY,United States
15363,Corporate,Caguas,PR,Puerto Rico
15364,Corporate,Saint Paul,MN,United States
15365,Home Office,Caguas,PR,Puerto Rico
15366,Home Office,Perth Amboy,NJ,United States
15367,Corporate,New Braunfels,TX,United States
15368,Home Office,Caguas,PR,Puerto Rico
15369,Consumer,Kailua,HI,United States
15370,Consumer,Caguas,PR,Puerto Rico
15371,Consumer,Knoxville,TN,United States
15372,Consumer,Visalia,CA,United States
15373,Consumer,Caguas,PR,Puerto Rico
15374,Corporate,Antioch,CA,United States
15375,Corporate,Morrisville,PA,United States
15376,Consumer,Caguas,PR,Puerto Rico
15377,Consumer,Bronx,NY,United States
15378,Consumer,Caguas,PR,Puerto Rico
15379,Consumer,Salt Lake City,UT,United States
15380,Consumer,Salinas,CA,United States
15381,Consumer,Tucson,AZ,United States
15382,Consumer,Caguas,PR,Puerto Rico
15383,Home Office,Hayward,CA,United States
15384,Home Office,Los Angeles,CA,United States
15385,Home Office,Philadelphia,PA,United States
15386,Consumer,Caguas,PR,Puerto Rico
15387,Consumer,El Monte,CA,United States
15388,Consumer,Caguas,PR,Puerto Rico
15389,Consumer,Albany,OR,United States
15390,Consumer,Martinsburg,WV,United States
15391,Corporate,Caguas,PR,Puerto Rico
15392,Consumer,Brooklyn,NY,United States
15393,Corporate,Lynnwood,WA,United States
15394,Corporate,Caguas,PR,Puerto Rico
15395,Corporate,Chicago,IL,United States
15396,Corporate,Manchester,CT,United States
15397,Corporate,Caguas,PR,Puerto Rico
15398,Consumer,Jackson Heights,NY,United States
15399,Consumer,Los Angeles,CA,United States
15400,Corporate,Saint Paul,MN,United States
15401,Consumer,Caguas,PR,Puerto Rico
15402,Consumer,Lewisville,TX,United States
15403,Home Office,Hollywood,FL,United States
15404,Consumer,Caguas,PR,Puerto Rico
15405,Consumer,Cicero,IL,United States
15406,Home Office,Brownsville,TX,United States
15407,Consumer,Caguas,PR,Puerto Rico
15408,Corporate,Memphis,TN,United States
15409,Consumer,Caguas,PR,Puerto Rico
15410,Consumer,Chicago,IL,United States
15411,Consumer,Tempe,AZ,United States
15412,Consumer,Caguas,PR,Puerto Rico
15413,Consumer,Baltimore,MD,United States
15414,Consumer,Bakersfield,CA,United States
15415,Consumer,Caguas,PR,Puerto Rico
15416,Corporate,Marietta,GA,United States
15417,Corporate,Moreno Valley,CA,United States
15418,Corporate,Caguas,PR,Puerto Rico
15419,Consumer,Chillicothe,OH,United States
15420,Home Office,Caguas,PR,Puerto Rico
15421,Home Office,Hampton,VA,United States
15422,Home Office,Chicago,IL,United States
15423,Home Office,Caguas,PR,Puerto Rico
15424,Home Office,Folsom,CA,United States
15425,Corporate,Caguas,PR,Puerto Rico
15426,Corporate,Los Angeles,CA,United States
15427,Corporate,Caguas,PR,Puerto Rico
15428,Corporate,Newark,OH,United States
15429,Home Office,Atlanta,GA,United States
15430,Consumer,Caguas,PR,Puerto Rico
15431,Consumer,Saint Paul,MN,United States
15432,Corporate,Caguas,PR,Puerto Rico
15433,Consumer,West New York,NJ,United States
15434,Corporate,Caguas,PR,Puerto Rico
15435,Corporate,Glendale,AZ,United States
15436,Home Office,Caguas,PR,Puerto Rico
15437,Consumer,Compton,CA,United States
15438,Consumer,Rego Park,NY,United States
15439,Consumer,Sheboygan,WI,United States
15440,Consumer,Caguas,PR,Puerto Rico
15441,Corporate,San Diego,CA,United States
15442,Consumer,Caguas,PR,Puerto Rico
15443,Consumer,Chicago,IL,United States
15444,Consumer,Salina,KS,United States
15445,Consumer,North Tonawanda,NY,United States
15446,Consumer,Caguas,PR,Puerto Rico
15447,Corporate,Wichita,KS,United States
15448,Consumer,Caguas,PR,Puerto Rico
15449,Consumer,Canton,MI,United States
15450,Consumer,Caguas,PR,Puerto Rico
15451,Consumer,Rio Grande,PR,Puerto Rico
15452,Consumer,Denver,CO,United States
15453,Corporate,Edison,NJ,United States
15454,Consumer,Caguas,PR,Puerto Rico
15455,Consumer,Morristown,NJ,United States
15456,Corporate,Caguas,PR,Puerto Rico
15457,Corporate,Flushing,NY,United States
15458,Corporate,Dallas,TX,United States
15459,Consumer,Long Beach,CA,United States
15460,Home Office,Caguas,PR,Puerto Rico
15461,Consumer,Mission,TX,United States
15462,Consumer,Augusta,GA,United States
15463,Home Office,Caguas,PR,Puerto Rico
15464,Consumer,North Las Vegas,NV,United States
15465,Home Office,Winnetka,CA,United States
15466,Home Office,Caguas,PR,Puerto Rico
15467,Home Office,Brooklyn,NY,United States
15468,Corporate,Jacksonville,NC,United States
15469,Corporate,Caguas,PR,Puerto Rico
15470,Corporate,Peoria,AZ,United States
15471,Corporate,Glenview,IL,United States
15472,Corporate,Caguas,PR,Puerto Rico
15473,Corporate,Houston,TX,United States
15474,Corporate,Caguas,PR,Puerto Rico
15475,Corporate,Sunnyvale,CA,United States
15476,Corporate,Caguas,PR,Puerto Rico
15477,Corporate,Chicago,IL,United States
15478,Corporate,Orange Park,FL,United States
15479,Corporate,Caguas,PR,Puerto Rico
15480,Home Office,Colorado Springs,CO,United States
15481,Corporate,Caguas,PR,Puerto Rico
15482,Home Office,Hyattsville,MD,United States
15483,Corporate,Caguas,PR,Puerto Rico
15484,Corporate,Chula Vista,CA,United States
15485,Consumer,Bakersfield,CA,United States
15486,Corporate,Caguas,PR,Puerto Rico
15487,Consumer,Sugar Land,TX,United States
15488,Corporate,Caguas,PR,Puerto Rico
15489,Corporate,Kent,WA,United States
15490,Corporate,Compton,CA,United States
15491,Corporate,Caguas,PR,Puerto Rico
15492,Home Office,Philadelphia,PA,United States
15493,Consumer,Chicago,IL,United States
15494,Consumer,El Centro,CA,United States
15495,Consumer,Caguas,PR,Puerto Rico
15496,Consumer,Oxnard,CA,United States
15497,Corporate,Los Angeles,CA,United States
15498,Corporate,Columbus,OH,United States
15499,Consumer,Caguas,PR,Puerto Rico
15500,Corporate,Hacienda Heights,CA,United States
15501,Corporate,Caguas,PR,Puerto Rico
15502,Consumer,Baltimore,MD,United States
15503,Corporate,Caguas,PR,Puerto Rico
15504,Home Office,Lansdale,PA,United States
15505,Corporate,Elk Grove,CA,United States
15506,Corporate,Caguas,PR,Puerto Rico
15507,Consumer,San Jose,CA,United States
15508,Consumer,Hampton,VA,United States
15509,Consumer,Caguas,PR,Puerto Rico
15510,Consumer,Montebello,CA,United States
15511,Consumer,Algonquin,IL,United States
15512,Home Office,Caguas,PR,Puerto Rico
15513,Corporate,Santa Ana,CA,United States
15514,Corporate,Las Vegas,NV,United States
15515,Corporate,Caguas,PR,Puerto Rico
15516,Corporate,Lancaster,OH,United States
15517,Consumer,Columbus,OH,United States
15518,Consumer,Saint Charles,MO,United States
15519,Corporate,Caguas,PR,Puerto Rico
15520,Corporate,Chicago,IL,United States
15521,Corporate,Cleveland,OH,United States
15522,Corporate,Tampa,FL,United States
15523,Home Office,Caguas,PR,Puerto Rico
15524,Consumer,Milwaukee,WI,United States
15525,Corporate,Caguas,PR,Puerto Rico
15526,Corporate,Middletown,CT,United States
15527,Corporate,Caguas,PR,Puerto Rico
15528,Consumer,Albuquerque,NM,United States
15529,Home Office,Caguas,PR,Puerto Rico
15530,Consumer,San Jose,CA,United States
15531,Home Office,Caguas,PR,Puerto Rico
15532,Consumer,Lynn,MA,United States
15533,Corporate,Caguas,PR,Puerto Rico
15534,Corporate,Newburgh,NY,United States
15535,Consumer,Caguas,PR,Puerto Rico
15536,Corporate,Huntington Park,CA,United States
15537,Corporate,Mission Viejo,CA,United States
15538,Corporate,Caguas,PR,Puerto Rico
15539,Corporate,Spring Valley,NY,United States
15540,Consumer,Caguas,PR,Puerto Rico
15541,Consumer,Toa Baja,PR,Puerto Rico
15542,Consumer,Las Cruces,NM,United States
15543,Consumer,Caguas,PR,Puerto Rico
15544,Consumer,Houston,TX,United States
15545,Consumer,Fort Worth,TX,United States
15546,Corporate,Irwin,PA,United States
15547,Corporate,Caguas,PR,Puerto Rico
15548,Corporate,Milwaukee,WI,United States
15549,Corporate,Caguas,PR,Puerto Rico
15550,Home Office,Billings,MT,United States
15551,Consumer,Caguas,PR,Puerto Rico
15552,Consumer,Dayton,OH,United States
15553,Consumer,Rowland Heights,CA,United States
15554,Corporate,Jacksonville,NC,United States
15555,Consumer,Caguas,PR,Puerto Rico
15556,Home Office,Denver,CO,United States
15557,Home Office,Los Angeles,CA,United States
15558,Home Office,Augusta,GA,United States
15559,Consumer,Caguas,PR,Puerto Rico
15560,Corporate,Freeport,NY,United States
15561,Consumer,Caguas,PR,Puerto Rico
15562,Corporate,Fountain Valley,CA,United States
15563,Corporate,Caguas,PR,Puerto Rico
15564,Corporate,Edison,NJ,United States
15565,Consumer,Caguas,PR,Puerto Rico
15566,Consumer,New Orleans,LA,United States
15567,Corporate,Carlsbad,CA,United States
15568,Consumer,Caguas,PR,Puerto Rico
15569,Corporate,Freeport,NY,United States
15570,Consumer,Caguas,PR,Puerto Rico
15571,Consumer,Houston,TX,United States
15572,Consumer,Caguas,PR,Puerto Rico
15573,Consumer,Oxnard,CA,United States
15574,Consumer,Houston,TX,United States
15575,Corporate,New York,NY,United States
15576,Consumer,Caguas,PR,Puerto Rico
15577,Consumer,Massapequa,NY,United States
15578,Consumer,Caguas,PR,Puerto Rico
15579,Consumer,Stamford,CT,United States
15580,Consumer,Hialeah,FL,United States
15581,Consumer,Caguas,PR,Puerto Rico
15582,Consumer,Opa Locka,FL,United States
15583,Corporate,Caguas,PR,Puerto Rico
15584,Consumer,Lynwood,CA,United States
15585,Consumer,Dallas,TX,United States
15586,Consumer,Caguas,PR,Puerto Rico
15587,Consumer,Aurora,IL,United States
15588,Consumer,Caguas,PR,Puerto Rico
15589,Consumer,Grand Prairie,TX,United States
15590,Consumer,Chicago,IL,United States
15591,Consumer,Caguas,PR,Puerto Rico
15592,Consumer,Virginia Beach,VA,United States
15593,Consumer,West Jordan,UT,United States
15594,Corporate,Caguas,PR,Puerto Rico
15595,Corporate,Cleveland,OH,United States
15596,Corporate,Caguas,PR,Puerto Rico
15597,Corporate,Phoenix,AZ,United States
15598,Corporate,Caguas,PR,Puerto Rico
15599,Corporate,Saint Louis,MO,United States
15600,Corporate,Woonsocket,RI,United States
15601,Corporate,Caguas,PR,Puerto Rico
15602,Corporate,Fort Lauderdale,FL,United States
15603,Corporate,Caguas,PR,Puerto Rico
15604,Corporate,Chicago,IL,United States
15605,Consumer,Caguas,PR,Puerto Rico
15606,Corporate,Woodbridge,VA,United States
15607,Consumer,Caguas,PR,Puerto Rico
15608,Corporate,Colorado Springs,CO,United States
15609,Corporate,Daly City,CA,United States
15610,Corporate,Caguas,PR,Puerto Rico
15611,Corporate,Tucson,AZ,United States
15612,Corporate,Caguas,PR,Puerto Rico
15613,Corporate,Irvington,NJ,United States
15614,Corporate,Middletown,OH,United States
15615,Corporate,Caguas,PR,Puerto Rico
15616,Corporate,Riverside,CA,United States
15617,Consumer,Del Rio,TX,United States
15618,Consumer,Caguas,PR,Puerto Rico
15619,Consumer,Buffalo,NY,United States
15620,Corporate,Broken Arrow,OK,United States
15621,Corporate,Birmingham,AL,United States
15622,Consumer,Caguas,PR,Puerto Rico
15623,Consumer,Jersey City,NJ,United States
15624,Corporate,Caguas,PR,Puerto Rico
15625,Consumer,Atlanta,GA,United States
15626,Consumer,Sandusky,OH,United States
15627,Consumer,Caguas,PR,Puerto Rico
15628,Consumer,Panorama City,CA,United States
15629,Consumer,Westland,MI,United States
15630,Consumer,Caguas,PR,Puerto Rico
15631,Consumer,Gilroy,CA,United States
15632,Consumer,Caguas,PR,Puerto Rico
15633,Consumer,Los Angeles,CA,United States
15634,Home Office,Caguas,PR,Puerto Rico
15635,Consumer,New York,NY,United States
15636,Consumer,Caguas,PR,Puerto Rico
15637,Home Office,Forest Hills,NY,United States
15638,Consumer,Caguas,PR,Puerto Rico
15639,Consumer,Rego Park,NY,United States
15640,Consumer,Caguas,PR,Puerto Rico
15641,Consumer,Fort Worth,TX,United States
15642,Consumer,North Tonawanda,NY,United States
15643,Consumer,Caguas,PR,Puerto Rico
15644,Consumer,Hollywood,FL,United States
15645,Consumer,Caguas,PR,Puerto Rico
15646,Corporate,Escondido,CA,United States
15647,Consumer,Caguas,PR,Puerto Rico
15648,Consumer,Washington,DC,United States
15649,Corporate,Pekin,IL,United States
15650,Corporate,Caguas,PR,Puerto Rico
15651,Corporate,El Paso,TX,United States
15652,Corporate,Newark,NJ,United States
15653,Corporate,Caguas,PR,Puerto Rico
15654,Consumer,Staten Island,NY,United States
15655,Corporate,Caguas,PR,Puerto Rico
15656,Corporate,Sacramento,CA,United States
15657,Consumer,Caguas,PR,Puerto Rico
15658,Corporate,Lakewood,NJ,United States
15659,Corporate,Caguas,PR,Puerto Rico
15660,Corporate,Las Vegas,NV,United States
15661,Corporate,Ann Arbor,MI,United States
15662,Consumer,Memphis,TN,United States
15663,Consumer,Caguas,PR,Puerto Rico
15664,Corporate,Corona,NY,United States
15665,Consumer,Van Nuys,CA,United States
15666,Consumer,Caguas,PR,Puerto Rico
15667,Consumer,Mechanicsburg,PA,United States
15668,Consumer,Rancho Cucamonga,CA,United States
15669,Consumer,Caguas,PR,Puerto Rico
15670,Consumer,El Paso,TX,United States
15671,Consumer,Caguas,PR,Puerto Rico
15672,Consumer,Hollister,CA,United States
15673,Consumer,Caguas,PR,Puerto Rico
15674,Consumer,Brooklyn,NY,United States
15675,Corporate,Olathe,KS,United States
15676,Corporate,West Jordan,UT,United States
15677,Corporate,Caguas,PR,Puerto Rico
15678,Corporate,El Cajon,CA,United States
15679,Corporate,Hamilton,OH,United States
15680,Consumer,Caguas,PR,Puerto Rico
15681,Consumer,Hayward,CA,United States
15682,Consumer,San Jose,CA,United States
15683,Consumer,Caguas,PR,Puerto Rico
15684,Consumer,Edison,NJ,United States
15685,Consumer,Caguas,PR,Puerto Rico
15686,Consumer,Bell Gardens,CA,United States
15687,Consumer,Los Angeles,CA,United States
15688,Corporate,Caguas,PR,Puerto Rico
15689,Consumer,Laguna Niguel,CA,United States
15690,Consumer,Stockton,CA,United States
15691,Consumer,Caguas,PR,Puerto Rico
15692,Corporate,Newark,DE,United States
15693,Home Office,Columbia,SC,United States
15694,Home Office,Caguas,PR,Puerto Rico
15695,Home Office,New York,NY,United States
15696,Home Office,Caguas,PR,Puerto Rico
15697,Consumer,Vacaville,CA,United States
15698,Consumer,Aurora,IL,United States
15699,Consumer,Caguas,PR,Puerto Rico
15700,Consumer,New York,NY,United States
15701,Corporate,Caguas,PR,Puerto Rico
15702,Corporate,Chicago,IL,United States
15703,Corporate,Henrico,VA,United States
15704,Consumer,Baltimore,MD,United States
15705,Corporate,Caguas,PR,Puerto Rico
15706,Consumer,National City,CA,United States
15707,Corporate,Los Angeles,CA,United States
15708,Consumer,Caguas,PR,Puerto Rico
15709,Consumer,Sunnyvale,CA,United States
15710,Consumer,Des Plaines,IL,United States
15711,Consumer,Fremont,CA,United States
15712,Consumer,Lancaster,PA,United States
15713,Corporate,Caguas,PR,Puerto Rico
15714,Corporate,Brooklyn,NY,United States
15715,Corporate,Bronx,NY,United States
15716,Corporate,Pawtucket,RI,United States
15717,Consumer,Caguas,PR,Puerto Rico
15718,Consumer,Dallas,TX,United States
15719,Consumer,Martinsburg,WV,United States
15720,Consumer,Caguas,PR,Puerto Rico
15721,Consumer,Bronx,NY,United States
15722,Consumer,Caguas,PR,Puerto Rico
15723,Home Office,Kailua,HI,United States
15724,Home Office,Caguas,PR,Puerto Rico
15725,Home Office,Rialto,CA,United States
15726,Home Office,San Jose,CA,United States
15727,Consumer,Caguas,PR,Puerto Rico
15728,Consumer,Arlington,TX,United States
15729,Consumer,San Jose,CA,United States
15730,Consumer,Caguas,PR,Puerto Rico
15731,Consumer,Los Angeles,CA,United States
15732,Corporate,Caguas,PR,Puerto Rico
15733,Consumer,Moreno Valley,CA,United States
15734,Consumer,Caguas,PR,Puerto Rico
15735,Consumer,Bronx,NY,United States
15736,Consumer,Hendersonville,TN,United States
15737,Consumer,Caguas,PR,Puerto Rico
15738,Consumer,Salem,OR,United States
15739,Consumer,Caguas,PR,Puerto Rico
15740,Consumer,Chicago,IL,United States
15741,Consumer,Caguas,PR,Puerto Rico
15742,Consumer,New York,NY,United States
15743,Consumer,Caguas,PR,Puerto Rico
15744,Consumer,Annandale,VA,United States
15745,Consumer,Caguas,PR,Puerto Rico
15746,Consumer,Glenview,IL,United States
15747,Consumer,Caguas,PR,Puerto Rico
15748,Consumer,Forest Hills,NY,United States
15749,Home Office,Ballwin,MO,United States
15750,Consumer,Caguas,PR,Puerto Rico
15751,Home Office,Woodbridge,VA,United States
15752,Home Office,Caguas,PR,Puerto Rico
15753,Consumer,Los Angeles,CA,United States
15754,Consumer,Caguas,PR,Puerto Rico
15755,Consumer,New York,NY,United States
15756,Consumer,Pompano Beach,FL,United States
15757,Corporate,Caguas,PR,Puerto Rico
15758,Consumer,Del Rio,TX,United States
15759,Consumer,Caguas,PR,Puerto Rico
15760,Consumer,Aurora,CO,United States
15761,Consumer,Caguas,PR,Puerto Rico
15762,Corporate,Elmhurst,IL,United States
15763,Consumer,Caguas,PR,Puerto Rico
15764,Corporate,Chicago,IL,United States
15765,Consumer,Caguas,PR,Puerto Rico
15766,Consumer,Hagerstown,MD,United States
15767,Consumer,Fountain Valley,CA,United States
15768,Corporate,Stockton,CA,United States
15769,Home Office,East Lansing,MI,United States
15770,Corporate,Mount Pleasant,MI,United States
15771,Home Office,Caguas,PR,Puerto Rico
15772,Home Office,Brooklyn,NY,United States
15773,Home Office,Baltimore,MD,United States
15774,Home Office,Taunton,MA,United States
15775,Home Office,Caguas,PR,Puerto Rico
15776,Corporate,Chapel Hill,NC,United States
15777,Corporate,Caguas,PR,Puerto Rico
15778,Corporate,Rio Grande,PR,Puerto Rico
15779,Home Office,Caguas,PR,Puerto Rico
15780,Corporate,Virginia Beach,VA,United States
15781,Corporate,Caguas,PR,Puerto Rico
15782,Consumer,Arecibo,PR,Puerto Rico
15783,Consumer,El Paso,TX,United States
15784,Corporate,Caguas,PR,Puerto Rico
15785,Consumer,San Diego,CA,United States
15786,Consumer,Loveland,OH,United States
15787,Consumer,Caguas,PR,Puerto Rico
15788,Consumer,Chicago,IL,United States
15789,Consumer,Lynn,MA,United States
15790,Consumer,Caguas,PR,Puerto Rico
15791,Consumer,New Orleans,LA,United States
15792,Home Office,Caguas,PR,Puerto Rico
15793,Consumer,Lutz,FL,United States
15794,Home Office,Caguas,PR,Puerto Rico
15795,Consumer,Los Angeles,CA,United States
15796,Consumer,Caguas,PR,Puerto Rico
15797,Home Office,San Diego,CA,United States
15798,Home Office,Denver,CO,United States
15799,Home Office,Caguas,PR,Puerto Rico
15800,Home Office,Martinez,CA,United States
15801,Consumer,Rock Hill,SC,United States
15802,Consumer,Caguas,PR,Puerto Rico
15803,Consumer,San Juan,PR,Puerto Rico
15804,Consumer,Las Vegas,NV,United States
15805,Corporate,Rome,NY,United States
15806,Corporate,Hialeah,FL,United States
15807,Corporate,Caguas,PR,Puerto Rico
15808,Corporate,Princeton,NJ,United States
15809,Corporate,Caguas,PR,Puerto Rico
15810,Corporate,Chicago,IL,United States
15811,Consumer,Caguas,PR,Puerto Rico
15812,Consumer,Tonawanda,NY,United States
15813,Consumer,Columbia,SC,United States
15814,Corporate,Caguas,PR,Puerto Rico
15815,Corporate,Union City,NJ,United States
15816,Home Office,Detroit,MI,United States
15817,Consumer,Portland,OR,United States
15818,Corporate,Caguas,PR,Puerto Rico
15819,Corporate,Brooklyn,NY,United States
15820,Corporate,Pasadena,MD,United States
15821,Consumer,Placentia,CA,United States
15822,Corporate,Laredo,TX,United States
15823,Corporate,Caguas,PR,Puerto Rico
15824,Consumer,Augusta,GA,United States
15825,Consumer,Pittsfield,MA,United States
15826,Consumer,Caguas,PR,Puerto Rico
15827,Consumer,Carson,CA,United States
15828,Consumer,Los Angeles,CA,United States
15829,Consumer,Caguas,PR,Puerto Rico
15830,Corporate,Chicago,IL,United States
15831,Corporate,Caguas,PR,Puerto Rico
15832,Corporate,San Bernardino,CA,United States
15833,Corporate,Caguas,PR,Puerto Rico
15834,Corporate,Plano,TX,United States
15835,Corporate,Caguas,PR,Puerto Rico
15836,Consumer,Moreno Valley,CA,United States
15837,Corporate,Caguas,PR,Puerto Rico
15838,Consumer,Moreno Valley,CA,United States
15839,Consumer,Philadelphia,PA,United States
15840,Corporate,College Station,TX,United States
15841,Corporate,Caguas,PR,Puerto Rico
15842,Home Office,El Paso,TX,United States
15843,Corporate,Clovis,CA,United States
15844,Corporate,Caguas,PR,Puerto Rico
15845,Home Office,Philadelphia,PA,United States
15846,Home Office,Caguas,PR,Puerto Rico
15847,Corporate,Salina,KS,United States
15848,Corporate,Caguas,PR,Puerto Rico
15849,Corporate,Madera,CA,United States
15850,Corporate,Caguas,PR,Puerto Rico
15851,Home Office,Daly City,CA,United States
15852,Home Office,Houston,TX,United States
15853,Home Office,Chicago,IL,United States
15854,Home Office,Caguas,PR,Puerto Rico
15855,Home Office,Flushing,NY,United States
15856,Corporate,Catonsville,MD,United States
15857,Corporate,Caguas,PR,Puerto Rico
15858,Corporate,Atlanta,GA,United States
15859,Corporate,Caguas,PR,Puerto Rico
15860,Corporate,Clementon,NJ,United States
15861,Corporate,Caguas,PR,Puerto Rico
15862,Corporate,Fort Lauderdale,FL,United States
15863,Corporate,Caguas,PR,Puerto Rico
15864,Consumer,Chicago,IL,United States
15865,Consumer,Caguas,PR,Puerto Rico
15866,Corporate,Houston,TX,United States
15867,Consumer,Caguas,PR,Puerto Rico
15868,Corporate,Rego Park,NY,United States
15869,Corporate,Caguas,PR,Puerto Rico
15870,Corporate,Greensboro,NC,United States
15871,Home Office,Caguas,PR,Puerto Rico
15872,Corporate,Palatine,IL,United States
15873,Corporate,Caguas,PR,Puerto Rico
15874,Corporate,Mililani,HI,United States
15875,Home Office,Caguas,PR,Puerto Rico
15876,Home Office,Salinas,CA,United States
15877,Corporate,Lockport,NY,United States
15878,Corporate,Caguas,PR,Puerto Rico
15879,Consumer,West Lafayette,IN,United States
15880,Consumer,Los Angeles,CA,United States
15881,Consumer,Caguas,PR,Puerto Rico
15882,Consumer,Corona,CA,United States
15883,Consumer,Caguas,PR,Puerto Rico
15884,Corporate,Chicago,IL,United States
15885,Corporate,Cupertino,CA,United States
15886,Corporate,Diamond Bar,CA,United States
15887,Corporate,Caguas,PR,Puerto Rico
15888,Corporate,Hialeah,FL,United States
15889,Corporate,Caguas,PR,Puerto Rico
15890,Corporate,Brooklyn,NY,United States
15891,Consumer,Tucson,AZ,United States
15892,Consumer,Caguas,PR,Puerto Rico
15893,Consumer,Pomona,CA,United States
15894,Corporate,Caguas,PR,Puerto Rico
15895,Consumer,Chicago,IL,United States
15896,Home Office,Caguas,PR,Puerto Rico
15897,Consumer,Miami,FL,United States
15898,Consumer,Caguas,PR,Puerto Rico
15899,Home Office,Greensboro,NC,United States
15900,Home Office,Caguas,PR,Puerto Rico
15901,Home Office,Santa Clara,CA,United States
15902,Corporate,Caguas,PR,Puerto Rico
15903,Consumer,Pacoima,CA,United States
15904,Consumer,San Francisco,CA,United States
15905,Consumer,Waipahu,HI,United States
15906,Consumer,Algonquin,IL,United States
15907,Consumer,New Bedford,MA,United States
15908,Consumer,Caguas,PR,Puerto Rico
15909,Consumer,Hialeah,FL,United States
15910,Consumer,Caguas,PR,Puerto Rico
15911,Consumer,Augusta,GA,United States
15912,Consumer,Caguas,PR,Puerto Rico
15913,Consumer,Wheeling,WV,United States
15914,Consumer,Caguas,PR,Puerto Rico
15915,Consumer,Brooklyn,NY,United States
15916,Consumer,Caguas,PR,Puerto Rico
15917,Consumer,Wyoming,MI,United States
15918,Home Office,Richmond,VA,United States
15919,Home Office,Caguas,PR,Puerto Rico
15920,Home Office,Bay Shore,NY,United States
15921,Home Office,San Bernardino,CA,United States
15922,Consumer,Caguas,PR,Puerto Rico
15923,Corporate,Findlay,OH,United States
15924,Corporate,Caguas,PR,Puerto Rico
15925,Consumer,Austin,TX,United States
15926,Consumer,Caguas,PR,Puerto Rico
15927,Consumer,San Diego,CA,United States
15928,Corporate,Campbell,CA,United States
15929,Consumer,Caguas,PR,Puerto Rico
15930,Home Office,Montebello,CA,United States
15931,Consumer,Winter Park,FL,United States
15932,Consumer,Caguas,PR,Puerto Rico
15933,Consumer,New York,NY,United States
15934,Consumer,Caguas,PR,Puerto Rico
15935,Consumer,Toa Baja,PR,Puerto Rico
15936,Consumer,Escondido,CA,United States
15937,Consumer,Caguas,PR,Puerto Rico
15938,Corporate,Antioch,CA,United States
15939,Corporate,Philadelphia,PA,United States
15940,Home Office,Caguas,PR,Puerto Rico
15941,Consumer,Chicago,IL,United States
15942,Consumer,Phoenix,AZ,United States
15943,Consumer,Caguas,PR,Puerto Rico
15944,Consumer,Escondido,CA,United States
15945,Corporate,Caguas,PR,Puerto Rico
15946,Corporate,San Jose,CA,United States
15947,Corporate,Caguas,PR,Puerto Rico
15948,Consumer,Clovis,CA,United States
15949,Consumer,Caguas,PR,Puerto Rico
15950,Consumer,Danbury,CT,United States
15951,Consumer,Fort Lauderdale,FL,United States
15952,Home Office,Caguas,PR,Puerto Rico
15953,Consumer,Piscataway,NJ,United States
15954,Home Office,Clovis,CA,United States
15955,Corporate,San Antonio,TX,United States
15956,Corporate,Caguas,PR,Puerto Rico
15957,Consumer,Troy,NY,United States
15958,Consumer,Caguas,PR,Puerto Rico
15959,Consumer,Fort Lauderdale,FL,United States
15960,Consumer,Lawrenceville,GA,United States
15961,Consumer,Cleveland,OH,United States
15962,Consumer,Caguas,PR,Puerto Rico
15963,Home Office,Hesperia,CA,United States
15964,Consumer,Los Angeles,CA,United States
15965,Corporate,Endicott,NY,United States
15966,Consumer,Caguas,PR,Puerto Rico
15967,Home Office,Aurora,CO,United States
15968,Consumer,Caguas,PR,Puerto Rico
15969,Consumer,Lindenhurst,NY,United States
15970,Corporate,Caguas,PR,Puerto Rico
15971,Corporate,Encinitas,CA,United States
15972,Corporate,Caguas,PR,Puerto Rico
15973,Corporate,La Mesa,CA,United States
15974,Corporate,Caguas,PR,Puerto Rico
15975,Corporate,Washington,DC,United States
15976,Corporate,Caguas,PR,Puerto Rico
15977,Home Office,Atlanta,GA,United States
15978,Home Office,Caguas,PR,Puerto Rico
15979,Home Office,Reseda,CA,United States
15980,Home Office,Bismarck,ND,United States
15981,Home Office,Rochester,NY,United States
15982,Home Office,Caguas,PR,Puerto Rico
15983,Consumer,South San Francisco,CA,United States
15984,Consumer,San Diego,CA,United States
15985,Consumer,Caguas,PR,Puerto Rico
15986,Consumer,Philadelphia,PA,United States
15987,Home Office,Caguas,PR,Puerto Rico
15988,Corporate,La Mesa,CA,United States
15989,Consumer,Caguas,PR,Puerto Rico
15990,Corporate,Los Angeles,CA,United States
15991,Corporate,Brooklyn,NY,United States
15992,Corporate,Caguas,PR,Puerto Rico
15993,Corporate,Las Vegas,NV,United States
15994,Corporate,Caguas,PR,Puerto Rico
15995,Corporate,North Las Vegas,NV,United States
15996,Consumer,Sandusky,OH,United States
15997,Corporate,Caguas,PR,Puerto Rico
15998,Corporate,Annandale,VA,United States
15999,Consumer,Caguas,PR,Puerto Rico
16000,Corporate,North Las Vegas,NV,United States
16001,Corporate,Caguas,PR,Puerto Rico
16002,Corporate,Chicago,IL,United States
16003,Corporate,Honolulu,HI,United States
16004,Corporate,Caguas,PR,Puerto Rico
16005,Home Office,West Jordan,UT,United States
16006,Corporate,Caguas,PR,Puerto Rico
16007,Home Office,Harlingen,TX,United States
16008,Consumer,La Crosse,WI,United States
16009,Corporate,Caguas,PR,Puerto Rico
16010,Corporate,Salt Lake City,UT,United States
16011,Corporate,Fort Lauderdale,FL,United States
16012,Corporate,Caguas,PR,Puerto Rico
16013,Corporate,Chicago,IL,United States
16014,Consumer,Fort Lauderdale,FL,United States
16015,Consumer,Caguas,PR,Puerto Rico
16016,Corporate,Palatine,IL,United States
16017,Consumer,Caguas,PR,Puerto Rico
16018,Consumer,New York,NY,United States
16019,Corporate,Goleta,CA,United States
16020,Consumer,Caguas,PR,Puerto Rico
16021,Consumer,Chicago,IL,United States
16022,Consumer,Jersey City,NJ,United States
16023,Consumer,Caguas,PR,Puerto Rico
16024,Consumer,La Mesa,CA,United States
16025,Consumer,Caguas,PR,Puerto Rico
16026,Consumer,Colorado Springs,CO,United States
16027,Consumer,Caguas,PR,Puerto Rico
16028,Consumer,Richmond,KY,United States
16029,Consumer,Caguas,PR,Puerto Rico
16030,Consumer,Pomona,CA,United States
16031,Consumer,Catonsville,MD,United States
16032,Consumer,Caguas,PR,Puerto Rico
16033,Consumer,Miami,FL,United States
16034,Corporate,Tucson,AZ,United States
16035,Consumer,Caguas,PR,Puerto Rico
16036,Consumer,Moreno Valley,CA,United States
16037,Consumer,Caguas,PR,Puerto Rico
16038,Consumer,Stamford,CT,United States
16039,Consumer,Longmont,CO,United States
16040,Consumer,Fullerton,CA,United States
16041,Consumer,Caguas,PR,Puerto Rico
16042,Consumer,New York,NY,United States
16043,Consumer,Caguas,PR,Puerto Rico
16044,Consumer,Brooklyn,NY,United States
16045,Home Office,Hollywood,FL,United States
16046,Home Office,Stafford,VA,United States
16047,Consumer,Caguas,PR,Puerto Rico
16048,Consumer,Aurora,CO,United States
16049,Corporate,Brooklyn,NY,United States
16050,Consumer,Caguas,PR,Puerto Rico
16051,Consumer,New York,NY,United States
16052,Corporate,Chicago,IL,United States
16053,Corporate,Jackson,MI,United States
16054,Home Office,Caguas,PR,Puerto Rico
16055,Consumer,West Haven,CT,United States
16056,Corporate,Aurora,CO,United States
16057,Corporate,Caguas,PR,Puerto Rico
16058,Consumer,Brooklyn,NY,United States
16059,Consumer,Bayonne,NJ,United States
16060,Corporate,Lutz,FL,United States
16061,Corporate,Caguas,PR,Puerto Rico
16062,Consumer,Oceanside,CA,United States
16063,Corporate,Caguas,PR,Puerto Rico
16064,Consumer,Elgin,IL,United States
16065,Consumer,North Tonawanda,NY,United States
16066,Consumer,Caguas,PR,Puerto Rico
16067,Consumer,Laredo,TX,United States
16068,Corporate,Caguas,PR,Puerto Rico
16069,Consumer,El Paso,TX,United States
16070,Consumer,Caguas,PR,Puerto Rico
16071,Home Office,San Jose,CA,United States
16072,Corporate,Caguas,PR,Puerto Rico
16073,Consumer,Bronx,NY,United States
16074,Consumer,Caguas,PR,Puerto Rico
16075,Consumer,Tempe,AZ,United States
16076,Consumer,Caguas,PR,Puerto Rico
16077,Consumer,Miami,FL,United States
16078,Consumer,Caguas,PR,Puerto Rico
16079,Consumer,Los Angeles,CA,United States
16080,Consumer,Caguas,PR,Puerto Rico
16081,Consumer,Watsonville,CA,United States
16082,Consumer,New York,NY,United States
16083,Consumer,Cumberland,MD,United States
16084,Consumer,Caguas,PR,Puerto Rico
16085,Corporate,Union City,CA,United States
16086,Corporate,Pompano Beach,FL,United States
16087,Consumer,San Antonio,TX,United States
16088,Consumer,Caguas,PR,Puerto Rico
16089,Consumer,Princeton,NJ,United States
16090,Consumer,Caguas,PR,Puerto Rico
16091,Consumer,Mount Prospect,IL,United States
16092,Consumer,Philadelphia,PA,United States
16093,Corporate,Caguas,PR,Puerto Rico
16094,Home Office,Huntington Beach,CA,United States
16095,Home Office,Philadelphia,PA,United States
16096,Home Office,Del Rio,TX,United States
16097,Home Office,Caguas,PR,Puerto Rico
16098,Home Office,Troy,NY,United States
16099,Home Office,Caguas,PR,Puerto Rico
16100,Corporate,Virginia Beach,VA,United States
16101,Corporate,Caguas,PR,Puerto Rico
16102,Home Office,Princeton,NJ,United States
16103,Home Office,Caguas,PR,Puerto Rico
16104,Consumer,Salem,OR,United States
16105,Home Office,San Bernardino,CA,United States
16106,Corporate,Caguas,PR,Puerto Rico
16107,Corporate,Mentor,OH,United States
16108,Home Office,Caguas,PR,Puerto Rico
16109,Consumer,Bell Gardens,CA,United States
16110,Consumer,El Cajon,CA,United States
16111,Corporate,Caguas,PR,Puerto Rico
16112,Corporate,Fargo,ND,United States
16113,Corporate,Caguas,PR,Puerto Rico
16114,Consumer,Brooklyn,NY,United States
16115,Consumer,New York,NY,United States
16116,Consumer,Aurora,IL,United States
16117,Corporate,Caguas,PR,Puerto Rico
16118,Consumer,Philadelphia,PA,United States
16119,Consumer,Caguas,PR,Puerto Rico
16120,Consumer,Dallas,TX,United States
16121,Consumer,Apex,NC,United States
16122,Corporate,Caguas,PR,Puerto Rico
16123,Corporate,Philadelphia,PA,United States
16124,Corporate,Caguas,PR,Puerto Rico
16125,Corporate,San Juan,PR,Puerto Rico
16126,Corporate,Virginia Beach,VA,United States
16127,Home Office,Caguas,PR,Puerto Rico
16128,Home Office,Los Angeles,CA,United States
16129,Consumer,Compton,CA,United States
16130,Home Office,Dearborn,MI,United States
16131,Home Office,Portland,OR,United States
16132,Home Office,Caguas,PR,Puerto Rico
16133,Home Office,Ypsilanti,MI,United States
16134,Home Office,Caguas,PR,Puerto Rico
16135,Home Office,La Habra,CA,United States
16136,Corporate,Las Vegas,NV,United States
16137,Consumer,Hollywood,FL,United States
16138,Corporate,Caguas,PR,Puerto Rico
16139,Home Office,Baldwin Park,CA,United States
16140,Home Office,Chandler,AZ,United States
16141,Home Office,Caguas,PR,Puerto Rico
16142,Home Office,Columbus,OH,United States
16143,Home Office,Caguas,PR,Puerto Rico
16144,Home Office,Westerville,OH,United States
16145,Consumer,Caguas,PR,Puerto Rico
16146,Corporate,Springfield,MO,United States
16147,Consumer,Fort Worth,TX,United States
16148,Consumer,Caguas,PR,Puerto Rico
16149,Consumer,Chicago,IL,United States
16150,Consumer,Los Angeles,CA,United States
16151,Consumer,Caguas,PR,Puerto Rico
16152,Corporate,San Jose,CA,United States
16153,Consumer,Lakewood,OH,United States
16154,Consumer,Las Vegas,NV,United States
16155,Consumer,Caguas,PR,Puerto Rico
16156,Home Office,Los Angeles,CA,United States
16157,Home Office,Mount Pleasant,MI,United States
16158,Home Office,Caguas,PR,Puerto Rico
16159,Consumer,Humacao,PR,Puerto Rico
16160,Consumer,Douglasville,GA,United States
16161,Corporate,Caguas,PR,Puerto Rico
16162,Home Office,Simi Valley,CA,United States
16163,Corporate,Caguas,PR,Puerto Rico
16164,Corporate,Loveland,OH,United States
16165,Corporate,Caguas,PR,Puerto Rico
16166,Home Office,Norfolk,VA,United States
16167,Consumer,Caguas,PR,Puerto Rico
16168,Consumer,Norcross,GA,United States
16169,Consumer,Caguas,PR,Puerto Rico
16170,Consumer,Modesto,CA,United States
16171,Home Office,El Centro,CA,United States
16172,Home Office,Caguas,PR,Puerto Rico
16173,Consumer,Chapel Hill,NC,United States
16174,Corporate,Caguas,PR,Puerto Rico
16175,Corporate,Potomac,MD,United States
16176,Corporate,Caguas,PR,Puerto Rico
16177,Corporate,Elyria,OH,United States
16178,Corporate,Cupertino,CA,United States
16179,Corporate,Caguas,PR,Puerto Rico
16180,Corporate,Ontario,CA,United States
16181,Home Office,Caguas,PR,Puerto Rico
16182,Home Office,Kent,WA,United States
16183,Home Office,Caguas,PR,Puerto Rico
16184,Home Office,Lake Forest,CA,United States
16185,Home Office,San Bernardino,CA,United States
16186,Home Office,Caguas,PR,Puerto Rico
16187,Home Office,Jersey City,NJ,United States
16188,Consumer,Caguas,PR,Puerto Rico
16189,Consumer,Fresno,CA,United States
16190,Corporate,Columbus,GA,United States
16191,Consumer,Los Angeles,CA,United States
16192,Consumer,Caguas,PR,Puerto Rico
16193,Consumer,Rosemead,CA,United States
16194,Consumer,Salt Lake City,UT,United States
16195,Consumer,Caguas,PR,Puerto Rico
16196,Home Office,Pico Rivera,CA,United States
16197,Home Office,Hayward,CA,United States
16198,Consumer,West New York,NJ,United States
16199,Consumer,Warren,MI,United States
16200,Consumer,Los Angeles,CA,United States
16201,Consumer,Caguas,PR,Puerto Rico
16202,Home Office,Garden Grove,CA,United States
16203,Home Office,Caguas,PR,Puerto Rico
16204,Corporate,Miami,FL,United States
16205,Home Office,Caguas,PR,Puerto Rico
16206,Home Office,San Sebastian,PR,Puerto Rico
16207,Home Office,Caguas,PR,Puerto Rico
16208,Consumer,Brooklyn,NY,United States
16209,Corporate,Tempe,AZ,United States
16210,Corporate,Caguas,PR,Puerto Rico
16211,Consumer,Mentor,OH,United States
16212,Consumer,Caguas,PR,Puerto Rico
16213,Consumer,Los Angeles,CA,United States
16214,Home Office,Caguas,PR,Puerto Rico
16215,Home Office,Madera,CA,United States
16216,Home Office,Caguas,PR,Puerto Rico
16217,Home Office,Hamtramck,MI,United States
16218,Corporate,Caguas,PR,Puerto Rico
16219,Corporate,El Paso,TX,United States
16220,Corporate,Caguas,PR,Puerto Rico
16221,Corporate,Las Vegas,NV,United States
16222,Corporate,Irving,TX,United States
16223,Corporate,Columbia,MO,United States
16224,Corporate,Memphis,TN,United States
16225,Corporate,Caguas,PR,Puerto Rico
16226,Home Office,Powder Springs,GA,United States
16227,Home Office,Levittown,NY,United States
16228,Home Office,Garden Grove,CA,United States
16229,Corporate,Caguas,PR,Puerto Rico
16230,Consumer,Manchester,CT,United States
16231,Consumer,Caguas,PR,Puerto Rico
16232,Home Office,Pompano Beach,FL,United States
16233,Consumer,Caguas,PR,Puerto Rico
16234,Consumer,Toms River,NJ,United States
16235,Consumer,Caguas,PR,Puerto Rico
16236,Corporate,Germantown,MD,United States
16237,Home Office,Caguas,PR,Puerto Rico
16238,Home Office,Miami,FL,United States
16239,Home Office,San Francisco,CA,United States
16240,Home Office,Hagerstown,MD,United States
16241,Home Office,Quincy,MA,United States
16242,Home Office,Upland,CA,United States
16243,Consumer,Brandon,FL,United States
16244,Home Office,Caguas,PR,Puerto Rico
16245,Home Office,Lakewood,NJ,United States
16246,Home Office,Caguas,PR,Puerto Rico
16247,Consumer,Lancaster,CA,United States
16248,Consumer,Hendersonville,TN,United States
16249,Consumer,Brooklyn,NY,United States
16250,Home Office,Caguas,PR,Puerto Rico
16251,Consumer,Bloomfield,NJ,United States
16252,Consumer,Caguas,PR,Puerto Rico
16253,Corporate,Toa Alta,PR,Puerto Rico
16254,Consumer,Tempe,AZ,United States
16255,Corporate,Caguas,PR,Puerto Rico
16256,Corporate,Beaverton,OR,United States
16257,Corporate,Caguas,PR,Puerto Rico
16258,Corporate,West Jordan,UT,United States
16259,Consumer,Caguas,PR,Puerto Rico
16260,Consumer,Salt Lake City,UT,United States
16261,Corporate,Silver Spring,MD,United States
16262,Consumer,Richmond,VA,United States
16263,Consumer,Caguas,PR,Puerto Rico
16264,Consumer,El Paso,TX,United States
16265,Corporate,El Paso,TX,United States
16266,Corporate,Caguas,PR,Puerto Rico
16267,Consumer,Bakersfield,CA,United States
16268,Consumer,Aurora,IL,United States
16269,Consumer,Greeley,CO,United States
16270,Consumer,Caguas,PR,Puerto Rico
16271,Consumer,Fremont,CA,United States
16272,Home Office,Chesapeake,VA,United States
16273,Consumer,Aurora,CO,United States
16274,Home Office,Caguas,PR,Puerto Rico
16275,Consumer,Mechanicsburg,PA,United States
16276,Home Office,Salinas,CA,United States
16277,Consumer,Caguas,PR,Puerto Rico
16278,Corporate,Palatine,IL,United States
16279,Consumer,Caguas,PR,Puerto Rico
16280,Consumer,Hampton,VA,United States
16281,Home Office,Caguas,PR,Puerto Rico
16282,Consumer,Ontario,CA,United States
16283,Home Office,Columbia,MO,United States
16284,Consumer,New Braunfels,TX,United States
16285,Home Office,Caguas,PR,Puerto Rico
16286,Home Office,El Paso,TX,United States
16287,Corporate,Caguas,PR,Puerto Rico
16288,Corporate,Orlando,FL,United States
16289,Consumer,South Richmond Hill,NY,United States
16290,Consumer,Caguas,PR,Puerto Rico
16291,Consumer,New York,NY,United States
16292,Consumer,Laredo,TX,United States
16293,Consumer,Caguas,PR,Puerto Rico
16294,Consumer,Newark,OH,United States
16295,Consumer,Caguas,PR,Puerto Rico
16296,Consumer,San Antonio,TX,United States
16297,Corporate,Caguas,PR,Puerto Rico
16298,Corporate,Watsonville,CA,United States
16299,Corporate,Nashville,TN,United States
16300,Corporate,Laredo,TX,United States
16301,Corporate,Caguas,PR,Puerto Rico
16302,Corporate,Jacksonville,FL,United States
16303,Corporate,Caguas,PR,Puerto Rico
16304,Consumer,Chandler,AZ,United States
16305,Home Office,Los Angeles,CA,United States
16306,Home Office,Caguas,PR,Puerto Rico
16307,Home Office,Joliet,IL,United States
16308,Consumer,Caguas,PR,Puerto Rico
16309,Corporate,Bronx,NY,United States
16310,Corporate,Moreno Valley,CA,United States
16311,Home Office,Caguas,PR,Puerto Rico
16312,Consumer,Normal,IL,United States
16313,Corporate,Caguas,PR,Puerto Rico
16314,Corporate,Orlando,FL,United States
16315,Corporate,Caguas,PR,Puerto Rico
16316,Corporate,Bakersfield,CA,United States
16317,Corporate,Caguas,PR,Puerto Rico
16318,Corporate,Greensburg,PA,United States
16319,Consumer,Caguas,PR,Puerto Rico
16320,Corporate,North Bergen,NJ,United States
16321,Corporate,Palo Alto,CA,United States
16322,Home Office,Caguas,PR,Puerto Rico
16323,Consumer,Garland,TX,United States
16324,Corporate,Miami,FL,United States
16325,Corporate,Caguas,PR,Puerto Rico
16326,Corporate,Aurora,CO,United States
16327,Consumer,Caguas,PR,Puerto Rico
16328,Corporate,Waukegan,IL,United States
16329,Consumer,Los Angeles,CA,United States
16330,Corporate,Caguas,PR,Puerto Rico
16331,Home Office,Brooklyn,NY,United States
16332,Consumer,Orlando,FL,United States
16333,Corporate,Caguas,PR,Puerto Rico
16334,Corporate,Martinsburg,WV,United States
16335,Consumer,Caguas,PR,Puerto Rico
16336,Corporate,Moline,IL,United States
16337,Corporate,Caguas,PR,Puerto Rico
16338,Corporate,Oceanside,CA,United States
16339,Corporate,Cleveland,OH,United States
16340,Corporate,Caguas,PR,Puerto Rico
16341,Home Office,South San Francisco,CA,United States
16342,Consumer,Tucson,AZ,United States
16343,Consumer,Caguas,PR,Puerto Rico
16344,Consumer,Lakewood,NJ,United States
16345,Consumer,Mount Prospect,IL,United States
16346,Consumer,Caguas,PR,Puerto Rico
16347,Home Office,El Paso,TX,United States
16348,Corporate,South Ozone Park,NY,United States
16349,Corporate,Caguas,PR,Puerto Rico
16350,Corporate,Manchester,CT,United States
16351,Corporate,Caguas,PR,Puerto Rico
16352,Corporate,Chesapeake,VA,United States
16353,Corporate,Eugene,OR,United States
16354,Home Office,Caguas,PR,Puerto Rico
16355,Consumer,Fontana,CA,United States
16356,Consumer,Caguas,PR,Puerto Rico
16357,Consumer,East Lansing,MI,United States
16358,Home Office,Caguas,PR,Puerto Rico
16359,Home Office,Albuquerque,NM,United States
16360,Corporate,Caguas,PR,Puerto Rico
16361,Corporate,Brooklyn,NY,United States
16362,Corporate,Fullerton,CA,United States
16363,Corporate,Caguas,PR,Puerto Rico
16364,Consumer,New York,NY,United States
16365,Home Office,Methuen,MA,United States
16366,Home Office,Caguas,PR,Puerto Rico
16367,Home Office,Chicago,IL,United States
16368,Home Office,Asheboro,NC,United States
16369,Home Office,Caguas,PR,Puerto Rico
16370,Home Office,Algonquin,IL,United States
16371,Corporate,Buena Park,CA,United States
16372,Corporate,Caguas,PR,Puerto Rico
16373,Consumer,Santa Ana,CA,United States
16374,Consumer,Albuquerque,NM,United States
16375,Consumer,North Las Vegas,NV,United States
16376,Consumer,Caguas,PR,Puerto Rico
16377,Consumer,Phoenix,AZ,United States
16378,Consumer,Los Angeles,CA,United States
16379,Consumer,Lawrence,MA,United States
16380,Home Office,Caguas,PR,Puerto Rico
16381,Home Office,Portland,OR,United States
16382,Home Office,Caguas,PR,Puerto Rico
16383,Home Office,Wichita,KS,United States
16384,Home Office,Caguas,PR,Puerto Rico
16385,Corporate,Philadelphia,PA,United States
16386,Corporate,York,PA,United States
16387,Corporate,Caguas,PR,Puerto Rico
16388,Corporate,Tucson,AZ,United States
16389,Corporate,Caguas,PR,Puerto Rico
16390,Corporate,Chula Vista,CA,United States
16391,Corporate,Yonkers,NY,United States
16392,Corporate,Stockbridge,GA,United States
16393,Corporate,Cumberland,MD,United States
16394,Consumer,Caguas,PR,Puerto Rico
16395,Consumer,Fort Lauderdale,FL,United States
16396,Consumer,Caguas,PR,Puerto Rico
16397,Consumer,Chandler,AZ,United States
16398,Consumer,Caguas,PR,Puerto Rico
16399,Consumer,Caguas,PR,Puerto Rico
16400,Consumer,Brooklyn,NY,United States
16401,Consumer,Caguas,PR,Puerto Rico
16402,Corporate,Brooklyn,NY,United States
16403,Corporate,Saint Paul,MN,United States
16404,Corporate,Caguas,PR,Puerto Rico
16405,Corporate,Vega Baja,PR,Puerto Rico
16406,Consumer,Washington,DC,United States
16407,Consumer,Jonesboro,AR,United States
16408,Corporate,Caguas,PR,Puerto Rico
16409,Corporate,Alhambra,CA,United States
16410,Consumer,Seattle,WA,United States
16411,Consumer,Caguas,PR,Puerto Rico
16412,Home Office,Carolina,PR,Puerto Rico
16413,Consumer,Detroit,MI,United States
16414,Consumer,Walnut,CA,United States
16415,Consumer,Caguas,PR,Puerto Rico
16416,Consumer,Winnetka,CA,United States
16417,Consumer,Caguas,PR,Puerto Rico
16418,Corporate,Dallas,TX,United States
16419,Corporate,Caguas,PR,Puerto Rico
16420,Corporate,Kent,WA,United States
16421,Corporate,Chillicothe,OH,United States
16422,Home Office,Ewa Beach,HI,United States
16423,Home Office,Caguas,PR,Puerto Rico
16424,Home Office,Ballwin,MO,United States
16425,Corporate,Caguas,PR,Puerto Rico
16426,Corporate,Guayama,PR,Puerto Rico
16427,Corporate,Morristown,NJ,United States
16428,Corporate,Caguas,PR,Puerto Rico
16429,Corporate,Valrico,FL,United States
16430,Consumer,Caguas,PR,Puerto Rico
16431,Consumer,North Las Vegas,NV,United States
16432,Consumer,Caguas,PR,Puerto Rico
16433,Consumer,Brooklyn,NY,United States
16434,Consumer,Caguas,PR,Puerto Rico
16435,Consumer,Bronx,NY,United States
16436,Consumer,Memphis,TN,United States
16437,Corporate,Caguas,PR,Puerto Rico
16438,Corporate,Columbus,GA,United States
16439,Consumer,Caguas,PR,Puerto Rico
16440,Consumer,Pacoima,CA,United States
16441,Consumer,Quincy,MA,United States
16442,Home Office,Clementon,NJ,United States
16443,Home Office,Murfreesboro,TN,United States
16444,Home Office,Caguas,PR,Puerto Rico
16445,Home Office,Elgin,IL,United States
16446,Consumer,Honolulu,HI,United States
16447,Consumer,Caguas,PR,Puerto Rico
16448,Consumer,Roswell,GA,United States
16449,Consumer,Caguas,PR,Puerto Rico
16450,Corporate,Dallas,TX,United States
16451,Consumer,Rancho Cucamonga,CA,United States
16452,Consumer,Caguas,PR,Puerto Rico
16453,Consumer,Florissant,MO,United States
16454,Consumer,Bismarck,ND,United States
16455,Consumer,Caguas,PR,Puerto Rico
16456,Consumer,New York,NY,United States
16457,Consumer,Lakewood,OH,United States
16458,Consumer,Garland,TX,United States
16459,Consumer,Round Rock,TX,United States
16460,Consumer,Caguas,PR,Puerto Rico
16461,Consumer,Oceanside,CA,United States
16462,Home Office,Caguas,PR,Puerto Rico
16463,Corporate,San Francisco,CA,United States
16464,Corporate,Caguas,PR,Puerto Rico
16465,Consumer,Woodbridge,VA,United States
16466,Consumer,Aurora,CO,United States
16467,Consumer,Caguas,PR,Puerto Rico
16468,Consumer,Brooklyn,NY,United States
16469,Home Office,Caguas,PR,Puerto Rico
16470,Home Office,Fontana,CA,United States
16471,Home Office,Dallas,TX,United States
16472,Home Office,Granite City,IL,United States
16473,Home Office,Caguas,PR,Puerto Rico
16474,Home Office,Waukegan,IL,United States
16475,Corporate,Honolulu,HI,United States
16476,Consumer,Roseville,MI,United States
16477,Consumer,Madison,WI,United States
16478,Corporate,Caguas,PR,Puerto Rico
16479,Corporate,San Bernardino,CA,United States
16480,Corporate,Plano,TX,United States
16481,Corporate,Caguas,PR,Puerto Rico
16482,Corporate,Wyandotte,MI,United States
16483,Consumer,Caguas,PR,Puerto Rico
16484,Corporate,Lockport,IL,United States
16485,Corporate,Caguas,PR,Puerto Rico
16486,Corporate,Brooklyn,NY,United States
16487,Corporate,Caguas,PR,Puerto Rico
16488,Corporate,Columbus,GA,United States
16489,Corporate,Caguas,PR,Puerto Rico
16490,Corporate,Austin,TX,United States
16491,Home Office,Levittown,NY,United States
16492,Consumer,Caguas,PR,Puerto Rico
16493,Consumer,Aurora,CO,United States
16494,Corporate,San Jose,CA,United States
16495,Home Office,Caguas,PR,Puerto Rico
16496,Corporate,Greenville,NC,United States
16497,Consumer,Caguas,PR,Puerto Rico
16498,Home Office,Oceanside,CA,United States
16499,Consumer,Caguas,PR,Puerto Rico
16500,Corporate,Pawtucket,RI,United States
16501,Consumer,Caguas,PR,Puerto Rico
16502,Consumer,Bronx,NY,United States
16503,Consumer,Massillon,OH,United States
16504,Corporate,Caguas,PR,Puerto Rico
16505,Corporate,Tinley Park,IL,United States
16506,Corporate,Bridgeton,NJ,United States
16507,Consumer,Caguas,PR,Puerto Rico
16508,Consumer,Eugene,OR,United States
16509,Consumer,Caguas,PR,Puerto Rico
16510,Consumer,West Chester,PA,United States
16511,Consumer,Caguas,PR,Puerto Rico
16512,Corporate,Trujillo Alto,PR,Puerto Rico
16513,Consumer,Los Angeles,CA,United States
16514,Consumer,Caguas,PR,Puerto Rico
16515,Consumer,Tonawanda,NY,United States
16516,Consumer,Caguas,PR,Puerto Rico
16517,Corporate,Dallas,TX,United States
16518,Home Office,Caguas,PR,Puerto Rico
16519,Home Office,Wyandotte,MI,United States
16520,Home Office,Caguas,PR,Puerto Rico
16521,Home Office,Panorama City,CA,United States
16522,Corporate,Caguas,PR,Puerto Rico
16523,Corporate,Los Angeles,CA,United States
16524,Corporate,Salt Lake City,UT,United States
16525,Consumer,Caguas,PR,Puerto Rico
16526,Consumer,Brooklyn,NY,United States
16527,Home Office,New York,NY,United States
16528,Consumer,Caguas,PR,Puerto Rico
16529,Consumer,Brockton,MA,United States
16530,Corporate,Clementon,NJ,United States
16531,Corporate,Caguas,PR,Puerto Rico
16532,Home Office,Brooklyn,NY,United States
16533,Home Office,Aurora,CO,United States
16534,Corporate,Caguas,PR,Puerto Rico
16535,Corporate,Flushing,NY,United States
16536,Home Office,Caguas,PR,Puerto Rico
16537,Home Office,Yonkers,NY,United States
16538,Home Office,Marrero,LA,United States
16539,Consumer,Dorchester Center,MA,United States
16540,Consumer,Pekin,IL,United States
16541,Consumer,Caguas,PR,Puerto Rico
16542,Consumer,North Hills,CA,United States
16543,Consumer,Clearfield,UT,United States
16544,Consumer,Caguas,PR,Puerto Rico
16545,Consumer,Baltimore,MD,United States
16546,Consumer,Hyattsville,MD,United States
16547,Consumer,Caguas,PR,Puerto Rico
16548,Consumer,Elyria,OH,United States
16549,Corporate,Cary,NC,United States
16550,Consumer,Caguas,PR,Puerto Rico
16551,Consumer,Chicago,IL,United States
16552,Home Office,Elgin,IL,United States
16553,Home Office,Raleigh,NC,United States
16554,Home Office,Caguas,PR,Puerto Rico
16555,Home Office,Santa Ana,CA,United States
16556,Home Office,Cordova,TN,United States
16557,Consumer,Caguas,PR,Puerto Rico
16558,Consumer,Chicago,IL,United States
16559,Consumer,Princeton,NJ,United States
16560,Consumer,Caguas,PR,Puerto Rico
16561,Consumer,Meridian,ID,United States
16562,Consumer,Caguas,PR,Puerto Rico
16563,Consumer,Tempe,AZ,United States
16564,Corporate,Caguas,PR,Puerto Rico
16565,Home Office,Brooklyn,NY,United States
16566,Home Office,Williamsport,PA,United States
16567,Consumer,Guayama,PR,Puerto Rico
16568,Consumer,Caguas,PR,Puerto Rico
16569,Consumer,Los Angeles,CA,United States
16570,Consumer,Caguas,PR,Puerto Rico
16571,Consumer,Augusta,GA,United States
16572,Consumer,Caguas,PR,Puerto Rico
16573,Consumer,Tucson,AZ,United States
16574,Home Office,Caguas,PR,Puerto Rico
16575,Home Office,Antioch,CA,United States
16576,Home Office,Hamilton,OH,United States
16577,Home Office,Caguas,PR,Puerto Rico
16578,Home Office,Wheaton,IL,United States
16579,Consumer,Reno,NV,United States
16580,Corporate,Caguas,PR,Puerto Rico
16581,Consumer,West Orange,NJ,United States
16582,Consumer,Caguas,PR,Puerto Rico
16583,Consumer,Dorchester Center,MA,United States
16584,Consumer,Caguas,PR,Puerto Rico
16585,Home Office,Ithaca,NY,United States
16586,Home Office,Madera,CA,United States
16587,Consumer,Caguas,PR,Puerto Rico
16588,Consumer,Brooklyn,NY,United States
16589,Corporate,Sugar Land,TX,United States
16590,Home Office,Caguas,PR,Puerto Rico
16591,Corporate,Westminster,CA,United States
16592,Home Office,Fairfield,CA,United States
16593,Corporate,Garden Grove,CA,United States
16594,Corporate,Caguas,PR,Puerto Rico
16595,Corporate,Laredo,TX,United States
16596,Corporate,Caguas,PR,Puerto Rico
16597,Corporate,Chicago,IL,United States
16598,Home Office,Brooklyn,NY,United States
16599,Home Office,Caguas,PR,Puerto Rico
16600,Consumer,Panorama City,CA,United States
16601,Corporate,Tucson,AZ,United States
16602,Corporate,Caguas,PR,Puerto Rico
16603,Home Office,Malden,MA,United States
16604,Corporate,Weslaco,TX,United States
16605,Corporate,Elgin,IL,United States
16606,Corporate,Amarillo,TX,United States
16607,Corporate,Caguas,PR,Puerto Rico
16608,Corporate,Aurora,CO,United States
16609,Corporate,Caguas,PR,Puerto Rico
16610,Home Office,San Francisco,CA,United States
16611,Corporate,Westland,MI,United States
16612,Corporate,Caguas,PR,Puerto Rico
16613,Consumer,Chesapeake,VA,United States
16614,Corporate,Miami,FL,United States
16615,Home Office,Caguas,PR,Puerto Rico
16616,Consumer,Brooklyn,NY,United States
16617,Consumer,Ventura,CA,United States
16618,Consumer,Caguas,PR,Puerto Rico
16619,Consumer,Chicago,IL,United States
16620,Consumer,Conway,AR,United States
16621,Consumer,Saint Paul,MN,United States
16622,Consumer,Caguas,PR,Puerto Rico
16623,Home Office,Augusta,GA,United States
16624,Consumer,Caguas,PR,Puerto Rico
16625,Consumer,Los Angeles,CA,United States
16626,Consumer,Woonsocket,RI,United States
16627,Consumer,Caguas,PR,Puerto Rico
16628,Corporate,New York,NY,United States
16629,Consumer,Sanford,NC,United States
16630,Home Office,Caguas,PR,Puerto Rico
16631,Consumer,Dallas,TX,United States
16632,Home Office,Lynnwood,WA,United States
16633,Home Office,Caguas,PR,Puerto Rico
16634,Home Office,Los Angeles,CA,United States
16635,Home Office,Hayward,CA,United States
16636,Corporate,Eugene,OR,United States
16637,Home Office,Caguas,PR,Puerto Rico
16638,Home Office,Catonsville,MD,United States
16639,Home Office,Portland,OR,United States
16640,Consumer,Caguas,PR,Puerto Rico
16641,Consumer,Brooklyn,NY,United States
16642,Corporate,Strongsville,OH,United States
16643,Corporate,Caguas,PR,Puerto Rico
16644,Consumer,Atlanta,GA,United States
16645,Consumer,Caguas,PR,Puerto Rico
16646,Consumer,Phoenix,AZ,United States
16647,Consumer,Caguas,PR,Puerto Rico
16648,Consumer,Fresno,CA,United States
16649,Corporate,Spring Valley,CA,United States
16650,Corporate,Caguas,PR,Puerto Rico
16651,Consumer,Miami,FL,United States
16652,Corporate,Dallas,TX,United States
16653,Corporate,Greenville,NC,United States
16654,Home Office,Caguas,PR,Puerto Rico
16655,Consumer,Hamilton,OH,United States
16656,Consumer,Caguas,PR,Puerto Rico
16657,Consumer,Los Angeles,CA,United States
16658,Home Office,Beloit,WI,United States
16659,Home Office,Caguas,PR,Puerto Rico
16660,Home Office,Brooklyn,NY,United States
16661,Home Office,Los Angeles,CA,United States
16662,Home Office,Hialeah,FL,United States
16663,Corporate,Caguas,PR,Puerto Rico
16664,Corporate,Detroit,MI,United States
16665,Corporate,Lockport,NY,United States
16666,Corporate,Caguas,PR,Puerto Rico
16667,Consumer,Saint Paul,MN,United States
16668,Consumer,Caguas,PR,Puerto Rico
16669,Home Office,Parkville,MD,United States
16670,Corporate,Lilburn,GA,United States
16671,Corporate,Powder Springs,GA,United States
16672,Consumer,Caguas,PR,Puerto Rico
16673,Consumer,Strongsville,OH,United States
16674,Consumer,Caguas,PR,Puerto Rico
16675,Consumer,Houston,TX,United States
16676,Consumer,Caguas,PR,Puerto Rico
16677,Consumer,Daly City,CA,United States
16678,Consumer,West Orange,NJ,United States
16679,Home Office,Caguas,PR,Puerto Rico
16680,Home Office,Glendale,AZ,United States
16681,Corporate,Columbia,TN,United States
16682,Corporate,Caguas,PR,Puerto Rico
16683,Consumer,Chino Hills,CA,United States
16684,Consumer,Eugene,OR,United States
16685,Consumer,Caguas,PR,Puerto Rico
16686,Consumer,Dallas,TX,United States
16687,Home Office,Caguas,PR,Puerto Rico
16688,Consumer,Middletown,OH,United States
16689,Consumer,Caguas,PR,Puerto Rico
16690,Corporate,South Richmond Hill,NY,United States
16691,Consumer,Caguas,PR,Puerto Rico
16692,Corporate,Bronx,NY,United States
16693,Consumer,Caguas,PR,Puerto Rico
16694,Consumer,San Diego,CA,United States
16695,Consumer,Caguas,PR,Puerto Rico
16696,Consumer,Stafford,VA,United States
16697,Consumer,Canton,MI,United States
16698,Consumer,Detroit,MI,United States
16699,Corporate,Caguas,PR,Puerto Rico
16700,Consumer,Chicago,IL,United States
16701,Consumer,Anaheim,CA,United States
16702,Consumer,Miami,FL,United States
16703,Consumer,Loveland,OH,United States
16704,Consumer,Caguas,PR,Puerto Rico
16705,Consumer,Tustin,CA,United States
16706,Consumer,Caguas,PR,Puerto Rico
16707,Corporate,Carmichael,CA,United States
16708,Corporate,Los Angeles,CA,United States
16709,Home Office,Tucson,AZ,United States
16710,Corporate,Caguas,PR,Puerto Rico
16711,Corporate,Waipahu,HI,United States
16712,Home Office,Riverside,CA,United States
16713,Consumer,Caguas,PR,Puerto Rico
16714,Consumer,Opelousas,LA,United States
16715,Consumer,Caguas,PR,Puerto Rico
16716,Consumer,Arecibo,PR,Puerto Rico
16717,Consumer,Garland,TX,United States
16718,Consumer,Lancaster,PA,United States
16719,Consumer,Caguas,PR,Puerto Rico
16720,Corporate,Simi Valley,CA,United States
16721,Corporate,Compton,CA,United States
16722,Consumer,Caguas,PR,Puerto Rico
16723,Consumer,Bakersfield,CA,United States
16724,Corporate,Carrollton,TX,United States
16725,Corporate,New York,NY,United States
16726,Corporate,Caguas,PR,Puerto Rico
16727,Consumer,Corona,NY,United States
16728,Consumer,Dearborn,MI,United States
16729,Consumer,Caguas,PR,Puerto Rico
16730,Corporate,Brownsville,TX,United States
16731,Corporate,New York,NY,United States
16732,Corporate,Webster,NY,United States
16733,Corporate,Caguas,PR,Puerto Rico
16734,Corporate,Ontario,CA,United States
16735,Consumer,Caguas,PR,Puerto Rico
16736,Consumer,Forest Hills,NY,United States
16737,Consumer,Newark,DE,United States
16738,Consumer,Caguas,PR,Puerto Rico
16739,Consumer,Honolulu,HI,United States
16740,Consumer,Caguas,PR,Puerto Rico
16741,Consumer,Gardena,CA,United States
16742,Consumer,Norfolk,VA,United States
16743,Consumer,Caguas,PR,Puerto Rico
16744,Consumer,Irvington,NJ,United States
16745,Corporate,Caguas,PR,Puerto Rico
16746,Corporate,Modesto,CA,United States
16747,Corporate,Caguas,PR,Puerto Rico
16748,Corporate,Los Angeles,CA,United States
16749,Corporate,Caguas,PR,Puerto Rico
16750,Corporate,Enfield,CT,United States
16751,Home Office,Caguas,PR,Puerto Rico
16752,Home Office,Indianapolis,IN,United States
16753,Home Office,Caguas,PR,Puerto Rico
16754,Consumer,San Benito,TX,United States
16755,Consumer,Tampa,FL,United States
16756,Consumer,Caguas,PR,Puerto Rico
16757,Corporate,Honolulu,HI,United States
16758,Consumer,Caguas,PR,Puerto Rico
16759,Consumer,Mesa,AZ,United States
16760,Consumer,Carson,CA,United States
16761,Consumer,Caguas,PR,Puerto Rico
16762,Consumer,Riverside,CA,United States
16763,Corporate,Caguas,PR,Puerto Rico
16764,Consumer,Elyria,OH,United States
16765,Home Office,Lindenhurst,NY,United States
16766,Home Office,Caguas,PR,Puerto Rico
16767,Consumer,Humacao,PR,Puerto Rico
16768,Consumer,Albany,OR,United States
16769,Consumer,Columbus,OH,United States
16770,Consumer,Lenoir,NC,United States
16771,Corporate,Caguas,PR,Puerto Rico
16772,Corporate,Azusa,CA,United States
16773,Consumer,Caguas,PR,Puerto Rico
16774,Consumer,Gilroy,CA,United States
16775,Corporate,Astoria,NY,United States
16776,Consumer,Caguas,PR,Puerto Rico
16777,Consumer,Hempstead,NY,United States
16778,Consumer,Caguas,PR,Puerto Rico
16779,Consumer,Tallahassee,FL,United States
16780,Consumer,Caguas,PR,Puerto Rico
16781,Consumer,Granada Hills,CA,United States
16782,Consumer,Caguas,PR,Puerto Rico
16783,Consumer,Bakersfield,CA,United States
16784,Consumer,Caguas,PR,Puerto Rico
16785,Consumer,Salt Lake City,UT,United States
16786,Consumer,Caguas,PR,Puerto Rico
16787,Corporate,Antioch,TN,United States
16788,Corporate,Memphis,TN,United States
16789,Corporate,Clementon,NJ,United States
16790,Consumer,Caguas,PR,Puerto Rico
16791,Home Office,Garden Grove,CA,United States
16792,Consumer,Caguas,PR,Puerto Rico
16793,Consumer,Peoria,AZ,United States
16794,Consumer,Caguas,PR,Puerto Rico
16795,Consumer,Brooklyn,NY,United States
16796,Consumer,Ypsilanti,MI,United States
16797,Consumer,Caguas,PR,Puerto Rico
16798,Consumer,Roswell,GA,United States
16799,Consumer,Caguas,PR,Puerto Rico
16800,Consumer,Los Angeles,CA,United States
16801,Consumer,Mission Viejo,CA,United States
16802,Corporate,Caguas,PR,Puerto Rico
16803,Corporate,Springfield,MO,United States
16804,Home Office,Caguas,PR,Puerto Rico
16805,Home Office,Cupertino,CA,United States
16806,Home Office,Los Angeles,CA,United States
16807,Home Office,Saint Charles,MO,United States
16808,Consumer,Caguas,PR,Puerto Rico
16809,Home Office,Lockport,NY,United States
16810,Consumer,Caguas,PR,Puerto Rico
16811,Consumer,Cleveland,OH,United States
16812,Consumer,Caguas,PR,Puerto Rico
16813,Corporate,Murfreesboro,TN,United States
16814,Corporate,Caguas,PR,Puerto Rico
16815,Corporate,Detroit,MI,United States
16816,Corporate,Caguas,PR,Puerto Rico
16817,Corporate,Chicago,IL,United States
16818,Corporate,Caguas,PR,Puerto Rico
16819,Corporate,Taylor,MI,United States
16820,Consumer,Denver,CO,United States
16821,Consumer,Caguas,PR,Puerto Rico
16822,Corporate,Brooklyn,NY,United States
16823,Consumer,Rio Grande,PR,Puerto Rico
16824,Consumer,Holland,MI,United States
16825,Consumer,Caguas,PR,Puerto Rico
16826,Consumer,Marietta,GA,United States
16827,Consumer,Stockton,CA,United States
16828,Consumer,Caguas,PR,Puerto Rico
16829,Consumer,Columbia,TN,United States
16830,Consumer,Provo,UT,United States
16831,Corporate,Caguas,PR,Puerto Rico
16832,Corporate,Bronx,NY,United States
16833,Corporate,Long Beach,CA,United States
16834,Corporate,Azusa,CA,United States
16835,Consumer,Virginia Beach,VA,United States
16836,Corporate,Caguas,PR,Puerto Rico
16837,Consumer,Lilburn,GA,United States
16838,Corporate,Honolulu,HI,United States
16839,Consumer,Bismarck,ND,United States
16840,Consumer,Caguas,PR,Puerto Rico
16841,Corporate,Gaithersburg,MD,United States
16842,Corporate,Caguas,PR,Puerto Rico
16843,Corporate,Bismarck,ND,United States
16844,Home Office,Caguas,PR,Puerto Rico
16845,Home Office,Garden Grove,CA,United States
16846,Consumer,Caguas,PR,Puerto Rico
16847,Consumer,Brighton,MA,United States
16848,Consumer,Caguas,PR,Puerto Rico
16849,Consumer,Sugar Land,TX,United States
16850,Consumer,Sunnyvale,CA,United States
16851,Corporate,Caguas,PR,Puerto Rico
16852,Corporate,Dallas,TX,United States
16853,Home Office,Rochester,NY,United States
16854,Consumer,Caguas,PR,Puerto Rico
16855,Consumer,Fremont,CA,United States
16856,Consumer,Caguas,PR,Puerto Rico
16857,Corporate,Atlanta,GA,United States
16858,Corporate,Caguas,PR,Puerto Rico
16859,Consumer,Panorama City,CA,United States
16860,Consumer,Newark,DE,United States
16861,Corporate,Caguas,PR,Puerto Rico
16862,Consumer,Dallas,TX,United States
16863,Consumer,Carlisle,PA,United States
16864,Consumer,Caguas,PR,Puerto Rico
16865,Consumer,Dallas,TX,United States
16866,Consumer,Detroit,MI,United States
16867,Consumer,Caguas,PR,Puerto Rico
16868,Consumer,Wheaton,IL,United States
16869,Consumer,Caguas,PR,Puerto Rico
16870,Consumer,Bellflower,CA,United States
16871,Corporate,Roseville,MI,United States
16872,Corporate,Caguas,PR,Puerto Rico
16873,Corporate,Wilkes Barre,PA,United States
16874,Home Office,Caguas,PR,Puerto Rico
16875,Home Office,Billings,MT,United States
16876,Consumer,Caguas,PR,Puerto Rico
16877,Home Office,Rancho Cordova,CA,United States
16878,Home Office,Caguas,PR,Puerto Rico
16879,Home Office,Long Beach,CA,United States
16880,Home Office,Mount Prospect,IL,United States
16881,Home Office,Caguas,PR,Puerto Rico
16882,Corporate,Paramount,CA,United States
16883,Corporate,Canovanas,PR,Puerto Rico
16884,Consumer,Caguas,PR,Puerto Rico
16885,Consumer,Peabody,MA,United States
16886,Consumer,Caguas,PR,Puerto Rico
16887,Consumer,Salinas,CA,United States
16888,Consumer,Freeport,NY,United States
16889,Consumer,Caguas,PR,Puerto Rico
16890,Corporate,San Ramon,CA,United States
16891,Corporate,Caguas,PR,Puerto Rico
16892,Corporate,Miami,FL,United States
16893,Consumer,Caguas,PR,Puerto Rico
16894,Corporate,Tonawanda,NY,United States
16895,Consumer,Caguas,PR,Puerto Rico
16896,Home Office,Los Angeles,CA,United States
16897,Home Office,San Jose,CA,United States
16898,Home Office,Caguas,PR,Puerto Rico
16899,Consumer,Fairfield,CA,United States
16900,Corporate,Amarillo,TX,United States
16901,Home Office,Caguas,PR,Puerto Rico
16902,Home Office,Yauco,PR,Puerto Rico
16903,Corporate,Caguas,PR,Puerto Rico
16904,Home Office,Carol Stream,IL,United States
16905,Home Office,Caguas,PR,Puerto Rico
16906,Home Office,Brooklyn,NY,United States
16907,Consumer,Sacramento,CA,United States
16908,Consumer,Caguas,PR,Puerto Rico
16909,Home Office,West Chester,PA,United States
16910,Home Office,Caguas,PR,Puerto Rico
16911,Home Office,Glendale,AZ,United States
16912,Home Office,Brooklyn,NY,United States
16913,Consumer,Duluth,GA,United States
16914,Home Office,West Jordan,UT,United States
16915,Corporate,Caguas,PR,Puerto Rico
16916,Consumer,Vega Baja,PR,Puerto Rico
16917,Consumer,Doylestown,PA,United States
16918,Consumer,Caguas,PR,Puerto Rico
16919,Home Office,Baltimore,MD,United States
16920,Home Office,Powder Springs,GA,United States
16921,Home Office,Caguas,PR,Puerto Rico
16922,Consumer,San Pedro,CA,United States
16923,Consumer,Diamond Bar,CA,United States
16924,Home Office,Caguas,PR,Puerto Rico
16925,Consumer,Dorchester Center,MA,United States
16926,Consumer,Caguas,PR,Puerto Rico
16927,Consumer,Elmhurst,NY,United States
16928,Consumer,Lawrence,MA,United States
16929,Consumer,Caguas,PR,Puerto Rico
16930,Consumer,Orange Park,FL,United States
16931,Consumer,Caguas,PR,Puerto Rico
16932,Consumer,Newark,NJ,United States
16933,Consumer,Caguas,PR,Puerto Rico
16934,Consumer,Los Angeles,CA,United States
16935,Consumer,Caguas,PR,Puerto Rico
16936,Consumer,Edinburg,TX,United States
16937,Consumer,Watsonville,CA,United States
16938,Consumer,Caguas,PR,Puerto Rico
16939,Consumer,Saint Paul,MN,United States
16940,Consumer,Caguas,PR,Puerto Rico
16941,Consumer,San Diego,CA,United States
16942,Consumer,Virginia Beach,VA,United States
16943,Corporate,Ithaca,NY,United States
16944,Corporate,Austin,TX,United States
16945,Corporate,Caguas,PR,Puerto Rico
16946,Corporate,Strongsville,OH,United States
16947,Consumer,Caguas,PR,Puerto Rico
16948,Home Office,San Diego,CA,United States
16949,Consumer,Caguas,PR,Puerto Rico
16950,Consumer,West Covina,CA,United States
16951,Consumer,Caguas,PR,Puerto Rico
16952,Consumer,Brooklyn,NY,United States
16953,Home Office,Caguas,PR,Puerto Rico
16954,Consumer,Anaheim,CA,United States
16955,Consumer,Caguas,PR,Puerto Rico
16956,Home Office,Chicago,IL,United States
16957,Consumer,Caguas,PR,Puerto Rico
16958,Consumer,Wyoming,MI,United States
16959,Home Office,Caguas,PR,Puerto Rico
16960,Home Office,Potomac,MD,United States
16961,Consumer,Caguas,PR,Puerto Rico
16962,Corporate,El Monte,CA,United States
16963,Home Office,Findlay,OH,United States
16964,Home Office,Caguas,PR,Puerto Rico
16965,Home Office,Bronx,NY,United States
16966,Home Office,Miami,FL,United States
16967,Consumer,Laredo,TX,United States
16968,Corporate,Caguas,PR,Puerto Rico
16969,Corporate,Oceanside,CA,United States
16970,Corporate,Caguas,PR,Puerto Rico
16971,Consumer,Los Angeles,CA,United States
16972,Corporate,Caguas,PR,Puerto Rico
16973,Corporate,Fort Lauderdale,FL,United States
16974,Corporate,Zanesville,OH,United States
16975,Corporate,Houston,TX,United States
16976,Corporate,Wichita,KS,United States
16977,Corporate,Caguas,PR,Puerto Rico
16978,Corporate,Irvington,NJ,United States
16979,Corporate,Stone Mountain,GA,United States
16980,Corporate,Caguas,PR,Puerto Rico
16981,Consumer,Henderson,NV,United States
16982,Consumer,Riverside,CA,United States
16983,Consumer,Van Nuys,CA,United States
16984,Consumer,Hialeah,FL,United States
16985,Home Office,Caguas,PR,Puerto Rico
16986,Consumer,Rome,NY,United States
16987,Consumer,Caguas,PR,Puerto Rico
16988,Consumer,Jacksonville,FL,United States
16989,Consumer,Caguas,PR,Puerto Rico
16990,Consumer,Saginaw,MI,United States
16991,Consumer,Caguas,PR,Puerto Rico
16992,Consumer,Detroit,MI,United States
16993,Consumer,Caguas,PR,Puerto Rico
16994,Consumer,Bakersfield,CA,United States
16995,Home Office,Joliet,IL,United States
16996,Consumer,Guayama,PR,Puerto Rico
16997,Consumer,Caguas,PR,Puerto Rico
16998,Consumer,Carson,CA,United States
16999,Consumer,La Crosse,WI,United States
17000,Consumer,Caguas,PR,Puerto Rico
17001,Consumer,Seattle,WA,United States
17002,Corporate,Caguas,PR,Puerto Rico
17003,Corporate,Kent,WA,United States
17004,Corporate,Wheaton,IL,United States
17005,Corporate,Smyrna,GA,United States
17006,Corporate,Caguas,PR,Puerto Rico
17007,Consumer,Los Angeles,CA,United States
17008,Consumer,Los Angeles,CA,United States
17009,Consumer,Caguas,PR,Puerto Rico
17010,Consumer,Clearfield,UT,United States
17011,Corporate,Caguas,PR,Puerto Rico
17012,Corporate,Washington,PA,United States
17013,Corporate,Caguas,PR,Puerto Rico
17014,Home Office,Caguas,PR,Puerto Rico
17015,Corporate,San Antonio,TX,United States
17016,Corporate,Phoenix,AZ,United States
17017,Corporate,Caguas,PR,Puerto Rico
17018,Corporate,Rio Grande,PR,Puerto Rico
17019,Corporate,Caguas,PR,Puerto Rico
17020,Corporate,Tempe,AZ,United States
17021,Home Office,Caguas,PR,Puerto Rico
17022,Corporate,Virginia Beach,VA,United States
17023,Home Office,Caguas,PR,Puerto Rico
17024,Home Office,Cleveland,OH,United States
17025,Home Office,Caguas,PR,Puerto Rico
17026,Corporate,Brooklyn,NY,United States
17027,Home Office,Hanford,CA,United States
17028,Home Office,Greeley,CO,United States
17029,Corporate,Princeton,NJ,United States
17030,Corporate,Caguas,PR,Puerto Rico
17031,Corporate,Wichita,KS,United States
17032,Corporate,Caguas,PR,Puerto Rico
17033,Corporate,Lancaster,PA,United States
17034,Home Office,Guaynabo,PR,Puerto Rico
17035,Consumer,Caguas,PR,Puerto Rico
17036,Consumer,Broken Arrow,OK,United States
17037,Consumer,Warren,MI,United States
17038,Consumer,Caguas,PR,Puerto Rico
17039,Consumer,Opa Locka,FL,United States
17040,Consumer,San Antonio,TX,United States
17041,Consumer,Caguas,PR,Puerto Rico
17042,Consumer,Fond Du Lac,WI,United States
17043,Consumer,Saint Paul,MN,United States
17044,Consumer,Caguas,PR,Puerto Rico
17045,Consumer,San Antonio,TX,United States
17046,Home Office,Caguas,PR,Puerto Rico
17047,Consumer,Perth Amboy,NJ,United States
17048,Consumer,Caguas,PR,Puerto Rico
17049,Corporate,Brooklyn,NY,United States
17050,Corporate,Caguas,PR,Puerto Rico
17051,Corporate,West Jordan,UT,United States
17052,Consumer,Caguas,PR,Puerto Rico
17053,Consumer,Brooklyn,NY,United States
17054,Consumer,Poway,CA,United States
17055,Consumer,Caguas,PR,Puerto Rico
17056,Consumer,Colorado Springs,CO,United States
17057,Home Office,Mission Viejo,CA,United States
17058,Home Office,Caguas,PR,Puerto Rico
17059,Consumer,San Diego,CA,United States
17060,Corporate,Caguas,PR,Puerto Rico
17061,Corporate,Los Angeles,CA,United States
17062,Home Office,Caguas,PR,Puerto Rico
17063,Corporate,Union City,NJ,United States
17064,Corporate,Fort Lauderdale,FL,United States
17065,Home Office,Lockport,NY,United States
17066,Home Office,Caguas,PR,Puerto Rico
17067,Consumer,Rancho Cordova,CA,United States
17068,Consumer,Caguas,PR,Puerto Rico
17069,Consumer,Brentwood,NY,United States
17070,Home Office,Caguas,PR,Puerto Rico
17071,Consumer,Saint Paul,MN,United States
17072,Consumer,Caguas,PR,Puerto Rico
17073,Consumer,Medina,OH,United States
17074,Consumer,Caguas,PR,Puerto Rico
17075,Consumer,Methuen,MA,United States
17076,Consumer,Caguas,PR,Puerto Rico
17077,Consumer,Tracy,CA,United States
17078,Consumer,Greensboro,NC,United States
17079,Corporate,Caguas,PR,Puerto Rico
17080,Corporate,Doylestown,PA,United States
17081,Consumer,Philadelphia,PA,United States
17082,Consumer,Loveland,OH,United States
17083,Corporate,Caguas,PR,Puerto Rico
17084,Consumer,Palo Alto,CA,United States
17085,Consumer,Caguas,PR,Puerto Rico
17086,Consumer,Chicago Heights,IL,United States
17087,Consumer,Bountiful,UT,United States
17088,Consumer,Caguas,PR,Puerto Rico
17089,Corporate,Loveland,OH,United States
17090,Corporate,Caguas,PR,Puerto Rico
17091,Corporate,Memphis,TN,United States
17092,Corporate,Caguas,PR,Puerto Rico
17093,Corporate,San Juan,PR,Puerto Rico
17094,Corporate,Dallas,TX,United States
17095,Corporate,Caguas,PR,Puerto Rico
17096,Consumer,Brooklyn,NY,United States
17097,Consumer,Columbia,MO,United States
17098,Consumer,Atlanta,GA,United States
17099,Consumer,Caguas,PR,Puerto Rico
17100,Home Office,La Crosse,WI,United States
17101,Home Office,Los Angeles,CA,United States
17102,Consumer,Caguas,PR,Puerto Rico
17103,Consumer,Sunnyvale,CA,United States
17104,Home Office,Caguas,PR,Puerto Rico
17105,Home Office,Lansdale,PA,United States
17106,Home Office,Hamilton,OH,United States
17107,Home Office,Caguas,PR,Puerto Rico
17108,Consumer,San Juan,PR,Puerto Rico
17109,Consumer,Bend,OR,United States
17110,Consumer,Caguas,PR,Puerto Rico
17111,Consumer,Rio Rancho,NM,United States
17112,Consumer,Norcross,GA,United States
17113,Consumer,Caguas,PR,Puerto Rico
17114,Consumer,Compton,CA,United States
17115,Consumer,Los Angeles,CA,United States
17116,Consumer,Caguas,PR,Puerto Rico
17117,Corporate,San Benito,TX,United States
17118,Corporate,Caguas,PR,Puerto Rico
17119,Corporate,Atlanta,GA,United States
17120,Consumer,Caguas,PR,Puerto Rico
17121,Consumer,Woonsocket,RI,United States
17122,Consumer,Caguas,PR,Puerto Rico
17123,Consumer,San Diego,CA,United States
17124,Consumer,Portland,OR,United States
17125,Consumer,Caguas,PR,Puerto Rico
17126,Consumer,Bronx,NY,United States
17127,Consumer,Atlanta,GA,United States
17128,Consumer,Raleigh,NC,United States
17129,Consumer,Caguas,PR,Puerto Rico
17130,Consumer,Austin,TX,United States
17131,Corporate,Caguas,PR,Puerto Rico
17132,Corporate,Tustin,CA,United States
17133,Corporate,Caguas,PR,Puerto Rico
17134,Corporate,Reynoldsburg,OH,United States
17135,Corporate,Caguas,PR,Puerto Rico
17136,Corporate,Aurora,CO,United States
17137,Home Office,Caguas,PR,Puerto Rico
17138,Home Office,Elgin,IL,United States
17139,Home Office,Caguas,PR,Puerto Rico
17140,Home Office,Fullerton,CA,United States
17141,Home Office,Caguas,PR,Puerto Rico
17142,Home Office,Virginia Beach,VA,United States
17143,Corporate,Harvey,IL,United States
17144,Corporate,Los Angeles,CA,United States
17145,Home Office,Caguas,PR,Puerto Rico
17146,Consumer,New Brunswick,NJ,United States
17147,Home Office,Caguas,PR,Puerto Rico
17148,Home Office,Lakewood,NJ,United States
17149,Home Office,Caguas,PR,Puerto Rico
17150,Consumer,Brooklyn,NY,United States
17151,Consumer,Virginia Beach,VA,United States
17152,Consumer,Victorville,CA,United States
17153,Home Office,Caguas,PR,Puerto Rico
17154,Consumer,Toms River,NJ,United States
17155,Consumer,Bend,OR,United States
17156,Consumer,Caguas,PR,Puerto Rico
17157,Consumer,Honolulu,HI,United States
17158,Consumer,Caguas,PR,Puerto Rico
17159,Corporate,El Cajon,CA,United States
17160,Corporate,Austin,TX,United States
17161,Home Office,Annandale,VA,United States
17162,Consumer,Caguas,PR,Puerto Rico
17163,Corporate,Brooklyn,NY,United States
17164,Corporate,Caguas,PR,Puerto Rico
17165,Corporate,El Centro,CA,United States
17166,Corporate,Caguas,PR,Puerto Rico
17167,Consumer,Moreno Valley,CA,United States
17168,Home Office,Caguas,PR,Puerto Rico
17169,Home Office,Los Angeles,CA,United States
17170,Consumer,Caguas,PR,Puerto Rico
17171,Corporate,CA,95758,United States
17172,Corporate,East Lansing,MI,United States
17173,Corporate,Caguas,PR,Puerto Rico
17174,Corporate,Kenner,LA,United States
17175,Corporate,Tempe,AZ,United States
17176,Corporate,Caguas,PR,Puerto Rico
17177,Consumer,Salina,KS,United States
17178,Consumer,Caguas,PR,Puerto Rico
17179,Home Office,Tucson,AZ,United States
17180,Home Office,Caguas,PR,Puerto Rico
17181,Consumer,Decatur,GA,United States
17182,Corporate,Caguas,PR,Puerto Rico
17183,Consumer,Bakersfield,CA,United States
17184,Consumer,Laredo,TX,United States
17185,Home Office,Caguas,PR,Puerto Rico
17186,Consumer,Livermore,CA,United States
17187,Consumer,Tustin,CA,United States
17188,Consumer,Fontana,CA,United States
17189,Consumer,North Richland Hills,TX,United States
17190,Consumer,Caguas,PR,Puerto Rico
17191,Consumer,Bellflower,CA,United States
17192,Consumer,Decatur,GA,United States
17193,Home Office,Irving,TX,United States
17194,Home Office,Caguas,PR,Puerto Rico
17195,Home Office,Louisville,KY,United States
17196,Home Office,Caguas,PR,Puerto Rico
17197,Home Office,Los Angeles,CA,United States
17198,Home Office,Caguas,PR,Puerto Rico
17199,Home Office,San Marcos,CA,United States
17200,Home Office,Troy,MI,United States
17201,Home Office,Caguas,PR,Puerto Rico
17202,Home Office,West Haven,CT,United States
17203,Corporate,Caguas,PR,Puerto Rico
17204,Corporate,Brooklyn,NY,United States
17205,Consumer,Austin,TX,United States
17206,Home Office,Caguas,PR,Puerto Rico
17207,Consumer,Norwalk,CA,United States
17208,Consumer,Grove City,OH,United States
17209,Corporate,Caguas,PR,Puerto Rico
17210,Consumer,Stockbridge,GA,United States
17211,Consumer,Caguas,PR,Puerto Rico
17212,Corporate,Elk Grove,CA,United States
17213,Consumer,Caguas,PR,Puerto Rico
17214,Corporate,Hollister,CA,United States
17215,Home Office,Caguas,PR,Puerto Rico
17216,Home Office,Los Angeles,CA,United States
17217,Home Office,Westminster,CA,United States
17218,Consumer,Tulare,CA,United States
17219,Consumer,Elmhurst,IL,United States
17220,Consumer,Caguas,PR,Puerto Rico
17221,Consumer,Watsonville,CA,United States
17222,Consumer,Caguas,PR,Puerto Rico
17223,Corporate,Moline,IL,United States
17224,Consumer,Caguas,PR,Puerto Rico
17225,Consumer,Dallas,TX,United States
17226,Corporate,Pompano Beach,FL,United States
17227,Corporate,Caguas,PR,Puerto Rico
17228,Consumer,Fort Lauderdale,FL,United States
17229,Corporate,Caguas,PR,Puerto Rico
17230,Consumer,Fort Worth,TX,United States
17231,Consumer,Caguas,PR,Puerto Rico
17232,Consumer,Mesquite,TX,United States
17233,Consumer,Caguas,PR,Puerto Rico
17234,Consumer,Hamtramck,MI,United States
17235,Home Office,Caguas,PR,Puerto Rico
17236,Corporate,Lancaster,CA,United States
17237,Consumer,Caguas,PR,Puerto Rico
17238,Corporate,Albuquerque,NM,United States
17239,Consumer,Caguas,PR,Puerto Rico
17240,Consumer,Saint Charles,MO,United States
17241,Consumer,Caguas,PR,Puerto Rico
17242,Consumer,Des Plaines,IL,United States
17243,Corporate,Chapel Hill,NC,United States
17244,Corporate,Caguas,PR,Puerto Rico
17245,Consumer,Hayward,CA,United States
17246,Consumer,Fremont,CA,United States
17247,Consumer,Caguas,PR,Puerto Rico
17248,Consumer,Escondido,CA,United States
17249,Home Office,Gardena,CA,United States
17250,Home Office,Caguas,PR,Puerto Rico
17251,Consumer,Englewood,CO,United States
17252,Consumer,Caguas,PR,Puerto Rico
17253,Consumer,Virginia Beach,VA,United States
17254,Consumer,Caguas,PR,Puerto Rico
17255,Consumer,San Diego,CA,United States
17256,Consumer,Phoenix,AZ,United States
17257,Consumer,Caguas,PR,Puerto Rico
17258,Consumer,Aurora,CO,United States
17259,Consumer,Caguas,PR,Puerto Rico
17260,Consumer,San Bernardino,CA,United States
17261,Consumer,Florissant,MO,United States
17262,Consumer,Louisville,KY,United States
17263,Consumer,Caguas,PR,Puerto Rico
17264,Corporate,Chicago,IL,United States
17265,Home Office,Albuquerque,NM,United States
17266,Consumer,Caguas,PR,Puerto Rico
17267,Consumer,West New York,NJ,United States
17268,Consumer,Caguas,PR,Puerto Rico
17269,Consumer,Silver Spring,MD,United States
17270,Corporate,Caguas,PR,Puerto Rico
17271,Consumer,Bolingbrook,IL,United States
17272,Consumer,Caguas,PR,Puerto Rico
17273,Consumer,Redmond,WA,United States
17274,Consumer,Caguas,PR,Puerto Rico
17275,Consumer,Las Vegas,NV,United States
17276,Consumer,Ontario,CA,United States
17277,Consumer,Laredo,TX,United States
17278,Consumer,Caguas,PR,Puerto Rico
17279,Home Office,Los Angeles,CA,United States
17280,Home Office,New York,NY,United States
17281,Home Office,Caguas,PR,Puerto Rico
17282,Corporate,Bronx,NY,United States
17283,Corporate,Memphis,TN,United States
17284,Corporate,Caguas,PR,Puerto Rico
17285,Corporate,Philadelphia,PA,United States
17286,Home Office,San Jose,CA,United States
17287,Home Office,Milwaukee,WI,United States
17288,Home Office,Caguas,PR,Puerto Rico
17289,Home Office,Bronx,NY,United States
17290,Consumer,Caguas,PR,Puerto Rico
17291,Consumer,Aguadilla,PR,Puerto Rico
17292,Home Office,Caguas,PR,Puerto Rico
17293,Corporate,Parkville,MD,United States
17294,Corporate,Laguna Niguel,CA,United States
17295,Corporate,Caguas,PR,Puerto Rico
17296,Consumer,Chino,CA,United States
17297,Consumer,Glendale,AZ,United States
17298,Corporate,Marietta,GA,United States
17299,Corporate,Riverside,CA,United States
17300,Corporate,Caguas,PR,Puerto Rico
17301,Corporate,Chicago,IL,United States
17302,Corporate,Goose Creek,SC,United States
17303,Consumer,Caguas,PR,Puerto Rico
17304,Consumer,South El Monte,CA,United States
17305,Corporate,Caguas,PR,Puerto Rico
17306,Consumer,Bowling Green,KY,United States
17307,Consumer,Caguas,PR,Puerto Rico
17308,Consumer,Reynoldsburg,OH,United States
17309,Consumer,Caguas,PR,Puerto Rico
17310,Consumer,Portland,OR,United States
17311,Consumer,Caguas,PR,Puerto Rico
17312,Consumer,West Covina,CA,United States
17313,Consumer,Caguas,PR,Puerto Rico
17314,Consumer,Philadelphia,PA,United States
17315,Consumer,Caguas,PR,Puerto Rico
17316,Consumer,Baltimore,MD,United States
17317,Consumer,Caguas,PR,Puerto Rico
17318,Consumer,Indio,CA,United States
17319,Consumer,Hilliard,OH,United States
17320,Consumer,Endicott,NY,United States
17321,Consumer,Caguas,PR,Puerto Rico
17322,Consumer,San Benito,TX,United States
17323,Home Office,Caguas,PR,Puerto Rico
17324,Consumer,San Diego,CA,United States
17325,Consumer,Clarksville,TN,United States
17326,Consumer,Phoenix,AZ,United States
17327,Corporate,Long Beach,CA,United States
17328,Corporate,Caguas,PR,Puerto Rico
17329,Consumer,Phoenix,AZ,United States
17330,Consumer,Caguas,PR,Puerto Rico
17331,Consumer,Spring Valley,CA,United States
17332,Consumer,Bakersfield,CA,United States
17333,Consumer,Chicago,IL,United States
17334,Consumer,Caguas,PR,Puerto Rico
17335,Consumer,Temecula,CA,United States
17336,Consumer,Caguas,PR,Puerto Rico
17337,Consumer,Atlanta,GA,United States
17338,Consumer,Austin,TX,United States
17339,Consumer,Caguas,PR,Puerto Rico
17340,Consumer,Bayamon,PR,Puerto Rico
17341,Consumer,Anaheim,CA,United States
17342,Consumer,Caguas,PR,Puerto Rico
17343,Corporate,Scottsdale,AZ,United States
17344,Corporate,Caguas,PR,Puerto Rico
17345,Home Office,Weslaco,TX,United States
17346,Home Office,West Orange,NJ,United States
17347,Corporate,Santa Cruz,CA,United States
17348,Corporate,Caguas,PR,Puerto Rico
17349,Corporate,Jackson,MI,United States
17350,Corporate,Caguas,PR,Puerto Rico
17351,Corporate,Houston,TX,United States
17352,Consumer,Walnut,CA,United States
17353,Consumer,Webster,NY,United States
17354,Corporate,Caguas,PR,Puerto Rico
17355,Home Office,Antioch,CA,United States
17356,Corporate,Chicago,IL,United States
17357,Consumer,West Chester,PA,United States
17358,Consumer,Caguas,PR,Puerto Rico
17359,Consumer,Valrico,FL,United States
17360,Consumer,Corona,CA,United States
17361,Consumer,San Sebastian,PR,Puerto Rico
17362,Consumer,Caguas,PR,Puerto Rico
17363,Home Office,Malden,MA,United States
17364,Corporate,Caguas,PR,Puerto Rico
17365,Consumer,Riverside,CA,United States
17366,Consumer,Caguas,PR,Puerto Rico
17367,Consumer,El Paso,TX,United States
17368,Consumer,Lindenhurst,NY,United States
17369,Consumer,Caguas,PR,Puerto Rico
17370,Consumer,Greeley,CO,United States
17371,Consumer,Caguas,PR,Puerto Rico
17372,Consumer,Washington,DC,United States
17373,Consumer,Lawton,OK,United States
17374,Consumer,Caguas,PR,Puerto Rico
17375,Consumer,New York,NY,United States
17376,Consumer,Mesquite,TX,United States
17377,Consumer,Caguas,PR,Puerto Rico
17378,Consumer,El Paso,TX,United States
17379,Consumer,Caguas,PR,Puerto Rico
17380,Consumer,West Haven,CT,United States
17381,Home Office,Houston,TX,United States
17382,Consumer,Caguas,PR,Puerto Rico
17383,Corporate,Dallas,TX,United States
17384,Consumer,Caguas,PR,Puerto Rico
17385,Corporate,Katy,TX,United States
17386,Corporate,Irwin,PA,United States
17387,Corporate,Caguas,PR,Puerto Rico
17388,Consumer,Rio Rancho,NM,United States
17389,Consumer,Philadelphia,PA,United States
17390,Consumer,San Antonio,TX,United States
17391,Corporate,Caguas,PR,Puerto Rico
17392,Corporate,Placentia,CA,United States
17393,Corporate,Caguas,PR,Puerto Rico
17394,Consumer,Katy,TX,United States
17395,Consumer,Caguas,PR,Puerto Rico
17396,Home Office,Lakewood,OH,United States
17397,Home Office,Columbus,OH,United States
17398,Home Office,Caguas,PR,Puerto Rico
17399,Consumer,Findlay,OH,United States
17400,Consumer,Poway,CA,United States
17401,Home Office,Baytown,TX,United States
17402,Home Office,Caguas,PR,Puerto Rico
17403,Consumer,Goose Creek,SC,United States
17404,Consumer,Caguas,PR,Puerto Rico
17405,Consumer,Bronx,NY,United States
17406,Corporate,Milford,CT,United States
17407,Consumer,Carlisle,PA,United States
17408,Consumer,Irwin,PA,United States
17409,Home Office,Caguas,PR,Puerto Rico
17410,Consumer,Springfield,MO,United States
17411,Consumer,Caguas,PR,Puerto Rico
17412,Consumer,Bronx,NY,United States
17413,Corporate,Westerville,OH,United States
17414,Consumer,Caguas,PR,Puerto Rico
17415,Consumer,Costa Mesa,CA,United States
17416,Consumer,San Bernardino,CA,United States
17417,Corporate,Cypress,CA,United States
17418,Home Office,Caguas,PR,Puerto Rico
17419,Home Office,Memphis,TN,United States
17420,Home Office,Caguas,PR,Puerto Rico
17421,Home Office,Westland,MI,United States
17422,Consumer,Caguas,PR,Puerto Rico
17423,Consumer,Hesperia,CA,United States
17424,Corporate,Rego Park,NY,United States
17425,Corporate,Caguas,PR,Puerto Rico
17426,Home Office,Phoenix,AZ,United States
17427,Consumer,Caguas,PR,Puerto Rico
17428,Corporate,Dorchester Center,MA,United States
17429,Corporate,Hyattsville,MD,United States
17430,Corporate,Caguas,PR,Puerto Rico
17431,Consumer,Union City,CA,United States
17432,Consumer,Caguas,PR,Puerto Rico
17433,Consumer,Philadelphia,PA,United States
17434,Consumer,Caguas,PR,Puerto Rico
17435,Consumer,Aurora,IL,United States
17436,Consumer,Caguas,PR,Puerto Rico
17437,Consumer,Lake Forest,CA,United States
17438,Corporate,Caguas,PR,Puerto Rico
17439,Consumer,Chicago,IL,United States
17440,Consumer,Caguas,PR,Puerto Rico
17441,Consumer,Richmond,KY,United States
17442,Consumer,Caguas,PR,Puerto Rico
17443,Consumer,Virginia Beach,VA,United States
17444,Consumer,Mesa,AZ,United States
17445,Corporate,Caguas,PR,Puerto Rico
17446,Corporate,Houston,TX,United States
17447,Consumer,Caguas,PR,Puerto Rico
17448,Consumer,Enfield,CT,United States
17449,Corporate,Caguas,PR,Puerto Rico
17450,Home Office,Weslaco,TX,United States
17451,Home Office,Caguas,PR,Puerto Rico
17452,Consumer,San Juan,PR,Puerto Rico
17453,Consumer,Caguas,PR,Puerto Rico
17454,Consumer,Jacksonville,FL,United States
17455,Consumer,Los Angeles,CA,United States
17456,Consumer,Caguas,PR,Puerto Rico
17457,Consumer,Brooklyn,NY,United States
17458,Consumer,Carmichael,CA,United States
17459,Corporate,Newburgh,NY,United States
17460,Corporate,Dallas,TX,United States
17461,Corporate,Caguas,PR,Puerto Rico
17462,Corporate,Albuquerque,NM,United States
17463,Consumer,Caguas,PR,Puerto Rico
17464,Consumer,Fayetteville,NC,United States
17465,Home Office,Caguas,PR,Puerto Rico
17466,Consumer,Albuquerque,NM,United States
17467,Corporate,Caguas,PR,Puerto Rico
17468,Consumer,Brooklyn,NY,United States
17469,Consumer,Caguas,PR,Puerto Rico
17470,Corporate,Alhambra,CA,United States
17471,Corporate,Jacksonville,NC,United States
17472,Corporate,Caguas,PR,Puerto Rico
17473,Home Office,Stone Mountain,GA,United States
17474,Home Office,Moline,IL,United States
17475,Consumer,Caguas,PR,Puerto Rico
17476,Consumer,Pompano Beach,FL,United States
17477,Consumer,Caguas,PR,Puerto Rico
17478,Corporate,Corona,NY,United States
17479,Corporate,Elgin,IL,United States
17480,Corporate,Newark,DE,United States
17481,Home Office,Caguas,PR,Puerto Rico
17482,Home Office,Santa Fe,NM,United States
17483,Home Office,Caguas,PR,Puerto Rico
17484,Corporate,Santa Clara,CA,United States
17485,Corporate,Carol Stream,IL,United States
17486,Corporate,York,PA,United States
17487,Home Office,Caguas,PR,Puerto Rico
17488,Home Office,Honolulu,HI,United States
17489,Consumer,Caguas,PR,Puerto Rico
17490,Consumer,San Pablo,CA,United States
17491,Consumer,Caguas,PR,Puerto Rico
17492,Consumer,Long Beach,CA,United States
17493,Consumer,Sheboygan,WI,United States
17494,Consumer,Caguas,PR,Puerto Rico
17495,Consumer,Diamond Bar,CA,United States
17496,Consumer,Caguas,PR,Puerto Rico
17497,Corporate,Houston,TX,United States
17498,Corporate,Enfield,CT,United States
17499,Corporate,Caguas,PR,Puerto Rico
17500,Corporate,Los Angeles,CA,United States
17501,Corporate,Hamtramck,MI,United States
17502,Consumer,Caguas,PR,Puerto Rico
17503,Consumer,Palatine,IL,United States
17504,Consumer,Caguas,PR,Puerto Rico
17505,Consumer,Detroit,MI,United States
17506,Consumer,New Orleans,LA,United States
17507,Consumer,Caguas,PR,Puerto Rico
17508,Corporate,Las Vegas,NV,United States
17509,Corporate,Caguas,PR,Puerto Rico
17510,Consumer,Milwaukee,WI,United States
17511,Corporate,Caguas,PR,Puerto Rico
17512,Corporate,Riverside,CA,United States
17513,Corporate,Brooklyn,NY,United States
17514,Corporate,Apex,NC,United States
17515,Corporate,Caguas,PR,Puerto Rico
17516,Corporate,Philadelphia,PA,United States
17517,Corporate,Las Cruces,NM,United States
17518,Corporate,Caguas,PR,Puerto Rico
17519,Corporate,San Antonio,TX,United States
17520,Corporate,Caguas,PR,Puerto Rico
17521,Corporate,Pico Rivera,CA,United States
17522,Consumer,Clementon,NJ,United States
17523,Consumer,Caguas,PR,Puerto Rico
17524,Home Office,Reynoldsburg,OH,United States
17525,Corporate,Webster,NY,United States
17526,Corporate,Caguas,PR,Puerto Rico
17527,Consumer,Mesquite,TX,United States
17528,Consumer,Salem,OR,United States
17529,Consumer,Caguas,PR,Puerto Rico
17530,Corporate,Ypsilanti,MI,United States
17531,Corporate,Caguas,PR,Puerto Rico
17532,Corporate,Long Beach,CA,United States
17533,Consumer,Canyon Country,CA,United States
17534,Corporate,West Chester,PA,United States
17535,Corporate,Caguas,PR,Puerto Rico
17536,Home Office,Compton,CA,United States
17537,Home Office,Caguas,PR,Puerto Rico
17538,Home Office,Ann Arbor,MI,United States
17539,Home Office,Tampa,FL,United States
17540,Consumer,Caguas,PR,Puerto Rico
17541,Consumer,Apex,NC,United States
17542,Consumer,Caguas,PR,Puerto Rico
17543,Home Office,Philadelphia,PA,United States
17544,Home Office,Caguas,PR,Puerto Rico
17545,Home Office,Apopka,FL,United States
17546,Home Office,Caguas,PR,Puerto Rico
17547,Consumer,Cumberland,MD,United States
17548,Consumer,Caguas,PR,Puerto Rico
17549,Consumer,Hamtramck,MI,United States
17550,Consumer,Woonsocket,RI,United States
17551,Consumer,Caguas,PR,Puerto Rico
17552,Home Office,York,PA,United States
17553,Corporate,Buffalo,NY,United States
17554,Home Office,Caguas,PR,Puerto Rico
17555,Home Office,Chicago,IL,United States
17556,Consumer,Seattle,WA,United States
17557,Consumer,Caguas,PR,Puerto Rico
17558,Consumer,Mount Pleasant,MI,United States
17559,Home Office,Caguas,PR,Puerto Rico
17560,Home Office,Peabody,MA,United States
17561,Consumer,Caguas,PR,Puerto Rico
17562,Consumer,Carrollton,TX,United States
17563,Corporate,Caguas,PR,Puerto Rico
17564,Consumer,Morrisville,PA,United States
17565,Consumer,Caguas,PR,Puerto Rico
17566,Consumer,Los Angeles,CA,United States
17567,Consumer,Phoenix,AZ,United States
17568,Consumer,Caguas,PR,Puerto Rico
17569,Corporate,Brooklyn,NY,United States
17570,Corporate,Indianapolis,IN,United States
17571,Corporate,Caguas,PR,Puerto Rico
17572,Consumer,Memphis,TN,United States
17573,Corporate,Tempe,AZ,United States
17574,Corporate,Hanover,PA,United States
17575,Corporate,Richardson,TX,United States
17576,Corporate,Caguas,PR,Puerto Rico
17577,Corporate,North Richland Hills,TX,United States
17578,Corporate,Hamilton,OH,United States
17579,Corporate,Caguas,PR,Puerto Rico
17580,Corporate,Elgin,IL,United States
17581,Consumer,Caguas,PR,Puerto Rico
17582,Consumer,Mount Prospect,IL,United States
17583,Consumer,Ontario,CA,United States
17584,Consumer,Caguas,PR,Puerto Rico
17585,Consumer,Costa Mesa,CA,United States
17586,Consumer,Caguas,PR,Puerto Rico
17587,Consumer,Detroit,MI,United States
17588,Consumer,Modesto,CA,United States
17589,Consumer,Orlando,FL,United States
17590,Corporate,Caguas,PR,Puerto Rico
17591,Consumer,Jersey City,NJ,United States
17592,Corporate,Apex,NC,United States
17593,Home Office,Caguas,PR,Puerto Rico
17594,Home Office,Amarillo,TX,United States
17595,Home Office,Caguas,PR,Puerto Rico
17596,Home Office,Merced,CA,United States
17597,Corporate,Caguas,PR,Puerto Rico
17598,Corporate,Memphis,TN,United States
17599,Consumer,Caguas,PR,Puerto Rico
17600,Consumer,Bronx,NY,United States
17601,Consumer,Mount Pleasant,MI,United States
17602,Consumer,Caguas,PR,Puerto Rico
17603,Corporate,Winter Park,FL,United States
17604,Consumer,Caguas,PR,Puerto Rico
17605,Consumer,Pomona,CA,United States
17606,Corporate,Caguas,PR,Puerto Rico
17607,Consumer,Katy,TX,United States
17608,Home Office,Caguas,PR,Puerto Rico
17609,Home Office,Citrus Heights,CA,United States
17610,Home Office,Caguas,PR,Puerto Rico
17611,Home Office,Newburgh,NY,United States
17612,Home Office,Caguas,PR,Puerto Rico
17613,Home Office,Mchenry,IL,United States
17614,Home Office,Caguas,PR,Puerto Rico
17615,Home Office,Brooklyn,NY,United States
17616,Home Office,Caguas,PR,Puerto Rico
17617,Home Office,Bensalem,PA,United States
17618,Home Office,Caguas,PR,Puerto Rico
17619,Consumer,Wayne,NJ,United States
17620,Consumer,Caguas,PR,Puerto Rico
17621,Consumer,Dallas,TX,United States
17622,Consumer,San Marcos,TX,United States
17623,Corporate,Piscataway,NJ,United States
17624,Consumer,Guaynabo,PR,Puerto Rico
17625,Consumer,Caguas,PR,Puerto Rico
17626,Consumer,Yuma,AZ,United States
17627,Corporate,Walnut,CA,United States
17628,Home Office,Caguas,PR,Puerto Rico
17629,Corporate,Livermore,CA,United States
17630,Corporate,Hayward,CA,United States
17631,Corporate,Porterville,CA,United States
17632,Corporate,Long Beach,CA,United States
17633,Consumer,Costa Mesa,CA,United States
17634,Consumer,Caguas,PR,Puerto Rico
17635,Home Office,Livermore,CA,United States
17636,Consumer,Chicago,IL,United States
17637,Consumer,Caguas,PR,Puerto Rico
17638,Consumer,Philadelphia,PA,United States
17639,Consumer,Caguas,PR,Puerto Rico
17640,Consumer,Davis,CA,United States
17641,Consumer,South Richmond Hill,NY,United States
17642,Consumer,Caguas,PR,Puerto Rico
17643,Consumer,Chicago,IL,United States
17644,Consumer,Lawrenceville,GA,United States
17645,Corporate,Garden Grove,CA,United States
17646,Corporate,Caguas,PR,Puerto Rico
17647,Corporate,Santa Ana,CA,United States
17648,Corporate,Milpitas,CA,United States
17649,Consumer,Warren,MI,United States
17650,Consumer,Caguas,PR,Puerto Rico
17651,Consumer,Philadelphia,PA,United States
17652,Consumer,Fayetteville,NC,United States
17653,Corporate,Caguas,PR,Puerto Rico
17654,Corporate,Harvey,IL,United States
17655,Consumer,Caguas,PR,Puerto Rico
17656,Consumer,Oceanside,CA,United States
17657,Consumer,Caguas,PR,Puerto Rico
17658,Corporate,Rancho Cordova,CA,United States
17659,Home Office,Caguas,PR,Puerto Rico
17660,Home Office,Chicago,IL,United States
17661,Home Office,Ithaca,NY,United States
17662,Corporate,Caguas,PR,Puerto Rico
17663,Corporate,Las Vegas,NV,United States
17664,Corporate,Caguas,PR,Puerto Rico
17665,Corporate,Baytown,TX,United States
17666,Corporate,Caguas,PR,Puerto Rico
17667,Corporate,Hampton,VA,United States
17668,Corporate,Caguas,PR,Puerto Rico
17669,Consumer,Los Angeles,CA,United States
17670,Consumer,Caguas,PR,Puerto Rico
17671,Consumer,Carrollton,TX,United States
17672,Home Office,Lindenhurst,NY,United States
17673,Corporate,Caguas,PR,Puerto Rico
17674,Consumer,Brooklyn,NY,United States
17675,Consumer,Caguas,PR,Puerto Rico
17676,Consumer,El Cajon,CA,United States
17677,Consumer,Lancaster,CA,United States
17678,Corporate,Caguas,PR,Puerto Rico
17679,Consumer,Sandusky,OH,United States
17680,Consumer,Caguas,PR,Puerto Rico
17681,Consumer,Salem,OR,United States
17682,Consumer,Caguas,PR,Puerto Rico
17683,Consumer,Atlanta,GA,United States
17684,Corporate,Caguas,PR,Puerto Rico
17685,Corporate,Lancaster,CA,United States
17686,Corporate,Caguas,PR,Puerto Rico
17687,Corporate,Allentown,PA,United States
17688,Corporate,Weslaco,TX,United States
17689,Consumer,Glen Burnie,MD,United States
17690,Consumer,Caguas,PR,Puerto Rico
17691,Consumer,Lawton,OK,United States
17692,Consumer,Caguas,PR,Puerto Rico
17693,Consumer,San Diego,CA,United States
17694,Consumer,Caguas,PR,Puerto Rico
17695,Consumer,Trujillo Alto,PR,Puerto Rico
17696,Consumer,Los Angeles,CA,United States
17697,Consumer,Sun Valley,CA,United States
17698,Consumer,Caguas,PR,Puerto Rico
17699,Consumer,Costa Mesa,CA,United States
17700,Consumer,Caguas,PR,Puerto Rico
17701,Corporate,Portland,OR,United States
17702,Corporate,Caguas,PR,Puerto Rico
17703,Home Office,Granite City,IL,United States
17704,Corporate,Caguas,PR,Puerto Rico
17705,Corporate,Anaheim,CA,United States
17706,Home Office,Bensalem,PA,United States
17707,Home Office,Caguas,PR,Puerto Rico
17708,Home Office,Simi Valley,CA,United States
17709,Consumer,Brownsville,TX,United States
17710,Consumer,Caguas,PR,Puerto Rico
17711,Consumer,Duluth,GA,United States
17712,Consumer,Roseburg,OR,United States
17713,Corporate,Caguas,PR,Puerto Rico
17714,Consumer,Fort Lauderdale,FL,United States
17715,Consumer,La Crosse,WI,United States
17716,Consumer,Caguas,PR,Puerto Rico
17717,Consumer,Brooklyn,NY,United States
17718,Consumer,Irving,TX,United States
17719,Home Office,Caguas,PR,Puerto Rico
17720,Home Office,Philadelphia,PA,United States
17721,Consumer,La Crosse,WI,United States
17722,Home Office,Pharr,TX,United States
17723,Consumer,Caguas,PR,Puerto Rico
17724,Corporate,Philadelphia,PA,United States
17725,Corporate,Caguas,PR,Puerto Rico
17726,Consumer,Memphis,TN,United States
17727,Consumer,Caguas,PR,Puerto Rico
17728,Consumer,Pomona,CA,United States
17729,Consumer,Fairfield,OH,United States
17730,Consumer,Caguas,PR,Puerto Rico
17731,Home Office,Elyria,OH,United States
17732,Home Office,Honolulu,HI,United States
17733,Home Office,Caguas,PR,Puerto Rico
17734,Home Office,Fontana,CA,United States
17735,Home Office,Hanover,PA,United States
17736,Corporate,Caguas,PR,Puerto Rico
17737,Consumer,Chicago,IL,United States
17738,Consumer,Caguas,PR,Puerto Rico
17739,Home Office,New York,NY,United States
17740,Corporate,Albuquerque,NM,United States
17741,Corporate,Bronx,NY,United States
17742,Consumer,Fremont,CA,United States
17743,Home Office,Caguas,PR,Puerto Rico
17744,Home Office,Gilroy,CA,United States
17745,Corporate,Caguas,PR,Puerto Rico
17746,Corporate,Milpitas,CA,United States
17747,Corporate,Spring Valley,NY,United States
17748,Corporate,Caguas,PR,Puerto Rico
17749,Consumer,Palmdale,CA,United States
17750,Consumer,Ypsilanti,MI,United States
17751,Corporate,Caguas,PR,Puerto Rico
17752,Corporate,Newark,DE,United States
17753,Corporate,Caguas,PR,Puerto Rico
17754,Corporate,Los Angeles,CA,United States
17755,Corporate,Stone Mountain,GA,United States
17756,Corporate,Annapolis,MD,United States
17757,Corporate,Caguas,PR,Puerto Rico
17758,Corporate,Miami,FL,United States
17759,Corporate,Caguas,PR,Puerto Rico
17760,Corporate,Brooklyn,NY,United States
17761,Corporate,Caguas,PR,Puerto Rico
17762,Corporate,Chicago,IL,United States
17763,Home Office,Chicago,IL,United States
17764,Home Office,Valrico,FL,United States
17765,Consumer,Caguas,PR,Puerto Rico
17766,Home Office,Mount Pleasant,MI,United States
17767,Consumer,Caguas,PR,Puerto Rico
17768,Consumer,Phoenix,AZ,United States
17769,Home Office,Crystal Lake,IL,United States
17770,Home Office,Caguas,PR,Puerto Rico
17771,Home Office,Long Beach,CA,United States
17772,Corporate,Henderson,NV,United States
17773,Consumer,Caguas,PR,Puerto Rico
17774,Consumer,Algonquin,IL,United States
17775,Consumer,Caguas,PR,Puerto Rico
17776,Consumer,Dearborn,MI,United States
17777,Corporate,Caguas,PR,Puerto Rico
17778,Corporate,Henrico,VA,United States
17779,Corporate,Caguas,PR,Puerto Rico
17780,Corporate,Bowling Green,KY,United States
17781,Corporate,Caguas,PR,Puerto Rico
17782,Corporate,Phoenix,AZ,United States
17783,Home Office,Caguas,PR,Puerto Rico
17784,Home Office,Vacaville,CA,United States
17785,Home Office,Longmont,CO,United States
17786,Consumer,Bakersfield,CA,United States
17787,Consumer,Caguas,PR,Puerto Rico
17788,Consumer,Phoenix,AZ,United States
17789,Consumer,Caguas,PR,Puerto Rico
17790,Consumer,Santa Ana,CA,United States
17791,Consumer,Taylor,MI,United States
17792,Consumer,Cleveland,OH,United States
17793,Consumer,Mesa,AZ,United States
17794,Consumer,Caguas,PR,Puerto Rico
17795,Consumer,Woodbridge,VA,United States
17796,Consumer,Caguas,PR,Puerto Rico
17797,Consumer,Webster,NY,United States
17798,Corporate,Caguas,PR,Puerto Rico
17799,Consumer,Honolulu,HI,United States
17800,Home Office,Fremont,CA,United States
17801,Consumer,Caguas,PR,Puerto Rico
17802,Consumer,San Bernardino,CA,United States
17803,Consumer,Caguas,PR,Puerto Rico
17804,Consumer,Lockport,IL,United States
17805,Corporate,Caguas,PR,Puerto Rico
17806,Corporate,Las Vegas,NV,United States
17807,Corporate,Caguas,PR,Puerto Rico
17808,Consumer,Chicago,IL,United States
17809,Consumer,Mentor,OH,United States
17810,Consumer,Tallahassee,FL,United States
17811,Consumer,Caguas,PR,Puerto Rico
17812,Corporate,Los Angeles,CA,United States
17813,Consumer,Middletown,OH,United States
17814,Consumer,Bakersfield,CA,United States
17815,Corporate,Caguas,PR,Puerto Rico
17816,Corporate,Chicago,IL,United States
17817,Consumer,Chicago,IL,United States
17818,Corporate,Las Vegas,NV,United States
17819,Consumer,Caguas,PR,Puerto Rico
17820,Consumer,Santa Ana,CA,United States
17821,Consumer,Caguas,PR,Puerto Rico
17822,Consumer,Plymouth,MA,United States
17823,Corporate,Caguas,PR,Puerto Rico
17824,Corporate,Pittsburg,CA,United States
17825,Corporate,Salinas,CA,United States
17826,Corporate,Caguas,PR,Puerto Rico
17827,Consumer,Denver,CO,United States
17828,Consumer,Phoenix,AZ,United States
17829,Corporate,Caguas,PR,Puerto Rico
17830,Consumer,Detroit,MI,United States
17831,Consumer,Caguas,PR,Puerto Rico
17832,Home Office,Cleveland,OH,United States
17833,Consumer,Portland,OR,United States
17834,Consumer,Caguas,PR,Puerto Rico
17835,Consumer,Houston,TX,United States
17836,Home Office,Caguas,PR,Puerto Rico
17837,Consumer,Brooklyn,NY,United States
17838,Home Office,Memphis,TN,United States
17839,Corporate,Newark,DE,United States
17840,Consumer,Caguas,PR,Puerto Rico
17841,Consumer,Tinley Park,IL,United States
17842,Consumer,Raleigh,NC,United States
17843,Consumer,Caguas,PR,Puerto Rico
17844,Consumer,Chicago,IL,United States
17845,Consumer,Lakewood,NJ,United States
17846,Consumer,Caguas,PR,Puerto Rico
17847,Consumer,Harvey,IL,United States
17848,Consumer,Michigan City,IN,United States
17849,Consumer,Caguas,PR,Puerto Rico
17850,Home Office,Chicago,IL,United States
17851,Consumer,Santa Ana,CA,United States
17852,Consumer,Caguas,PR,Puerto Rico
17853,Corporate,Chicago,IL,United States
17854,Corporate,Caguas,PR,Puerto Rico
17855,Corporate,Detroit,MI,United States
17856,Consumer,San Ramon,CA,United States
17857,Corporate,Caguas,PR,Puerto Rico
17858,Corporate,Fountain Valley,CA,United States
17859,Corporate,Costa Mesa,CA,United States
17860,Corporate,Caguas,PR,Puerto Rico
17861,Home Office,Los Angeles,CA,United States
17862,Consumer,Honolulu,HI,United States
17863,Consumer,Caguas,PR,Puerto Rico
17864,Consumer,Duluth,GA,United States
17865,Home Office,Caguas,PR,Puerto Rico
17866,Home Office,Chapel Hill,NC,United States
17867,Home Office,Roswell,GA,United States
17868,Home Office,Caguas,PR,Puerto Rico
17869,Home Office,Stockbridge,GA,United States
17870,Consumer,Brighton,MA,United States
17871,Consumer,Caguas,PR,Puerto Rico
17872,Consumer,Chino Hills,CA,United States
17873,Home Office,Sugar Land,TX,United States
17874,Home Office,Greenville,NC,United States
17875,Corporate,Aurora,CO,United States
17876,Corporate,Caguas,PR,Puerto Rico
17877,Consumer,Tonawanda,NY,United States
17878,Corporate,Caguas,PR,Puerto Rico
17879,Consumer,Houston,TX,United States
17880,Consumer,New York,NY,United States
17881,Consumer,Caguas,PR,Puerto Rico
17882,Consumer,Lenoir,NC,United States
17883,Consumer,Fullerton,CA,United States
17884,Consumer,Caguas,PR,Puerto Rico
17885,Consumer,Carolina,PR,Puerto Rico
17886,Consumer,Caguas,PR,Puerto Rico
17887,Consumer,Saint Peters,MO,United States
17888,Consumer,Caguas,PR,Puerto Rico
17889,Consumer,Carrollton,TX,United States
17890,Consumer,Caguas,PR,Puerto Rico
17891,Consumer,Honolulu,HI,United States
17892,Consumer,Caguas,PR,Puerto Rico
17893,Consumer,Crown Point,IN,United States
17894,Home Office,Caguas,PR,Puerto Rico
17895,Home Office,Wichita,KS,United States
17896,Home Office,Caguas,PR,Puerto Rico
17897,Home Office,Van Nuys,CA,United States
17898,Home Office,Atlanta,GA,United States
17899,Corporate,Caguas,PR,Puerto Rico
17900,Consumer,El Paso,TX,United States
17901,Home Office,Marietta,GA,United States
17902,Home Office,Bronx,NY,United States
17903,Corporate,Caguas,PR,Puerto Rico
17904,Corporate,Los Angeles,CA,United States
17905,Corporate,Danbury,CT,United States
17906,Corporate,Caguas,PR,Puerto Rico
17907,Consumer,Toms River,NJ,United States
17908,Consumer,Union,NJ,United States
17909,Consumer,Caguas,PR,Puerto Rico
17910,Consumer,San Antonio,TX,United States
17911,Consumer,Caguas,PR,Puerto Rico
17912,Consumer,Amarillo,TX,United States
17913,Consumer,Sheboygan,WI,United States
17914,Consumer,Caguas,PR,Puerto Rico
17915,Consumer,New York,NY,United States
17916,Consumer,Yuma,AZ,United States
17917,Consumer,Madera,CA,United States
17918,Consumer,Caguas,PR,Puerto Rico
17919,Corporate,Hialeah,FL,United States
17920,Corporate,Caguas,PR,Puerto Rico
17921,Corporate,Lake Forest,CA,United States
17922,Consumer,San Antonio,TX,United States
17923,Consumer,Los Angeles,CA,United States
17924,Consumer,Caguas,PR,Puerto Rico
17925,Consumer,Houston,TX,United States
17926,Consumer,Caguas,PR,Puerto Rico
17927,Consumer,Waukegan,IL,United States
17928,Consumer,Victorville,CA,United States
17929,Home Office,Honolulu,HI,United States
17930,Corporate,Caguas,PR,Puerto Rico
17931,Corporate,Tonawanda,NY,United States
17932,Home Office,Loveland,OH,United States
17933,Home Office,Caguas,PR,Puerto Rico
17934,Home Office,Mesa,AZ,United States
17935,Home Office,Caguas,PR,Puerto Rico
17936,Consumer,Gardena,CA,United States
17937,Corporate,Caguas,PR,Puerto Rico
17938,Corporate,Beloit,WI,United States
17939,Corporate,Caguas,PR,Puerto Rico
17940,Consumer,Mount Prospect,IL,United States
17941,Consumer,Caguas,PR,Puerto Rico
17942,Consumer,Simi Valley,CA,United States
17943,Consumer,Las Cruces,NM,United States
17944,Home Office,Caguas,PR,Puerto Rico
17945,Home Office,Mission Viejo,CA,United States
17946,Home Office,Caguas,PR,Puerto Rico
17947,Corporate,San Jose,CA,United States
17948,Consumer,Caguas,PR,Puerto Rico
17949,Consumer,Raleigh,NC,United States
17950,Corporate,Caguas,PR,Puerto Rico
17951,Corporate,Chicago,IL,United States
17952,Corporate,Caguas,PR,Puerto Rico
17953,Corporate,Mchenry,IL,United States
17954,Corporate,Caguas,PR,Puerto Rico
17955,Home Office,Houston,TX,United States
17956,Home Office,Levittown,NY,United States
17957,Consumer,Caguas,PR,Puerto Rico
17958,Consumer,Saint Paul,MN,United States
17959,Consumer,Caguas,PR,Puerto Rico
17960,Consumer,Perth Amboy,NJ,United States
17961,Consumer,New Braunfels,TX,United States
17962,Corporate,Caguas,PR,Puerto Rico
17963,Consumer,Kailua,HI,United States
17964,Corporate,Caguas,PR,Puerto Rico
17965,Consumer,Knoxville,TN,United States
17966,Corporate,Visalia,CA,United States
17967,Consumer,Caguas,PR,Puerto Rico
17968,Corporate,Antioch,CA,United States
17969,Corporate,Morrisville,PA,United States
17970,Consumer,Caguas,PR,Puerto Rico
17971,Consumer,Bronx,NY,United States
17972,Consumer,Caguas,PR,Puerto Rico
17973,Consumer,Salt Lake City,UT,United States
17974,Consumer,Salinas,CA,United States
17975,Corporate,Tucson,AZ,United States
17976,Consumer,Caguas,PR,Puerto Rico
17977,Corporate,Hayward,CA,United States
17978,Corporate,Los Angeles,CA,United States
17979,Consumer,Philadelphia,PA,United States
17980,Consumer,Caguas,PR,Puerto Rico
17981,Consumer,El Monte,CA,United States
17982,Consumer,Caguas,PR,Puerto Rico
17983,Corporate,Albany,OR,United States
17984,Corporate,Martinsburg,WV,United States
17985,Consumer,Caguas,PR,Puerto Rico
17986,Corporate,Brooklyn,NY,United States
17987,Consumer,Lynnwood,WA,United States
17988,Corporate,Caguas,PR,Puerto Rico
17989,Consumer,Chicago,IL,United States
17990,Consumer,Manchester,CT,United States
17991,Consumer,Caguas,PR,Puerto Rico
17992,Consumer,Jackson Heights,NY,United States
17993,Consumer,Los Angeles,CA,United States
17994,Consumer,Saint Paul,MN,United States
17995,Consumer,Caguas,PR,Puerto Rico
17996,Consumer,Lewisville,TX,United States
17997,Consumer,Hollywood,FL,United States
17998,Consumer,Caguas,PR,Puerto Rico
17999,Consumer,Cicero,IL,United States
18000,Consumer,Brownsville,TX,United States
18001,Corporate,Caguas,PR,Puerto Rico
18002,Corporate,Memphis,TN,United States
18003,Corporate,Caguas,PR,Puerto Rico
18004,Corporate,Chicago,IL,United States
18005,Consumer,Tempe,AZ,United States
18006,Consumer,Caguas,PR,Puerto Rico
18007,Corporate,Baltimore,MD,United States
18008,Consumer,Bakersfield,CA,United States
18009,Consumer,Caguas,PR,Puerto Rico
18010,Consumer,Marietta,GA,United States
18011,Consumer,Moreno Valley,CA,United States
18012,Consumer,Caguas,PR,Puerto Rico
18013,Consumer,Chillicothe,OH,United States
18014,Home Office,Caguas,PR,Puerto Rico
18015,Home Office,Hampton,VA,United States
18016,Home Office,Chicago,IL,United States
18017,Consumer,Caguas,PR,Puerto Rico
18018,Consumer,Folsom,CA,United States
18019,Corporate,Caguas,PR,Puerto Rico
18020,Corporate,Los Angeles,CA,United States
18021,Consumer,Caguas,PR,Puerto Rico
18022,Corporate,Newark,OH,United States
18023,Corporate,Atlanta,GA,United States
18024,Consumer,Caguas,PR,Puerto Rico
18025,Consumer,Saint Paul,MN,United States
18026,Consumer,Caguas,PR,Puerto Rico
18027,Corporate,West New York,NJ,United States
18028,Corporate,Caguas,PR,Puerto Rico
18029,Corporate,Glendale,AZ,United States
18030,Corporate,Caguas,PR,Puerto Rico
18031,Corporate,Compton,CA,United States
18032,Consumer,Rego Park,NY,United States
18033,Consumer,Sheboygan,WI,United States
18034,Home Office,Caguas,PR,Puerto Rico
18035,Home Office,San Diego,CA,United States
18036,Consumer,Caguas,PR,Puerto Rico
18037,Consumer,Chicago,IL,United States
18038,Consumer,Salina,KS,United States
18039,Corporate,North Tonawanda,NY,United States
18040,Corporate,Caguas,PR,Puerto Rico
18041,Consumer,Wichita,KS,United States
18042,Consumer,Caguas,PR,Puerto Rico
18043,Consumer,Canton,MI,United States
18044,Consumer,Caguas,PR,Puerto Rico
18045,Consumer,Rio Grande,PR,Puerto Rico
18046,Corporate,Denver,CO,United States
18047,Consumer,Edison,NJ,United States
18048,Consumer,Caguas,PR,Puerto Rico
18049,Corporate,Morristown,NJ,United States
18050,Corporate,Caguas,PR,Puerto Rico
18051,Consumer,Flushing,NY,United States
18052,Consumer,Dallas,TX,United States
18053,Consumer,Long Beach,CA,United States
18054,Home Office,Caguas,PR,Puerto Rico
18055,Home Office,Mission,TX,United States
18056,Home Office,Augusta,GA,United States
18057,Home Office,Caguas,PR,Puerto Rico
18058,Corporate,North Las Vegas,NV,United States
18059,Consumer,Winnetka,CA,United States
18060,Consumer,Caguas,PR,Puerto Rico
18061,Consumer,Brooklyn,NY,United States
18062,Consumer,Jacksonville,NC,United States
18063,Consumer,Caguas,PR,Puerto Rico
18064,Consumer,Peoria,AZ,United States
18065,Corporate,Glenview,IL,United States
18066,Consumer,Caguas,PR,Puerto Rico
18067,Corporate,Houston,TX,United States
18068,Corporate,Caguas,PR,Puerto Rico
18069,Consumer,Sunnyvale,CA,United States
18070,Corporate,Caguas,PR,Puerto Rico
18071,Corporate,Chicago,IL,United States
18072,Corporate,Orange Park,FL,United States
18073,Corporate,Caguas,PR,Puerto Rico
18074,Consumer,Colorado Springs,CO,United States
18075,Consumer,Caguas,PR,Puerto Rico
18076,Home Office,Hyattsville,MD,United States
18077,Home Office,Caguas,PR,Puerto Rico
18078,Consumer,Chula Vista,CA,United States
18079,Consumer,Bakersfield,CA,United States
18080,Consumer,Caguas,PR,Puerto Rico
18081,Corporate,Sugar Land,TX,United States
18082,Consumer,Caguas,PR,Puerto Rico
18083,Consumer,Kent,WA,United States
18084,Consumer,Compton,CA,United States
18085,Home Office,Caguas,PR,Puerto Rico
18086,Corporate,Philadelphia,PA,United States
18087,Consumer,Chicago,IL,United States
18088,Consumer,El Centro,CA,United States
18089,Consumer,Caguas,PR,Puerto Rico
18090,Consumer,Oxnard,CA,United States
18091,Corporate,Los Angeles,CA,United States
18092,Corporate,Columbus,OH,United States
18093,Corporate,Caguas,PR,Puerto Rico
18094,Consumer,Hacienda Heights,CA,United States
18095,Corporate,Caguas,PR,Puerto Rico
18096,Corporate,Baltimore,MD,United States
18097,Corporate,Caguas,PR,Puerto Rico
18098,Home Office,Lansdale,PA,United States
18099,Home Office,Elk Grove,CA,United States
18100,Consumer,Caguas,PR,Puerto Rico
18101,Consumer,San Jose,CA,United States
18102,Consumer,Hampton,VA,United States
18103,Consumer,Caguas,PR,Puerto Rico
18104,Consumer,Montebello,CA,United States
18105,Home Office,Algonquin,IL,United States
18106,Corporate,Caguas,PR,Puerto Rico
18107,Consumer,Santa Ana,CA,United States
18108,Corporate,Las Vegas,NV,United States
18109,Corporate,Caguas,PR,Puerto Rico
18110,Corporate,Lancaster,OH,United States
18111,Corporate,Columbus,OH,United States
18112,Corporate,Saint Charles,MO,United States
18113,Corporate,Caguas,PR,Puerto Rico
18114,Consumer,Chicago,IL,United States
18115,Consumer,Cleveland,OH,United States
18116,Consumer,Tampa,FL,United States
18117,Consumer,Caguas,PR,Puerto Rico
18118,Consumer,Milwaukee,WI,United States
18119,Consumer,Caguas,PR,Puerto Rico
18120,Consumer,Middletown,CT,United States
18121,Consumer,Caguas,PR,Puerto Rico
18122,Corporate,Albuquerque,NM,United States
18123,Consumer,Caguas,PR,Puerto Rico
18124,Consumer,San Jose,CA,United States
18125,Corporate,Caguas,PR,Puerto Rico
18126,Consumer,Lynn,MA,United States
18127,Corporate,Caguas,PR,Puerto Rico
18128,Corporate,Newburgh,NY,United States
18129,Corporate,Caguas,PR,Puerto Rico
18130,Corporate,Huntington Park,CA,United States
18131,Consumer,Mission Viejo,CA,United States
18132,Consumer,Caguas,PR,Puerto Rico
18133,Consumer,Spring Valley,NY,United States
18134,Corporate,Caguas,PR,Puerto Rico
18135,Corporate,Toa Baja,PR,Puerto Rico
18136,Home Office,Las Cruces,NM,United States
18137,Corporate,Caguas,PR,Puerto Rico
18138,Corporate,Houston,TX,United States
18139,Corporate,Fort Worth,TX,United States
18140,Corporate,Irwin,PA,United States
18141,Consumer,Caguas,PR,Puerto Rico
18142,Consumer,Milwaukee,WI,United States
18143,Corporate,Caguas,PR,Puerto Rico
18144,Consumer,Billings,MT,United States
18145,Consumer,Caguas,PR,Puerto Rico
18146,Consumer,Dayton,OH,United States
18147,Consumer,Rowland Heights,CA,United States
18148,Consumer,Jacksonville,NC,United States
18149,Consumer,Caguas,PR,Puerto Rico
18150,Consumer,Denver,CO,United States
18151,Home Office,Los Angeles,CA,United States
18152,Consumer,Augusta,GA,United States
18153,Consumer,Caguas,PR,Puerto Rico
18154,Consumer,Freeport,NY,United States
18155,Consumer,Caguas,PR,Puerto Rico
18156,Consumer,Fountain Valley,CA,United States
18157,Consumer,Caguas,PR,Puerto Rico
18158,Home Office,Edison,NJ,United States
18159,Corporate,Caguas,PR,Puerto Rico
18160,Corporate,New Orleans,LA,United States
18161,Corporate,Carlsbad,CA,United States
18162,Corporate,Caguas,PR,Puerto Rico
18163,Corporate,Freeport,NY,United States
18164,Consumer,Caguas,PR,Puerto Rico
18165,Corporate,Houston,TX,United States
18166,Consumer,Caguas,PR,Puerto Rico
18167,Consumer,Oxnard,CA,United States
18168,Consumer,Houston,TX,United States
18169,Consumer,New York,NY,United States
18170,Consumer,Caguas,PR,Puerto Rico
18171,Consumer,Massapequa,NY,United States
18172,Consumer,Caguas,PR,Puerto Rico
18173,Consumer,Stamford,CT,United States
18174,Consumer,Hialeah,FL,United States
18175,Home Office,Caguas,PR,Puerto Rico
18176,Home Office,Opa Locka,FL,United States
18177,Home Office,Caguas,PR,Puerto Rico
18178,Home Office,Lynwood,CA,United States
18179,Consumer,Dallas,TX,United States
18180,Consumer,Caguas,PR,Puerto Rico
18181,Consumer,Aurora,IL,United States
18182,Home Office,Caguas,PR,Puerto Rico
18183,Home Office,Grand Prairie,TX,United States
18184,Home Office,Chicago,IL,United States
18185,Corporate,Caguas,PR,Puerto Rico
18186,Home Office,Virginia Beach,VA,United States
18187,Home Office,West Jordan,UT,United States
18188,Home Office,Caguas,PR,Puerto Rico
18189,Home Office,Cleveland,OH,United States
18190,Home Office,Caguas,PR,Puerto Rico
18191,Corporate,Phoenix,AZ,United States
18192,Consumer,Caguas,PR,Puerto Rico
18193,Consumer,Saint Louis,MO,United States
18194,Consumer,Woonsocket,RI,United States
18195,Consumer,Caguas,PR,Puerto Rico
18196,Consumer,Fort Lauderdale,FL,United States
18197,Consumer,Caguas,PR,Puerto Rico
18198,Home Office,Chicago,IL,United States
18199,Consumer,Caguas,PR,Puerto Rico
18200,Consumer,Woodbridge,VA,United States
18201,Consumer,Caguas,PR,Puerto Rico
18202,Consumer,Colorado Springs,CO,United States
18203,Consumer,Daly City,CA,United States
18204,Consumer,Caguas,PR,Puerto Rico
18205,Consumer,Tucson,AZ,United States
18206,Corporate,Caguas,PR,Puerto Rico
18207,Home Office,Irvington,NJ,United States
18208,Home Office,Middletown,OH,United States
18209,Consumer,Caguas,PR,Puerto Rico
18210,Consumer,Riverside,CA,United States
18211,Consumer,Del Rio,TX,United States
18212,Consumer,Caguas,PR,Puerto Rico
18213,Consumer,Buffalo,NY,United States
18214,Consumer,Broken Arrow,OK,United States
18215,Consumer,Birmingham,AL,United States
18216,Home Office,Caguas,PR,Puerto Rico
18217,Home Office,Jersey City,NJ,United States
18218,Home Office,Caguas,PR,Puerto Rico
18219,Consumer,Atlanta,GA,United States
18220,Consumer,Sandusky,OH,United States
18221,Consumer,Caguas,PR,Puerto Rico
18222,Consumer,Panorama City,CA,United States
18223,Consumer,Westland,MI,United States
18224,Consumer,Caguas,PR,Puerto Rico
18225,Consumer,Gilroy,CA,United States
18226,Consumer,Caguas,PR,Puerto Rico
18227,Corporate,Los Angeles,CA,United States
18228,Corporate,Caguas,PR,Puerto Rico
18229,Consumer,New York,NY,United States
18230,Corporate,Caguas,PR,Puerto Rico
18231,Consumer,Forest Hills,NY,United States
18232,Consumer,Caguas,PR,Puerto Rico
18233,Consumer,Rego Park,NY,United States
18234,Consumer,Caguas,PR,Puerto Rico
18235,Consumer,Fort Worth,TX,United States
18236,Consumer,North Tonawanda,NY,United States
18237,Consumer,Caguas,PR,Puerto Rico
18238,Consumer,Hollywood,FL,United States
18239,Corporate,Caguas,PR,Puerto Rico
18240,Corporate,Escondido,CA,United States
18241,Corporate,Caguas,PR,Puerto Rico
18242,Corporate,Washington,DC,United States
18243,Corporate,Pekin,IL,United States
18244,Corporate,Caguas,PR,Puerto Rico
18245,Corporate,El Paso,TX,United States
18246,Corporate,Newark,NJ,United States
18247,Consumer,Caguas,PR,Puerto Rico
18248,Consumer,Staten Island,NY,United States
18249,Consumer,Caguas,PR,Puerto Rico
18250,Consumer,Sacramento,CA,United States
18251,Consumer,Caguas,PR,Puerto Rico
18252,Consumer,Lakewood,NJ,United States
18253,Consumer,Caguas,PR,Puerto Rico
18254,Consumer,Las Vegas,NV,United States
18255,Consumer,Ann Arbor,MI,United States
18256,Consumer,Memphis,TN,United States
18257,Home Office,Caguas,PR,Puerto Rico
18258,Home Office,Corona,NY,United States
18259,Consumer,Van Nuys,CA,United States
18260,Consumer,Caguas,PR,Puerto Rico
18261,Corporate,Mechanicsburg,PA,United States
18262,Consumer,Rancho Cucamonga,CA,United States
18263,Consumer,Caguas,PR,Puerto Rico
18264,Corporate,El Paso,TX,United States
18265,Corporate,Caguas,PR,Puerto Rico
18266,Corporate,Hollister,CA,United States
18267,Corporate,Caguas,PR,Puerto Rico
18268,Corporate,Brooklyn,NY,United States
18269,Corporate,Olathe,KS,United States
18270,Corporate,West Jordan,UT,United States
18271,Corporate,Caguas,PR,Puerto Rico
18272,Consumer,El Cajon,CA,United States
18273,Consumer,Hamilton,OH,United States
18274,Consumer,Caguas,PR,Puerto Rico
18275,Consumer,Hayward,CA,United States
18276,Corporate,San Jose,CA,United States
18277,Consumer,Caguas,PR,Puerto Rico
18278,Corporate,Edison,NJ,United States
18279,Corporate,Caguas,PR,Puerto Rico
18280,Consumer,Bell Gardens,CA,United States
18281,Consumer,Los Angeles,CA,United States
18282,Consumer,Caguas,PR,Puerto Rico
18283,Consumer,Laguna Niguel,CA,United States
18284,Consumer,Stockton,CA,United States
18285,Consumer,Caguas,PR,Puerto Rico
18286,Home Office,Newark,DE,United States
18287,Consumer,Columbia,SC,United States
18288,Corporate,Caguas,PR,Puerto Rico
18289,Consumer,New York,NY,United States
18290,Consumer,Caguas,PR,Puerto Rico
18291,Consumer,Vacaville,CA,United States
18292,Consumer,Aurora,IL,United States
18293,Corporate,Caguas,PR,Puerto Rico
18294,Consumer,New York,NY,United States
18295,Consumer,Caguas,PR,Puerto Rico
18296,Consumer,Chicago,IL,United States
18297,Corporate,Henrico,VA,United States
18298,Corporate,Baltimore,MD,United States
18299,Corporate,Caguas,PR,Puerto Rico
18300,Corporate,National City,CA,United States
18301,Consumer,Los Angeles,CA,United States
18302,Consumer,Caguas,PR,Puerto Rico
18303,Consumer,Sunnyvale,CA,United States
18304,Home Office,Des Plaines,IL,United States
18305,Home Office,Fremont,CA,United States
18306,Consumer,Lancaster,PA,United States
18307,Consumer,Caguas,PR,Puerto Rico
18308,Consumer,Brooklyn,NY,United States
18309,Home Office,Bronx,NY,United States
18310,Home Office,Pawtucket,RI,United States
18311,Consumer,Caguas,PR,Puerto Rico
18312,Consumer,Dallas,TX,United States
18313,Consumer,Martinsburg,WV,United States
18314,Home Office,Caguas,PR,Puerto Rico
18315,Consumer,Bronx,NY,United States
18316,Corporate,Caguas,PR,Puerto Rico
18317,Corporate,Kailua,HI,United States
18318,Corporate,Caguas,PR,Puerto Rico
18319,Corporate,Rialto,CA,United States
18320,Corporate,San Jose,CA,United States
18321,Home Office,Caguas,PR,Puerto Rico
18322,Corporate,Arlington,TX,United States
18323,Corporate,San Jose,CA,United States
18324,Corporate,Caguas,PR,Puerto Rico
18325,Corporate,Los Angeles,CA,United States
18326,Corporate,Caguas,PR,Puerto Rico
18327,Consumer,Moreno Valley,CA,United States
18328,Consumer,Caguas,PR,Puerto Rico
18329,Consumer,Bronx,NY,United States
18330,Corporate,Hendersonville,TN,United States
18331,Corporate,Caguas,PR,Puerto Rico
18332,Corporate,Salem,OR,United States
18333,Consumer,Caguas,PR,Puerto Rico
18334,Consumer,Chicago,IL,United States
18335,Consumer,Caguas,PR,Puerto Rico
18336,Home Office,New York,NY,United States
18337,Consumer,Caguas,PR,Puerto Rico
18338,Consumer,Annandale,VA,United States
18339,Consumer,Caguas,PR,Puerto Rico
18340,Consumer,Glenview,IL,United States
18341,Consumer,Caguas,PR,Puerto Rico
18342,Consumer,Forest Hills,NY,United States
18343,Consumer,Ballwin,MO,United States
18344,Consumer,Caguas,PR,Puerto Rico
18345,Home Office,Woodbridge,VA,United States
18346,Corporate,Caguas,PR,Puerto Rico
18347,Corporate,Los Angeles,CA,United States
18348,Corporate,Caguas,PR,Puerto Rico
18349,Corporate,New York,NY,United States
18350,Consumer,Pompano Beach,FL,United States
18351,Consumer,Caguas,PR,Puerto Rico
18352,Consumer,Del Rio,TX,United States
18353,Home Office,Caguas,PR,Puerto Rico
18354,Consumer,Aurora,CO,United States
18355,Consumer,Caguas,PR,Puerto Rico
18356,Consumer,Elmhurst,IL,United States
18357,Consumer,Caguas,PR,Puerto Rico
18358,Corporate,Chicago,IL,United States
18359,Consumer,Caguas,PR,Puerto Rico
18360,Consumer,Hagerstown,MD,United States
18361,Consumer,Fountain Valley,CA,United States
18362,Consumer,Stockton,CA,United States
18363,Consumer,East Lansing,MI,United States
18364,Consumer,Mount Pleasant,MI,United States
18365,Home Office,Caguas,PR,Puerto Rico
18366,Home Office,Brooklyn,NY,United States
18367,Consumer,Baltimore,MD,United States
18368,Home Office,Taunton,MA,United States
18369,Consumer,Caguas,PR,Puerto Rico
18370,Consumer,Chapel Hill,NC,United States
18371,Consumer,Caguas,PR,Puerto Rico
18372,Consumer,Rio Grande,PR,Puerto Rico
18373,Consumer,Caguas,PR,Puerto Rico
18374,Consumer,Virginia Beach,VA,United States
18375,Consumer,Caguas,PR,Puerto Rico
18376,Consumer,Arecibo,PR,Puerto Rico
18377,Home Office,El Paso,TX,United States
18378,Home Office,Caguas,PR,Puerto Rico
18379,Home Office,San Diego,CA,United States
18380,Home Office,Loveland,OH,United States
18381,Home Office,Caguas,PR,Puerto Rico
18382,Home Office,Chicago,IL,United States
18383,Home Office,Lynn,MA,United States
18384,Home Office,Caguas,PR,Puerto Rico
18385,Home Office,New Orleans,LA,United States
18386,Corporate,Caguas,PR,Puerto Rico
18387,Corporate,Lutz,FL,United States
18388,Corporate,Caguas,PR,Puerto Rico
18389,Corporate,Los Angeles,CA,United States
18390,Consumer,Caguas,PR,Puerto Rico
18391,Corporate,San Diego,CA,United States
18392,Corporate,Denver,CO,United States
18393,Home Office,Caguas,PR,Puerto Rico
18394,Corporate,Martinez,CA,United States
18395,Corporate,Rock Hill,SC,United States
18396,Consumer,Caguas,PR,Puerto Rico
18397,Consumer,San Juan,PR,Puerto Rico
18398,Corporate,Las Vegas,NV,United States
18399,Consumer,Rome,NY,United States
18400,Consumer,Hialeah,FL,United States
18401,Corporate,Caguas,PR,Puerto Rico
18402,Consumer,Princeton,NJ,United States
18403,Corporate,Caguas,PR,Puerto Rico
18404,Consumer,Chicago,IL,United States
18405,Consumer,Caguas,PR,Puerto Rico
18406,Consumer,Tonawanda,NY,United States
18407,Consumer,Columbia,SC,United States
18408,Home Office,Caguas,PR,Puerto Rico
18409,Consumer,Union City,NJ,United States
18410,Consumer,Detroit,MI,United States
18411,Consumer,Portland,OR,United States
18412,Home Office,Caguas,PR,Puerto Rico
18413,Consumer,Brooklyn,NY,United States
18414,Consumer,Pasadena,MD,United States
18415,Consumer,Placentia,CA,United States
18416,Consumer,Laredo,TX,United States
18417,Home Office,Caguas,PR,Puerto Rico
18418,Corporate,Augusta,GA,United States
18419,Home Office,Pittsfield,MA,United States
18420,Corporate,Caguas,PR,Puerto Rico
18421,Corporate,Carson,CA,United States
18422,Home Office,Los Angeles,CA,United States
18423,Home Office,Caguas,PR,Puerto Rico
18424,Consumer,Chicago,IL,United States
18425,Consumer,Caguas,PR,Puerto Rico
18426,Consumer,San Bernardino,CA,United States
18427,Consumer,Caguas,PR,Puerto Rico
18428,Consumer,Plano,TX,United States
18429,Consumer,Caguas,PR,Puerto Rico
18430,Consumer,Moreno Valley,CA,United States
18431,Corporate,Caguas,PR,Puerto Rico
18432,Consumer,Moreno Valley,CA,United States
18433,Corporate,Philadelphia,PA,United States
18434,Corporate,College Station,TX,United States
18435,Corporate,Caguas,PR,Puerto Rico
18436,Corporate,El Paso,TX,United States
18437,Corporate,Clovis,CA,United States
18438,Consumer,Caguas,PR,Puerto Rico
18439,Consumer,Philadelphia,PA,United States
18440,Consumer,Caguas,PR,Puerto Rico
18441,Consumer,Salina,KS,United States
18442,Consumer,Caguas,PR,Puerto Rico
18443,Consumer,Madera,CA,United States
18444,Consumer,Caguas,PR,Puerto Rico
18445,Corporate,Daly City,CA,United States
18446,Corporate,Houston,TX,United States
18447,Corporate,Chicago,IL,United States
18448,Corporate,Caguas,PR,Puerto Rico
18449,Corporate,Flushing,NY,United States
18450,Corporate,Catonsville,MD,United States
18451,Corporate,Caguas,PR,Puerto Rico
18452,Corporate,Atlanta,GA,United States
18453,Corporate,Caguas,PR,Puerto Rico
18454,Corporate,Clementon,NJ,United States
18455,Home Office,Caguas,PR,Puerto Rico
18456,Consumer,Fort Lauderdale,FL,United States
18457,Corporate,Caguas,PR,Puerto Rico
18458,Corporate,Chicago,IL,United States
18459,Corporate,Caguas,PR,Puerto Rico
18460,Corporate,Houston,TX,United States
18461,Corporate,Caguas,PR,Puerto Rico
18462,Corporate,Rego Park,NY,United States
18463,Consumer,Caguas,PR,Puerto Rico
18464,Consumer,Greensboro,NC,United States
18465,Corporate,Caguas,PR,Puerto Rico
18466,Consumer,Palatine,IL,United States
18467,Consumer,Caguas,PR,Puerto Rico
18468,Consumer,Mililani,HI,United States
18469,Consumer,Caguas,PR,Puerto Rico
18470,Consumer,Salinas,CA,United States
18471,Consumer,Lockport,NY,United States
18472,Consumer,Caguas,PR,Puerto Rico
18473,Consumer,West Lafayette,IN,United States
18474,Consumer,Los Angeles,CA,United States
18475,Consumer,Caguas,PR,Puerto Rico
18476,Consumer,Corona,CA,United States
18477,Home Office,Caguas,PR,Puerto Rico
18478,Consumer,Chicago,IL,United States
18479,Consumer,Cupertino,CA,United States
18480,Consumer,Diamond Bar,CA,United States
18481,Consumer,Caguas,PR,Puerto Rico
18482,Consumer,Hialeah,FL,United States
18483,Consumer,Caguas,PR,Puerto Rico
18484,Consumer,Brooklyn,NY,United States
18485,Consumer,Tucson,AZ,United States
18486,Corporate,Caguas,PR,Puerto Rico
18487,Corporate,Pomona,CA,United States
18488,Corporate,Caguas,PR,Puerto Rico
18489,Consumer,Chicago,IL,United States
18490,Consumer,Caguas,PR,Puerto Rico
18491,Consumer,Miami,FL,United States
18492,Consumer,Caguas,PR,Puerto Rico
18493,Consumer,Greensboro,NC,United States
18494,Corporate,Caguas,PR,Puerto Rico
18495,Corporate,Santa Clara,CA,United States
18496,Consumer,Caguas,PR,Puerto Rico
18497,Corporate,Pacoima,CA,United States
18498,Corporate,San Francisco,CA,United States
18499,Consumer,Waipahu,HI,United States
18500,Corporate,Algonquin,IL,United States
18501,Consumer,New Bedford,MA,United States
18502,Consumer,Caguas,PR,Puerto Rico
18503,Consumer,Hialeah,FL,United States
18504,Home Office,Caguas,PR,Puerto Rico
18505,Home Office,Augusta,GA,United States
18506,Home Office,Caguas,PR,Puerto Rico
18507,Home Office,Wheeling,WV,United States
18508,Home Office,Caguas,PR,Puerto Rico
18509,Consumer,Brooklyn,NY,United States
18510,Consumer,Caguas,PR,Puerto Rico
18511,Consumer,Wyoming,MI,United States
18512,Consumer,Richmond,VA,United States
18513,Consumer,Caguas,PR,Puerto Rico
18514,Consumer,Bay Shore,NY,United States
18515,Consumer,San Bernardino,CA,United States
18516,Consumer,Caguas,PR,Puerto Rico
18517,Consumer,Findlay,OH,United States
18518,Consumer,Caguas,PR,Puerto Rico
18519,Corporate,Austin,TX,United States
18520,Corporate,Caguas,PR,Puerto Rico
18521,Corporate,San Diego,CA,United States
18522,Corporate,Campbell,CA,United States
18523,Corporate,Caguas,PR,Puerto Rico
18524,Consumer,Montebello,CA,United States
18525,Consumer,Winter Park,FL,United States
18526,Consumer,Caguas,PR,Puerto Rico
18527,Consumer,New York,NY,United States
18528,Corporate,Caguas,PR,Puerto Rico
18529,Corporate,Toa Baja,PR,Puerto Rico
18530,Consumer,Escondido,CA,United States
18531,Corporate,Caguas,PR,Puerto Rico
18532,Home Office,Antioch,CA,United States
18533,Consumer,Philadelphia,PA,United States
18534,Consumer,Caguas,PR,Puerto Rico
18535,Consumer,Chicago,IL,United States
18536,Consumer,Phoenix,AZ,United States
18537,Consumer,Caguas,PR,Puerto Rico
18538,Consumer,Escondido,CA,United States
18539,Consumer,Caguas,PR,Puerto Rico
18540,Home Office,San Jose,CA,United States
18541,Consumer,Caguas,PR,Puerto Rico
18542,Consumer,Clovis,CA,United States
18543,Consumer,Caguas,PR,Puerto Rico
18544,Consumer,Danbury,CT,United States
18545,Consumer,Fort Lauderdale,FL,United States
18546,Consumer,Caguas,PR,Puerto Rico
18547,Consumer,Piscataway,NJ,United States
18548,Consumer,Clovis,CA,United States
18549,Consumer,San Antonio,TX,United States
18550,Corporate,Caguas,PR,Puerto Rico
18551,Consumer,Troy,NY,United States
18552,Consumer,Caguas,PR,Puerto Rico
18553,Consumer,Fort Lauderdale,FL,United States
18554,Consumer,Lawrenceville,GA,United States
18555,Consumer,Cleveland,OH,United States
18556,Consumer,Caguas,PR,Puerto Rico
18557,Consumer,Hesperia,CA,United States
18558,Corporate,Los Angeles,CA,United States
18559,Corporate,Endicott,NY,United States
18560,Corporate,Caguas,PR,Puerto Rico
18561,Corporate,Aurora,CO,United States
18562,Consumer,Caguas,PR,Puerto Rico
18563,Corporate,Lindenhurst,NY,United States
18564,Home Office,Caguas,PR,Puerto Rico
18565,Consumer,Encinitas,CA,United States
18566,Consumer,Caguas,PR,Puerto Rico
18567,Consumer,La Mesa,CA,United States
18568,Corporate,Caguas,PR,Puerto Rico
18569,Corporate,Washington,DC,United States
18570,Consumer,Caguas,PR,Puerto Rico
18571,Consumer,Atlanta,GA,United States
18572,Consumer,Caguas,PR,Puerto Rico
18573,Consumer,Reseda,CA,United States
18574,Consumer,Bismarck,ND,United States
18575,Consumer,Rochester,NY,United States
18576,Consumer,Caguas,PR,Puerto Rico
18577,Consumer,South San Francisco,CA,United States
18578,Corporate,San Diego,CA,United States
18579,Home Office,Caguas,PR,Puerto Rico
18580,Corporate,Philadelphia,PA,United States
18581,Corporate,Caguas,PR,Puerto Rico
18582,Corporate,La Mesa,CA,United States
18583,Corporate,Caguas,PR,Puerto Rico
18584,Corporate,Los Angeles,CA,United States
18585,Corporate,Brooklyn,NY,United States
18586,Home Office,Caguas,PR,Puerto Rico
18587,Home Office,Las Vegas,NV,United States
18588,Consumer,Caguas,PR,Puerto Rico
18589,Consumer,North Las Vegas,NV,United States
18590,Consumer,Sandusky,OH,United States
18591,Consumer,Caguas,PR,Puerto Rico
18592,Consumer,Annandale,VA,United States
18593,Consumer,Caguas,PR,Puerto Rico
18594,Corporate,North Las Vegas,NV,United States
18595,Consumer,Caguas,PR,Puerto Rico
18596,Consumer,Chicago,IL,United States
18597,Consumer,Honolulu,HI,United States
18598,Home Office,Caguas,PR,Puerto Rico
18599,Consumer,West Jordan,UT,United States
18600,Consumer,Caguas,PR,Puerto Rico
18601,Consumer,Harlingen,TX,United States
18602,Consumer,La Crosse,WI,United States
18603,Corporate,Caguas,PR,Puerto Rico
18604,Corporate,Salt Lake City,UT,United States
18605,Consumer,Fort Lauderdale,FL,United States
18606,Corporate,Caguas,PR,Puerto Rico
18607,Consumer,Chicago,IL,United States
18608,Consumer,Fort Lauderdale,FL,United States
18609,Consumer,Caguas,PR,Puerto Rico
18610,Consumer,Palatine,IL,United States
18611,Corporate,Caguas,PR,Puerto Rico
18612,Home Office,New York,NY,United States
18613,Home Office,Goleta,CA,United States
18614,Home Office,Caguas,PR,Puerto Rico
18615,Corporate,Chicago,IL,United States
18616,Corporate,Jersey City,NJ,United States
18617,Consumer,Caguas,PR,Puerto Rico
18618,Consumer,La Mesa,CA,United States
18619,Consumer,Caguas,PR,Puerto Rico
18620,Corporate,Colorado Springs,CO,United States
18621,Consumer,Caguas,PR,Puerto Rico
18622,Corporate,Richmond,KY,United States
18623,Home Office,Caguas,PR,Puerto Rico
18624,Home Office,Pomona,CA,United States
18625,Consumer,Catonsville,MD,United States
18626,Consumer,Caguas,PR,Puerto Rico
18627,Consumer,Miami,FL,United States
18628,Consumer,Tucson,AZ,United States
18629,Consumer,Caguas,PR,Puerto Rico
18630,Consumer,Moreno Valley,CA,United States
18631,Corporate,Caguas,PR,Puerto Rico
18632,Corporate,Stamford,CT,United States
18633,Consumer,Longmont,CO,United States
18634,Consumer,Fullerton,CA,United States
18635,Consumer,Caguas,PR,Puerto Rico
18636,Corporate,New York,NY,United States
18637,Corporate,Caguas,PR,Puerto Rico
18638,Corporate,Brooklyn,NY,United States
18639,Consumer,Hollywood,FL,United States
18640,Consumer,Stafford,VA,United States
18641,Corporate,Caguas,PR,Puerto Rico
18642,Consumer,Aurora,CO,United States
18643,Consumer,Brooklyn,NY,United States
18644,Consumer,Caguas,PR,Puerto Rico
18645,Consumer,New York,NY,United States
18646,Consumer,Chicago,IL,United States
18647,Consumer,Jackson,MI,United States
18648,Consumer,Caguas,PR,Puerto Rico
18649,Home Office,West Haven,CT,United States
18650,Home Office,Aurora,CO,United States
18651,Home Office,Caguas,PR,Puerto Rico
18652,Home Office,Brooklyn,NY,United States
18653,Home Office,Bayonne,NJ,United States
18654,Home Office,Lutz,FL,United States
18655,Home Office,Caguas,PR,Puerto Rico
18656,Home Office,Oceanside,CA,United States
18657,Consumer,Caguas,PR,Puerto Rico
18658,Home Office,Elgin,IL,United States
18659,Corporate,North Tonawanda,NY,United States
18660,Corporate,Caguas,PR,Puerto Rico
18661,Home Office,Laredo,TX,United States
18662,Home Office,Caguas,PR,Puerto Rico
18663,Consumer,El Paso,TX,United States
18664,Consumer,Caguas,PR,Puerto Rico
18665,Corporate,San Jose,CA,United States
18666,Consumer,Caguas,PR,Puerto Rico
18667,Home Office,Bronx,NY,United States
18668,Consumer,Caguas,PR,Puerto Rico
18669,Corporate,Tempe,AZ,United States
18670,Corporate,Caguas,PR,Puerto Rico
18671,Corporate,Miami,FL,United States
18672,Corporate,Caguas,PR,Puerto Rico
18673,Corporate,Los Angeles,CA,United States
18674,Corporate,Caguas,PR,Puerto Rico
18675,Corporate,Watsonville,CA,United States
18676,Corporate,New York,NY,United States
18677,Corporate,Cumberland,MD,United States
18678,Home Office,Caguas,PR,Puerto Rico
18679,Home Office,Union City,CA,United States
18680,Home Office,Pompano Beach,FL,United States
18681,Home Office,San Antonio,TX,United States
18682,Consumer,Caguas,PR,Puerto Rico
18683,Consumer,Princeton,NJ,United States
18684,Consumer,Caguas,PR,Puerto Rico
18685,Consumer,Mount Prospect,IL,United States
18686,Consumer,Philadelphia,PA,United States
18687,Corporate,Caguas,PR,Puerto Rico
18688,Corporate,Huntington Beach,CA,United States
18689,Corporate,Philadelphia,PA,United States
18690,Home Office,Del Rio,TX,United States
18691,Consumer,Caguas,PR,Puerto Rico
18692,Consumer,Troy,NY,United States
18693,Consumer,Caguas,PR,Puerto Rico
18694,Consumer,Virginia Beach,VA,United States
18695,Consumer,Caguas,PR,Puerto Rico
18696,Consumer,Princeton,NJ,United States
18697,Consumer,Caguas,PR,Puerto Rico
18698,Corporate,Salem,OR,United States
18699,Consumer,San Bernardino,CA,United States
18700,Consumer,Caguas,PR,Puerto Rico
18701,Consumer,Mentor,OH,United States
18702,Consumer,Caguas,PR,Puerto Rico
18703,Consumer,Bell Gardens,CA,United States
18704,Consumer,El Cajon,CA,United States
18705,Consumer,Caguas,PR,Puerto Rico
18706,Consumer,Fargo,ND,United States
18707,Consumer,Caguas,PR,Puerto Rico
18708,Corporate,Brooklyn,NY,United States
18709,Consumer,New York,NY,United States
18710,Consumer,Aurora,IL,United States
18711,Consumer,Caguas,PR,Puerto Rico
18712,Home Office,Philadelphia,PA,United States
18713,Corporate,Caguas,PR,Puerto Rico
18714,Consumer,Dallas,TX,United States
18715,Consumer,Apex,NC,United States
18716,Consumer,Caguas,PR,Puerto Rico
18717,Consumer,Philadelphia,PA,United States
18718,Consumer,Caguas,PR,Puerto Rico
18719,Corporate,San Juan,PR,Puerto Rico
18720,Corporate,Virginia Beach,VA,United States
18721,Corporate,Caguas,PR,Puerto Rico
18722,Corporate,Los Angeles,CA,United States
18723,Corporate,Compton,CA,United States
18724,Home Office,Dearborn,MI,United States
18725,Consumer,Portland,OR,United States
18726,Consumer,Caguas,PR,Puerto Rico
18727,Consumer,Ypsilanti,MI,United States
18728,Corporate,Caguas,PR,Puerto Rico
18729,Consumer,La Habra,CA,United States
18730,Consumer,Las Vegas,NV,United States
18731,Consumer,Hollywood,FL,United States
18732,Consumer,Caguas,PR,Puerto Rico
18733,Consumer,Baldwin Park,CA,United States
18734,Consumer,Chandler,AZ,United States
18735,Consumer,Caguas,PR,Puerto Rico
18736,Consumer,Columbus,OH,United States
18737,Consumer,Caguas,PR,Puerto Rico
18738,Consumer,Westerville,OH,United States
18739,Consumer,Caguas,PR,Puerto Rico
18740,Consumer,Springfield,MO,United States
18741,Consumer,Fort Worth,TX,United States
18742,Consumer,Caguas,PR,Puerto Rico
18743,Consumer,Chicago,IL,United States
18744,Consumer,Los Angeles,CA,United States
18745,Home Office,Caguas,PR,Puerto Rico
18746,Consumer,San Jose,CA,United States
18747,Consumer,Lakewood,OH,United States
18748,Consumer,Las Vegas,NV,United States
18749,Consumer,Caguas,PR,Puerto Rico
18750,Corporate,Los Angeles,CA,United States
18751,Corporate,Mount Pleasant,MI,United States
18752,Corporate,Caguas,PR,Puerto Rico
18753,Corporate,Humacao,PR,Puerto Rico
18754,Corporate,Douglasville,GA,United States
18755,Consumer,Caguas,PR,Puerto Rico
18756,Corporate,Simi Valley,CA,United States
18757,Consumer,Caguas,PR,Puerto Rico
18758,Consumer,Loveland,OH,United States
18759,Consumer,Caguas,PR,Puerto Rico
18760,Consumer,Norfolk,VA,United States
18761,Consumer,Caguas,PR,Puerto Rico
18762,Consumer,Norcross,GA,United States
18763,Consumer,Caguas,PR,Puerto Rico
18764,Consumer,Modesto,CA,United States
18765,Corporate,El Centro,CA,United States
18766,Corporate,Caguas,PR,Puerto Rico
18767,Consumer,Chapel Hill,NC,United States
18768,Corporate,Caguas,PR,Puerto Rico
18769,Consumer,Potomac,MD,United States
18770,Consumer,Caguas,PR,Puerto Rico
18771,Corporate,Elyria,OH,United States
18772,Corporate,Cupertino,CA,United States
18773,Corporate,Caguas,PR,Puerto Rico
18774,Corporate,Ontario,CA,United States
18775,Corporate,Caguas,PR,Puerto Rico
18776,Home Office,Kent,WA,United States
18777,Home Office,Caguas,PR,Puerto Rico
18778,Home Office,Lake Forest,CA,United States
18779,Consumer,San Bernardino,CA,United States
18780,Consumer,Caguas,PR,Puerto Rico
18781,Consumer,Jersey City,NJ,United States
18782,Consumer,Caguas,PR,Puerto Rico
18783,Corporate,Fresno,CA,United States
18784,Corporate,Columbus,GA,United States
18785,Consumer,Los Angeles,CA,United States
18786,Corporate,Caguas,PR,Puerto Rico
18787,Consumer,Rosemead,CA,United States
18788,Consumer,Salt Lake City,UT,United States
18789,Corporate,Caguas,PR,Puerto Rico
18790,Home Office,Pico Rivera,CA,United States
18791,Home Office,Hayward,CA,United States
18792,Consumer,West New York,NJ,United States
18793,Consumer,Warren,MI,United States
18794,Consumer,Los Angeles,CA,United States
18795,Consumer,Caguas,PR,Puerto Rico
18796,Consumer,Garden Grove,CA,United States
18797,Consumer,Caguas,PR,Puerto Rico
18798,Corporate,Miami,FL,United States
18799,Corporate,Caguas,PR,Puerto Rico
18800,Corporate,San Sebastian,PR,Puerto Rico
18801,Home Office,Caguas,PR,Puerto Rico
18802,Home Office,Brooklyn,NY,United States
18803,Home Office,Tempe,AZ,United States
18804,Consumer,Caguas,PR,Puerto Rico
18805,Home Office,Mentor,OH,United States
18806,Consumer,Caguas,PR,Puerto Rico
18807,Corporate,Los Angeles,CA,United States
18808,Consumer,Caguas,PR,Puerto Rico
18809,Consumer,Madera,CA,United States
18810,Consumer,Caguas,PR,Puerto Rico
18811,Consumer,Hamtramck,MI,United States
18812,Consumer,Caguas,PR,Puerto Rico
18813,Consumer,El Paso,TX,United States
18814,Consumer,Caguas,PR,Puerto Rico
18815,Consumer,Las Vegas,NV,United States
18816,Corporate,Irving,TX,United States
18817,Home Office,Columbia,MO,United States
18818,Consumer,Memphis,TN,United States
18819,Corporate,Caguas,PR,Puerto Rico
18820,Corporate,Powder Springs,GA,United States
18821,Corporate,Levittown,NY,United States
18822,Corporate,Garden Grove,CA,United States
18823,Corporate,Caguas,PR,Puerto Rico
18824,Consumer,Manchester,CT,United States
18825,Corporate,Caguas,PR,Puerto Rico
18826,Corporate,Pompano Beach,FL,United States
18827,Corporate,Caguas,PR,Puerto Rico
18828,Consumer,Toms River,NJ,United States
18829,Consumer,Caguas,PR,Puerto Rico
18830,Consumer,Germantown,MD,United States
18831,Corporate,Caguas,PR,Puerto Rico
18832,Corporate,Miami,FL,United States
18833,Corporate,San Francisco,CA,United States
18834,Home Office,Hagerstown,MD,United States
18835,Home Office,Quincy,MA,United States
18836,Home Office,Upland,CA,United States
18837,Consumer,Brandon,FL,United States
18838,Consumer,Caguas,PR,Puerto Rico
18839,Consumer,Lakewood,NJ,United States
18840,Consumer,Caguas,PR,Puerto Rico
18841,Consumer,Lancaster,CA,United States
18842,Consumer,Hendersonville,TN,United States
18843,Consumer,Brooklyn,NY,United States
18844,Consumer,Caguas,PR,Puerto Rico
18845,Consumer,Bloomfield,NJ,United States
18846,Consumer,Caguas,PR,Puerto Rico
18847,Consumer,Toa Alta,PR,Puerto Rico
18848,Consumer,Tempe,AZ,United States
18849,Consumer,Caguas,PR,Puerto Rico
18850,Consumer,Beaverton,OR,United States
18851,Corporate,Caguas,PR,Puerto Rico
18852,Corporate,West Jordan,UT,United States
18853,Consumer,Caguas,PR,Puerto Rico
18854,Consumer,Salt Lake City,UT,United States
18855,Consumer,Silver Spring,MD,United States
18856,Corporate,Richmond,VA,United States
18857,Corporate,Caguas,PR,Puerto Rico
18858,Consumer,El Paso,TX,United States
18859,Home Office,El Paso,TX,United States
18860,Consumer,Caguas,PR,Puerto Rico
18861,Home Office,Bakersfield,CA,United States
18862,Home Office,Aurora,IL,United States
18863,Home Office,Greeley,CO,United States
18864,Home Office,Caguas,PR,Puerto Rico
18865,Corporate,Fremont,CA,United States
18866,Corporate,Chesapeake,VA,United States
18867,Corporate,Aurora,CO,United States
18868,Corporate,Caguas,PR,Puerto Rico
18869,Corporate,Mechanicsburg,PA,United States
18870,Home Office,Salinas,CA,United States
18871,Home Office,Caguas,PR,Puerto Rico
18872,Consumer,Palatine,IL,United States
18873,Consumer,Caguas,PR,Puerto Rico
18874,Consumer,Hampton,VA,United States
18875,Consumer,Caguas,PR,Puerto Rico
18876,Consumer,Ontario,CA,United States
18877,Corporate,Columbia,MO,United States
18878,Corporate,New Braunfels,TX,United States
18879,Corporate,Caguas,PR,Puerto Rico
18880,Corporate,El Paso,TX,United States
18881,Consumer,Caguas,PR,Puerto Rico
18882,Consumer,Orlando,FL,United States
18883,Consumer,South Richmond Hill,NY,United States
18884,Consumer,Caguas,PR,Puerto Rico
18885,Corporate,New York,NY,United States
18886,Home Office,Laredo,TX,United States
18887,Consumer,Caguas,PR,Puerto Rico
18888,Consumer,Newark,OH,United States
18889,Home Office,Caguas,PR,Puerto Rico
18890,Corporate,San Antonio,TX,United States
18891,Corporate,Caguas,PR,Puerto Rico
18892,Consumer,Watsonville,CA,United States
18893,Consumer,Nashville,TN,United States
18894,Consumer,Laredo,TX,United States
18895,Consumer,Caguas,PR,Puerto Rico
18896,Consumer,Jacksonville,FL,United States
18897,Consumer,Caguas,PR,Puerto Rico
18898,Consumer,Chandler,AZ,United States
18899,Corporate,Los Angeles,CA,United States
18900,Corporate,Caguas,PR,Puerto Rico
18901,Home Office,Joliet,IL,United States
18902,Home Office,Caguas,PR,Puerto Rico
18903,Consumer,Bronx,NY,United States
18904,Consumer,Moreno Valley,CA,United States
18905,Consumer,Caguas,PR,Puerto Rico
18906,Consumer,Normal,IL,United States
18907,Consumer,Caguas,PR,Puerto Rico
18908,Consumer,Orlando,FL,United States
18909,Consumer,Caguas,PR,Puerto Rico
18910,Consumer,Bakersfield,CA,United States
18911,Consumer,Caguas,PR,Puerto Rico
18912,Corporate,Greensburg,PA,United States
18913,Home Office,Caguas,PR,Puerto Rico
18914,Consumer,North Bergen,NJ,United States
18915,Corporate,Palo Alto,CA,United States
18916,Corporate,Caguas,PR,Puerto Rico
18917,Corporate,Garland,TX,United States
18918,Home Office,Miami,FL,United States
18919,Home Office,Caguas,PR,Puerto Rico
18920,Home Office,Aurora,CO,United States
18921,Home Office,Caguas,PR,Puerto Rico
18922,Home Office,Waukegan,IL,United States
18923,Home Office,Los Angeles,CA,United States
18924,Consumer,Caguas,PR,Puerto Rico
18925,Consumer,Brooklyn,NY,United States
18926,Home Office,Orlando,FL,United States
18927,Home Office,Caguas,PR,Puerto Rico
18928,Home Office,Martinsburg,WV,United States
18929,Consumer,Caguas,PR,Puerto Rico
18930,Consumer,Moline,IL,United States
18931,Home Office,Caguas,PR,Puerto Rico
18932,Home Office,Oceanside,CA,United States
18933,Consumer,Cleveland,OH,United States
18934,Consumer,Caguas,PR,Puerto Rico
18935,Consumer,South San Francisco,CA,United States
18936,Corporate,Tucson,AZ,United States
18937,Consumer,Caguas,PR,Puerto Rico
18938,Consumer,Lakewood,NJ,United States
18939,Corporate,Mount Prospect,IL,United States
18940,Corporate,Caguas,PR,Puerto Rico
18941,Corporate,El Paso,TX,United States
18942,Corporate,South Ozone Park,NY,United States
18943,Consumer,Caguas,PR,Puerto Rico
18944,Consumer,Manchester,CT,United States
18945,Corporate,Caguas,PR,Puerto Rico
18946,Corporate,Chesapeake,VA,United States
18947,Corporate,Eugene,OR,United States
18948,Corporate,Caguas,PR,Puerto Rico
18949,Corporate,Fontana,CA,United States
18950,Home Office,Caguas,PR,Puerto Rico
18951,Corporate,East Lansing,MI,United States
18952,Corporate,Caguas,PR,Puerto Rico
18953,Corporate,Albuquerque,NM,United States
18954,Corporate,Caguas,PR,Puerto Rico
18955,Corporate,Brooklyn,NY,United States
18956,Home Office,Fullerton,CA,United States
18957,Consumer,Caguas,PR,Puerto Rico
18958,Consumer,New York,NY,United States
18959,Consumer,Methuen,MA,United States
18960,Consumer,Caguas,PR,Puerto Rico
18961,Consumer,Chicago,IL,United States
18962,Consumer,Asheboro,NC,United States
18963,Consumer,Caguas,PR,Puerto Rico
18964,Consumer,Algonquin,IL,United States
18965,Corporate,Buena Park,CA,United States
18966,Home Office,Caguas,PR,Puerto Rico
18967,Consumer,Santa Ana,CA,United States
18968,Home Office,Albuquerque,NM,United States
18969,Home Office,North Las Vegas,NV,United States
18970,Home Office,Caguas,PR,Puerto Rico
18971,Corporate,Phoenix,AZ,United States
18972,Corporate,Los Angeles,CA,United States
18973,Corporate,Lawrence,MA,United States
18974,Corporate,Caguas,PR,Puerto Rico
18975,Home Office,Portland,OR,United States
18976,Home Office,Caguas,PR,Puerto Rico
18977,Home Office,Wichita,KS,United States
18978,Consumer,Caguas,PR,Puerto Rico
18979,Consumer,Philadelphia,PA,United States
18980,Consumer,York,PA,United States
18981,Consumer,Caguas,PR,Puerto Rico
18982,Consumer,Tucson,AZ,United States
18983,Consumer,Caguas,PR,Puerto Rico
18984,Consumer,Chula Vista,CA,United States
18985,Consumer,Yonkers,NY,United States
18986,Consumer,Stockbridge,GA,United States
18987,Consumer,Cumberland,MD,United States
18988,Consumer,Caguas,PR,Puerto Rico
18989,Consumer,Fort Lauderdale,FL,United States
18990,Consumer,Caguas,PR,Puerto Rico
18991,Consumer,Chandler,AZ,United States
18992,Consumer,Caguas,PR,Puerto Rico
18993,Consumer,Caguas,PR,Puerto Rico
18994,Corporate,Brooklyn,NY,United States
18995,Consumer,Caguas,PR,Puerto Rico
18996,Consumer,Brooklyn,NY,United States
18997,Corporate,Saint Paul,MN,United States
18998,Corporate,Caguas,PR,Puerto Rico
18999,Consumer,Vega Baja,PR,Puerto Rico
19000,Consumer,Washington,DC,United States
19001,Consumer,Jonesboro,AR,United States
19002,Home Office,Caguas,PR,Puerto Rico
19003,Consumer,Alhambra,CA,United States
19004,Consumer,Seattle,WA,United States
19005,Consumer,Caguas,PR,Puerto Rico
19006,Corporate,Carolina,PR,Puerto Rico
19007,Home Office,Detroit,MI,United States
19008,Home Office,Walnut,CA,United States
19009,Home Office,Caguas,PR,Puerto Rico
19010,Home Office,Winnetka,CA,United States
19011,Home Office,Caguas,PR,Puerto Rico
19012,Consumer,Dallas,TX,United States
19013,Home Office,Caguas,PR,Puerto Rico
19014,Consumer,Kent,WA,United States
19015,Home Office,Chillicothe,OH,United States
19016,Corporate,Ewa Beach,HI,United States
19017,Consumer,Caguas,PR,Puerto Rico
19018,Corporate,Ballwin,MO,United States
19019,Corporate,Caguas,PR,Puerto Rico
19020,Consumer,Guayama,PR,Puerto Rico
19021,Consumer,Morristown,NJ,United States
19022,Consumer,Caguas,PR,Puerto Rico
19023,Consumer,Valrico,FL,United States
19024,Consumer,Caguas,PR,Puerto Rico
19025,Consumer,North Las Vegas,NV,United States
19026,Consumer,Caguas,PR,Puerto Rico
19027,Consumer,Brooklyn,NY,United States
19028,Consumer,Caguas,PR,Puerto Rico
19029,Consumer,Bronx,NY,United States
19030,Consumer,Memphis,TN,United States
19031,Consumer,Caguas,PR,Puerto Rico
19032,Consumer,Columbus,GA,United States
19033,Home Office,Caguas,PR,Puerto Rico
19034,Home Office,Pacoima,CA,United States
19035,Consumer,Quincy,MA,United States
19036,Consumer,Clementon,NJ,United States
19037,Consumer,Murfreesboro,TN,United States
19038,Home Office,Caguas,PR,Puerto Rico
19039,Consumer,Elgin,IL,United States
19040,Consumer,Honolulu,HI,United States
19041,Home Office,Caguas,PR,Puerto Rico
19042,Home Office,Roswell,GA,United States
19043,Consumer,Caguas,PR,Puerto Rico
19044,Consumer,Dallas,TX,United States
19045,Corporate,Rancho Cucamonga,CA,United States
19046,Home Office,Caguas,PR,Puerto Rico
19047,Corporate,Florissant,MO,United States
19048,Corporate,Bismarck,ND,United States
19049,Corporate,Caguas,PR,Puerto Rico
19050,Corporate,New York,NY,United States
19051,Corporate,Lakewood,OH,United States
19052,Corporate,Garland,TX,United States
19053,Corporate,Round Rock,TX,United States
19054,Corporate,Caguas,PR,Puerto Rico
19055,Corporate,Oceanside,CA,United States
19056,Corporate,Caguas,PR,Puerto Rico
19057,Home Office,San Francisco,CA,United States
19058,Corporate,Caguas,PR,Puerto Rico
19059,Corporate,Woodbridge,VA,United States
19060,Consumer,Aurora,CO,United States
19061,Consumer,Caguas,PR,Puerto Rico
19062,Consumer,Brooklyn,NY,United States
19063,Consumer,Caguas,PR,Puerto Rico
19064,Consumer,Fontana,CA,United States
19065,Corporate,Dallas,TX,United States
19066,Consumer,Granite City,IL,United States
19067,Consumer,Caguas,PR,Puerto Rico
19068,Consumer,Waukegan,IL,United States
19069,Corporate,Honolulu,HI,United States
19070,Consumer,Roseville,MI,United States
19071,Corporate,Madison,WI,United States
19072,Corporate,Caguas,PR,Puerto Rico
19073,Consumer,San Bernardino,CA,United States
19074,Consumer,Plano,TX,United States
19075,Consumer,Caguas,PR,Puerto Rico
19076,Consumer,Wyandotte,MI,United States
19077,Home Office,Caguas,PR,Puerto Rico
19078,Consumer,Lockport,IL,United States
19079,Corporate,Caguas,PR,Puerto Rico
19080,Corporate,Brooklyn,NY,United States
19081,Corporate,Caguas,PR,Puerto Rico
19082,Consumer,Columbus,GA,United States
19083,Consumer,Caguas,PR,Puerto Rico
19084,Consumer,Austin,TX,United States
19085,Consumer,Levittown,NY,United States
19086,Consumer,Caguas,PR,Puerto Rico
19087,Consumer,Aurora,CO,United States
19088,Consumer,San Jose,CA,United States
19089,Home Office,Caguas,PR,Puerto Rico
19090,Consumer,Greenville,NC,United States
19091,Consumer,Caguas,PR,Puerto Rico
19092,Consumer,Oceanside,CA,United States
19093,Home Office,Caguas,PR,Puerto Rico
19094,Corporate,Pawtucket,RI,United States
19095,Consumer,Caguas,PR,Puerto Rico
19096,Home Office,Bronx,NY,United States
19097,Consumer,Massillon,OH,United States
19098,Consumer,Caguas,PR,Puerto Rico
19099,Corporate,Tinley Park,IL,United States
19100,Home Office,Bridgeton,NJ,United States
19101,Home Office,Caguas,PR,Puerto Rico
19102,Home Office,Eugene,OR,United States
19103,Corporate,Caguas,PR,Puerto Rico
19104,Corporate,West Chester,PA,United States
19105,Home Office,Caguas,PR,Puerto Rico
19106,Home Office,Trujillo Alto,PR,Puerto Rico
19107,Home Office,Los Angeles,CA,United States
19108,Home Office,Caguas,PR,Puerto Rico
19109,Consumer,Tonawanda,NY,United States
19110,Consumer,Caguas,PR,Puerto Rico
19111,Corporate,Dallas,TX,United States
19112,Corporate,Caguas,PR,Puerto Rico
19113,Corporate,Wyandotte,MI,United States
19114,Consumer,Caguas,PR,Puerto Rico
19115,Corporate,Panorama City,CA,United States
19116,Home Office,Caguas,PR,Puerto Rico
19117,Corporate,Los Angeles,CA,United States
19118,Consumer,Salt Lake City,UT,United States
19119,Consumer,Caguas,PR,Puerto Rico
19120,Consumer,Brooklyn,NY,United States
19121,Consumer,New York,NY,United States
19122,Home Office,Caguas,PR,Puerto Rico
19123,Home Office,Brockton,MA,United States
19124,Corporate,Clementon,NJ,United States
19125,Corporate,Caguas,PR,Puerto Rico
19126,Corporate,Brooklyn,NY,United States
19127,Home Office,Aurora,CO,United States
19128,Corporate,Caguas,PR,Puerto Rico
19129,Consumer,Flushing,NY,United States
19130,Consumer,Caguas,PR,Puerto Rico
19131,Corporate,Yonkers,NY,United States
19132,Consumer,Marrero,LA,United States
19133,Consumer,Dorchester Center,MA,United States
19134,Consumer,Pekin,IL,United States
19135,Consumer,Caguas,PR,Puerto Rico
19136,Corporate,North Hills,CA,United States
19137,Corporate,Clearfield,UT,United States
19138,Consumer,Caguas,PR,Puerto Rico
19139,Corporate,Baltimore,MD,United States
19140,Consumer,Hyattsville,MD,United States
19141,Consumer,Caguas,PR,Puerto Rico
19142,Consumer,Elyria,OH,United States
19143,Consumer,Cary,NC,United States
19144,Corporate,Caguas,PR,Puerto Rico
19145,Corporate,Chicago,IL,United States
19146,Corporate,Elgin,IL,United States
19147,Consumer,Raleigh,NC,United States
19148,Corporate,Caguas,PR,Puerto Rico
19149,Consumer,Santa Ana,CA,United States
19150,Consumer,Cordova,TN,United States
19151,Corporate,Caguas,PR,Puerto Rico
19152,Corporate,Chicago,IL,United States
19153,Corporate,Princeton,NJ,United States
19154,Corporate,Caguas,PR,Puerto Rico
19155,Consumer,Meridian,ID,United States
19156,Corporate,Caguas,PR,Puerto Rico
19157,Corporate,Tempe,AZ,United States
19158,Corporate,Caguas,PR,Puerto Rico
19159,Corporate,Brooklyn,NY,United States
19160,Corporate,Williamsport,PA,United States
19161,Corporate,Guayama,PR,Puerto Rico
19162,Corporate,Caguas,PR,Puerto Rico
19163,Home Office,Los Angeles,CA,United States
19164,Consumer,Caguas,PR,Puerto Rico
19165,Consumer,Augusta,GA,United States
19166,Consumer,Caguas,PR,Puerto Rico
19167,Consumer,Tucson,AZ,United States
19168,Consumer,Caguas,PR,Puerto Rico
19169,Home Office,Antioch,CA,United States
19170,Home Office,Hamilton,OH,United States
19171,Home Office,Caguas,PR,Puerto Rico
19172,Home Office,Wheaton,IL,United States
19173,Consumer,Reno,NV,United States
19174,Consumer,Caguas,PR,Puerto Rico
19175,Consumer,West Orange,NJ,United States
19176,Consumer,Caguas,PR,Puerto Rico
19177,Corporate,Dorchester Center,MA,United States
19178,Corporate,Caguas,PR,Puerto Rico
19179,Consumer,Ithaca,NY,United States
19180,Consumer,Madera,CA,United States
19181,Consumer,Caguas,PR,Puerto Rico
19182,Consumer,Brooklyn,NY,United States
19183,Consumer,Sugar Land,TX,United States
19184,Corporate,Caguas,PR,Puerto Rico
19185,Consumer,Westminster,CA,United States
19186,Consumer,Fairfield,CA,United States
19187,Consumer,Garden Grove,CA,United States
19188,Consumer,Caguas,PR,Puerto Rico
19189,Consumer,Laredo,TX,United States
19190,Consumer,Caguas,PR,Puerto Rico
19191,Consumer,Chicago,IL,United States
19192,Corporate,Brooklyn,NY,United States
19193,Corporate,Caguas,PR,Puerto Rico
19194,Corporate,Panorama City,CA,United States
19195,Corporate,Tucson,AZ,United States
19196,Consumer,Caguas,PR,Puerto Rico
19197,Consumer,Malden,MA,United States
19198,Consumer,Weslaco,TX,United States
19199,Corporate,Elgin,IL,United States
19200,Corporate,Amarillo,TX,United States
19201,Corporate,Caguas,PR,Puerto Rico
19202,Home Office,Aurora,CO,United States
19203,Consumer,Caguas,PR,Puerto Rico
19204,Consumer,San Francisco,CA,United States
19205,Consumer,Westland,MI,United States
19206,Home Office,Caguas,PR,Puerto Rico
19207,Corporate,Chesapeake,VA,United States
19208,Home Office,Miami,FL,United States
19209,Consumer,Caguas,PR,Puerto Rico
19210,Consumer,Brooklyn,NY,United States
19211,Consumer,Ventura,CA,United States
19212,Consumer,Caguas,PR,Puerto Rico
19213,Consumer,Chicago,IL,United States
19214,Consumer,Conway,AR,United States
19215,Consumer,Saint Paul,MN,United States
19216,Consumer,Caguas,PR,Puerto Rico
19217,Consumer,Augusta,GA,United States
19218,Consumer,Caguas,PR,Puerto Rico
19219,Consumer,Los Angeles,CA,United States
19220,Consumer,Woonsocket,RI,United States
19221,Consumer,Caguas,PR,Puerto Rico
19222,Consumer,New York,NY,United States
19223,Consumer,Sanford,NC,United States
19224,Consumer,Caguas,PR,Puerto Rico
19225,Consumer,Dallas,TX,United States
19226,Consumer,Lynnwood,WA,United States
19227,Consumer,Caguas,PR,Puerto Rico
19228,Consumer,Los Angeles,CA,United States
19229,Consumer,Hayward,CA,United States
19230,Consumer,Eugene,OR,United States
19231,Consumer,Caguas,PR,Puerto Rico
19232,Corporate,Catonsville,MD,United States
19233,Consumer,Portland,OR,United States
19234,Consumer,Caguas,PR,Puerto Rico
19235,Corporate,Brooklyn,NY,United States
19236,Consumer,Strongsville,OH,United States
19237,Consumer,Caguas,PR,Puerto Rico
19238,Consumer,Atlanta,GA,United States
19239,Corporate,Caguas,PR,Puerto Rico
19240,Corporate,Phoenix,AZ,United States
19241,Corporate,Caguas,PR,Puerto Rico
19242,Home Office,Fresno,CA,United States
19243,Corporate,Spring Valley,CA,United States
19244,Corporate,Caguas,PR,Puerto Rico
19245,Corporate,Miami,FL,United States
19246,Consumer,Dallas,TX,United States
19247,Corporate,Greenville,NC,United States
19248,Corporate,Caguas,PR,Puerto Rico
19249,Home Office,Hamilton,OH,United States
19250,Corporate,Caguas,PR,Puerto Rico
19251,Home Office,Los Angeles,CA,United States
19252,Home Office,Beloit,WI,United States
19253,Home Office,Caguas,PR,Puerto Rico
19254,Home Office,Brooklyn,NY,United States
19255,Home Office,Los Angeles,CA,United States
19256,Home Office,Hialeah,FL,United States
19257,Home Office,Caguas,PR,Puerto Rico
19258,Consumer,Detroit,MI,United States
19259,Consumer,Lockport,NY,United States
19260,Consumer,Caguas,PR,Puerto Rico
19261,Consumer,Saint Paul,MN,United States
19262,Consumer,Caguas,PR,Puerto Rico
19263,Corporate,Parkville,MD,United States
19264,Corporate,Lilburn,GA,United States
19265,Consumer,Powder Springs,GA,United States
19266,Consumer,Caguas,PR,Puerto Rico
19267,Corporate,Strongsville,OH,United States
19268,Corporate,Caguas,PR,Puerto Rico
19269,Corporate,Houston,TX,United States
19270,Consumer,Caguas,PR,Puerto Rico
19271,Consumer,Daly City,CA,United States
19272,Consumer,West Orange,NJ,United States
19273,Consumer,Caguas,PR,Puerto Rico
19274,Home Office,Glendale,AZ,United States
19275,Home Office,Columbia,TN,United States
19276,Consumer,Caguas,PR,Puerto Rico
19277,Consumer,Chino Hills,CA,United States
19278,Consumer,Eugene,OR,United States
19279,Corporate,Caguas,PR,Puerto Rico
19280,Corporate,Dallas,TX,United States
19281,Corporate,Caguas,PR,Puerto Rico
19282,Corporate,Middletown,OH,United States
19283,Consumer,Caguas,PR,Puerto Rico
19284,Corporate,South Richmond Hill,NY,United States
19285,Consumer,Caguas,PR,Puerto Rico
19286,Consumer,Bronx,NY,United States
19287,Consumer,Caguas,PR,Puerto Rico
19288,Corporate,San Diego,CA,United States
19289,Corporate,Caguas,PR,Puerto Rico
19290,Corporate,Stafford,VA,United States
19291,Corporate,Canton,MI,United States
19292,Corporate,Detroit,MI,United States
19293,Corporate,Caguas,PR,Puerto Rico
19294,Consumer,Chicago,IL,United States
19295,Consumer,Anaheim,CA,United States
19296,Consumer,Miami,FL,United States
19297,Corporate,Loveland,OH,United States
19298,Corporate,Caguas,PR,Puerto Rico
19299,Corporate,Tustin,CA,United States
19300,Consumer,Caguas,PR,Puerto Rico
19301,Home Office,Carmichael,CA,United States
19302,Consumer,Los Angeles,CA,United States
19303,Consumer,Tucson,AZ,United States
19304,Home Office,Caguas,PR,Puerto Rico
19305,Consumer,Waipahu,HI,United States
19306,Consumer,Riverside,CA,United States
19307,Consumer,Caguas,PR,Puerto Rico
19308,Corporate,Opelousas,LA,United States
19309,Consumer,Caguas,PR,Puerto Rico
19310,Consumer,Arecibo,PR,Puerto Rico
19311,Consumer,Garland,TX,United States
19312,Consumer,Lancaster,PA,United States
19313,Consumer,Caguas,PR,Puerto Rico
19314,Consumer,Simi Valley,CA,United States
19315,Consumer,Compton,CA,United States
19316,Corporate,Caguas,PR,Puerto Rico
19317,Corporate,Bakersfield,CA,United States
19318,Consumer,Carrollton,TX,United States
19319,Consumer,New York,NY,United States
19320,Consumer,Caguas,PR,Puerto Rico
19321,Consumer,Corona,NY,United States
19322,Consumer,Dearborn,MI,United States
19323,Consumer,Caguas,PR,Puerto Rico
19324,Consumer,Brownsville,TX,United States
19325,Consumer,New York,NY,United States
19326,Consumer,Webster,NY,United States
19327,Corporate,Caguas,PR,Puerto Rico
19328,Corporate,Ontario,CA,United States
19329,Corporate,Caguas,PR,Puerto Rico
19330,Consumer,Forest Hills,NY,United States
19331,Home Office,Newark,DE,United States
19332,Consumer,Caguas,PR,Puerto Rico
19333,Consumer,Honolulu,HI,United States
19334,Consumer,Caguas,PR,Puerto Rico
19335,Corporate,Gardena,CA,United States
19336,Corporate,Norfolk,VA,United States
19337,Corporate,Caguas,PR,Puerto Rico
19338,Corporate,Irvington,NJ,United States
19339,Consumer,Caguas,PR,Puerto Rico
19340,Corporate,Modesto,CA,United States
19341,Corporate,Caguas,PR,Puerto Rico
19342,Corporate,Los Angeles,CA,United States
19343,Corporate,Caguas,PR,Puerto Rico
19344,Consumer,Enfield,CT,United States
19345,Consumer,Caguas,PR,Puerto Rico
19346,Corporate,Indianapolis,IN,United States
19347,Corporate,Caguas,PR,Puerto Rico
19348,Corporate,San Benito,TX,United States
19349,Home Office,Tampa,FL,United States
19350,Consumer,Caguas,PR,Puerto Rico
19351,Home Office,Honolulu,HI,United States
19352,Home Office,Caguas,PR,Puerto Rico
19353,Consumer,Mesa,AZ,United States
19354,Home Office,Carson,CA,United States
19355,Corporate,Caguas,PR,Puerto Rico
19356,Consumer,Riverside,CA,United States
19357,Corporate,Caguas,PR,Puerto Rico
19358,Corporate,Elyria,OH,United States
19359,Corporate,Lindenhurst,NY,United States
19360,Corporate,Caguas,PR,Puerto Rico
19361,Consumer,Humacao,PR,Puerto Rico
19362,Consumer,Albany,OR,United States
19363,Consumer,Columbus,OH,United States
19364,Consumer,Lenoir,NC,United States
19365,Consumer,Caguas,PR,Puerto Rico
19366,Consumer,Azusa,CA,United States
19367,Consumer,Caguas,PR,Puerto Rico
19368,Consumer,Gilroy,CA,United States
19369,Corporate,Astoria,NY,United States
19370,Corporate,Caguas,PR,Puerto Rico
19371,Home Office,Hempstead,NY,United States
19372,Home Office,Caguas,PR,Puerto Rico
19373,Home Office,Tallahassee,FL,United States
19374,Consumer,Caguas,PR,Puerto Rico
19375,Consumer,Granada Hills,CA,United States
19376,Corporate,Caguas,PR,Puerto Rico
19377,Consumer,Bakersfield,CA,United States
19378,Consumer,Caguas,PR,Puerto Rico
19379,Home Office,Salt Lake City,UT,United States
19380,Consumer,Caguas,PR,Puerto Rico
19381,Consumer,Antioch,TN,United States
19382,Corporate,Memphis,TN,United States
19383,Corporate,Clementon,NJ,United States
19384,Home Office,Caguas,PR,Puerto Rico
19385,Corporate,Garden Grove,CA,United States
19386,Corporate,Caguas,PR,Puerto Rico
19387,Corporate,Peoria,AZ,United States
19388,Corporate,Caguas,PR,Puerto Rico
19389,Corporate,Brooklyn,NY,United States
19390,Home Office,Ypsilanti,MI,United States
19391,Corporate,Caguas,PR,Puerto Rico
19392,Home Office,Roswell,GA,United States
19393,Home Office,Caguas,PR,Puerto Rico
19394,Home Office,Los Angeles,CA,United States
19395,Home Office,Mission Viejo,CA,United States
19396,Home Office,Caguas,PR,Puerto Rico
19397,Home Office,Springfield,MO,United States
19398,Home Office,Caguas,PR,Puerto Rico
19399,Home Office,Cupertino,CA,United States
19400,Corporate,Los Angeles,CA,United States
19401,Corporate,Saint Charles,MO,United States
19402,Corporate,Caguas,PR,Puerto Rico
19403,Corporate,Lockport,NY,United States
19404,Consumer,Caguas,PR,Puerto Rico
19405,Corporate,Cleveland,OH,United States
19406,Consumer,Caguas,PR,Puerto Rico
19407,Consumer,Murfreesboro,TN,United States
19408,Consumer,Caguas,PR,Puerto Rico
19409,Corporate,Detroit,MI,United States
19410,Corporate,Caguas,PR,Puerto Rico
19411,Corporate,Chicago,IL,United States
19412,Corporate,Caguas,PR,Puerto Rico
19413,Corporate,Taylor,MI,United States
19414,Corporate,Denver,CO,United States
19415,Consumer,Caguas,PR,Puerto Rico
19416,Home Office,Brooklyn,NY,United States
19417,Home Office,Rio Grande,PR,Puerto Rico
19418,Consumer,Holland,MI,United States
19419,Home Office,Caguas,PR,Puerto Rico
19420,Home Office,Marietta,GA,United States
19421,Consumer,Stockton,CA,United States
19422,Consumer,Caguas,PR,Puerto Rico
19423,Consumer,Columbia,TN,United States
19424,Consumer,Provo,UT,United States
19425,Consumer,Caguas,PR,Puerto Rico
19426,Consumer,Bronx,NY,United States
19427,Corporate,Long Beach,CA,United States
19428,Consumer,Azusa,CA,United States
19429,Consumer,Virginia Beach,VA,United States
19430,Corporate,Caguas,PR,Puerto Rico
19431,Corporate,Lilburn,GA,United States
19432,Corporate,Honolulu,HI,United States
19433,Corporate,Bismarck,ND,United States
19434,Corporate,Caguas,PR,Puerto Rico
19435,Consumer,Gaithersburg,MD,United States
19436,Home Office,Caguas,PR,Puerto Rico
19437,Corporate,Bismarck,ND,United States
19438,Home Office,Caguas,PR,Puerto Rico
19439,Corporate,Garden Grove,CA,United States
19440,Corporate,Caguas,PR,Puerto Rico
19441,Corporate,Brighton,MA,United States
19442,Corporate,Caguas,PR,Puerto Rico
19443,Corporate,Sugar Land,TX,United States
19444,Corporate,Sunnyvale,CA,United States
19445,Corporate,Caguas,PR,Puerto Rico
19446,Corporate,Dallas,TX,United States
19447,Corporate,Rochester,NY,United States
19448,Corporate,Caguas,PR,Puerto Rico
19449,Consumer,Fremont,CA,United States
19450,Home Office,Caguas,PR,Puerto Rico
19451,Home Office,Atlanta,GA,United States
19452,Home Office,Caguas,PR,Puerto Rico
19453,Consumer,Panorama City,CA,United States
19454,Consumer,Newark,DE,United States
19455,Consumer,Caguas,PR,Puerto Rico
19456,Corporate,Dallas,TX,United States
19457,Corporate,Carlisle,PA,United States
19458,Corporate,Caguas,PR,Puerto Rico
19459,Consumer,Dallas,TX,United States
19460,Consumer,Detroit,MI,United States
19461,Consumer,Caguas,PR,Puerto Rico
19462,Consumer,Wheaton,IL,United States
19463,Consumer,Caguas,PR,Puerto Rico
19464,Consumer,Bellflower,CA,United States
19465,Corporate,Roseville,MI,United States
19466,Corporate,Caguas,PR,Puerto Rico
19467,Consumer,Wilkes Barre,PA,United States
19468,Corporate,Caguas,PR,Puerto Rico
19469,Corporate,Billings,MT,United States
19470,Corporate,Caguas,PR,Puerto Rico
19471,Corporate,Rancho Cordova,CA,United States
19472,Corporate,Caguas,PR,Puerto Rico
19473,Corporate,Long Beach,CA,United States
19474,Consumer,Mount Prospect,IL,United States
19475,Consumer,Caguas,PR,Puerto Rico
19476,Corporate,Paramount,CA,United States
19477,Corporate,Canovanas,PR,Puerto Rico
19478,Corporate,Caguas,PR,Puerto Rico
19479,Corporate,Peabody,MA,United States
19480,Corporate,Caguas,PR,Puerto Rico
19481,Corporate,Salinas,CA,United States
19482,Consumer,Freeport,NY,United States
19483,Corporate,Caguas,PR,Puerto Rico
19484,Corporate,San Ramon,CA,United States
19485,Corporate,Caguas,PR,Puerto Rico
19486,Corporate,Miami,FL,United States
19487,Home Office,Caguas,PR,Puerto Rico
19488,Consumer,Tonawanda,NY,United States
19489,Corporate,Caguas,PR,Puerto Rico
19490,Home Office,Los Angeles,CA,United States
19491,Consumer,San Jose,CA,United States
19492,Consumer,Caguas,PR,Puerto Rico
19493,Consumer,Fairfield,CA,United States
19494,Consumer,Amarillo,TX,United States
19495,Consumer,Caguas,PR,Puerto Rico
19496,Home Office,Yauco,PR,Puerto Rico
19497,Home Office,Caguas,PR,Puerto Rico
19498,Consumer,Carol Stream,IL,United States
19499,Consumer,Caguas,PR,Puerto Rico
19500,Consumer,Brooklyn,NY,United States
19501,Consumer,Sacramento,CA,United States
19502,Consumer,Caguas,PR,Puerto Rico
19503,Consumer,West Chester,PA,United States
19504,Corporate,Caguas,PR,Puerto Rico
19505,Corporate,Glendale,AZ,United States
19506,Home Office,Brooklyn,NY,United States
19507,Home Office,Duluth,GA,United States
19508,Consumer,West Jordan,UT,United States
19509,Corporate,Caguas,PR,Puerto Rico
19510,Corporate,Vega Baja,PR,Puerto Rico
19511,Consumer,Doylestown,PA,United States
19512,Consumer,Caguas,PR,Puerto Rico
19513,Consumer,Baltimore,MD,United States
19514,Consumer,Powder Springs,GA,United States
19515,Consumer,Caguas,PR,Puerto Rico
19516,Consumer,San Pedro,CA,United States
19517,Consumer,Diamond Bar,CA,United States
19518,Consumer,Caguas,PR,Puerto Rico
19519,Corporate,Dorchester Center,MA,United States
19520,Corporate,Caguas,PR,Puerto Rico
19521,Home Office,Elmhurst,NY,United States
19522,Consumer,Lawrence,MA,United States
19523,Consumer,Caguas,PR,Puerto Rico
19524,Consumer,Orange Park,FL,United States
19525,Consumer,Caguas,PR,Puerto Rico
19526,Consumer,Newark,NJ,United States
19527,Consumer,Caguas,PR,Puerto Rico
19528,Consumer,Los Angeles,CA,United States
19529,Consumer,Caguas,PR,Puerto Rico
19530,Consumer,Edinburg,TX,United States
19531,Consumer,Watsonville,CA,United States
19532,Consumer,Caguas,PR,Puerto Rico
19533,Consumer,Saint Paul,MN,United States
19534,Consumer,Caguas,PR,Puerto Rico
19535,Corporate,San Diego,CA,United States
19536,Corporate,Virginia Beach,VA,United States
19537,Corporate,Ithaca,NY,United States
19538,Corporate,Austin,TX,United States
19539,Consumer,Caguas,PR,Puerto Rico
19540,Consumer,Strongsville,OH,United States
19541,Consumer,Caguas,PR,Puerto Rico
19542,Home Office,San Diego,CA,United States
19543,Consumer,Caguas,PR,Puerto Rico
19544,Consumer,West Covina,CA,United States
19545,Consumer,Caguas,PR,Puerto Rico
19546,Consumer,Brooklyn,NY,United States
19547,Corporate,Caguas,PR,Puerto Rico
19548,Consumer,Anaheim,CA,United States
19549,Corporate,Caguas,PR,Puerto Rico
19550,Consumer,Chicago,IL,United States
19551,Corporate,Caguas,PR,Puerto Rico
19552,Corporate,Wyoming,MI,United States
19553,Home Office,Caguas,PR,Puerto Rico
19554,Home Office,Littleton,CO,United States
19555,Corporate,Caguas,PR,Puerto Rico
19556,Corporate,San Marcos,CA,United States
19557,Corporate,Caguas,PR,Puerto Rico
19558,Corporate,Passaic,NJ,United States
19559,Consumer,Caguas,PR,Puerto Rico
19560,Consumer,Lawrence,MA,United States
19561,Corporate,Caguas,PR,Puerto Rico
19562,Corporate,Stafford,VA,United States
19563,Consumer,Caguas,PR,Puerto Rico
19564,Consumer,San Antonio,TX,United States
19565,Consumer,Caguas,PR,Puerto Rico
19566,Consumer,Pico Rivera,CA,United States
19567,Consumer,Fontana,CA,United States
19568,Consumer,Caguas,PR,Puerto Rico
19569,Home Office,Taylor,MI,United States
19570,Home Office,Martinez,CA,United States
19571,Home Office,Caguas,PR,Puerto Rico
19572,Home Office,West New York,NJ,United States
19573,Home Office,Caguas,PR,Puerto Rico
19574,Home Office,North Bergen,NJ,United States
19575,Home Office,San Juan,PR,Puerto Rico
19576,Home Office,Caguas,PR,Puerto Rico
19577,Consumer,Peoria,AZ,United States
19578,Consumer,Glenview,IL,United States
19579,Consumer,Caguas,PR,Puerto Rico
19580,Consumer,Longview,WA,United States
19581,Consumer,Fort Worth,TX,United States
19582,Consumer,Caguas,PR,Puerto Rico
19583,Consumer,Albuquerque,NM,United States
19584,Home Office,Caguas,PR,Puerto Rico
19585,Corporate,Norfolk,VA,United States
19586,Corporate,Caguas,PR,Puerto Rico
19587,Consumer,Oceanside,CA,United States
19588,Consumer,Caguas,PR,Puerto Rico
19589,Consumer,Norfolk,VA,United States
19590,Consumer,Opelousas,LA,United States
19591,Consumer,Caguas,PR,Puerto Rico
19592,Consumer,Long Beach,CA,United States
19593,Consumer,Brooklyn,NY,United States
19594,Consumer,Duluth,GA,United States
19595,Consumer,Caguas,PR,Puerto Rico
19596,Consumer,Napa,CA,United States
19597,Consumer,Denver,CO,United States
19598,Consumer,Freeport,NY,United States
19599,Consumer,Caguas,PR,Puerto Rico
19600,Corporate,Strongsville,OH,United States
19601,Consumer,Caguas,PR,Puerto Rico
19602,Consumer,San Bernardino,CA,United States
19603,Consumer,Caguas,PR,Puerto Rico
19604,Consumer,Chicago,IL,United States
19605,Home Office,Roswell,GA,United States
19606,Consumer,Caguas,PR,Puerto Rico
19607,Home Office,Phoenix,AZ,United States
19608,Home Office,Caguas,PR,Puerto Rico
19609,Home Office,Baltimore,MD,United States
19610,Home Office,Caguas,PR,Puerto Rico
19611,Home Office,Sunnyvale,CA,United States
19612,Home Office,Webster,NY,United States
19613,Home Office,Caguas,PR,Puerto Rico
19614,Home Office,Brooklyn,NY,United States
19615,Home Office,Caguas,PR,Puerto Rico
19616,Home Office,Chicago,IL,United States
19617,Home Office,Princeton,NJ,United States
19618,Home Office,Caguas,PR,Puerto Rico
19619,Corporate,Chicago,IL,United States
19620,Corporate,Peoria,AZ,United States
19621,Home Office,Caguas,PR,Puerto Rico
19622,Home Office,Los Angeles,CA,United States
19623,Home Office,Philadelphia,PA,United States
19624,Home Office,Vista,CA,United States
19625,Corporate,Caguas,PR,Puerto Rico
19626,Home Office,Jacksonville,NC,United States
19627,Home Office,Caguas,PR,Puerto Rico
19628,Corporate,Los Angeles,CA,United States
19629,Corporate,Caguas,PR,Puerto Rico
19630,Corporate,Parkville,MD,United States
19631,Corporate,Knoxville,TN,United States
19632,Corporate,Caguas,PR,Puerto Rico
19633,Corporate,Ithaca,NY,United States
19634,Corporate,San Antonio,TX,United States
19635,Consumer,Caguas,PR,Puerto Rico
19636,Consumer,Tampa,FL,United States
19637,Consumer,Caguas,PR,Puerto Rico
19638,Consumer,Fort Worth,TX,United States
19639,Corporate,Caguas,PR,Puerto Rico
19640,Corporate,Atlanta,GA,United States
19641,Consumer,Escondido,CA,United States
19642,Consumer,Caguas,PR,Puerto Rico
19643,Consumer,Spring,TX,United States
19644,Consumer,Caguas,PR,Puerto Rico
19645,Consumer,Annapolis,MD,United States
19646,Home Office,Caguas,PR,Puerto Rico
19647,Home Office,Hyattsville,MD,United States
19648,Consumer,Caguas,PR,Puerto Rico
19649,Home Office,Phoenix,AZ,United States
19650,Consumer,Caguas,PR,Puerto Rico
19651,Consumer,Las Vegas,NV,United States
19652,Consumer,Caguas,PR,Puerto Rico
19653,Consumer,Dorchester Center,MA,United States
19654,Consumer,Caguas,PR,Puerto Rico
19655,Consumer,Broomfield,CO,United States
19656,Consumer,Saint Paul,MN,United States
19657,Consumer,Caguas,PR,Puerto Rico
19658,Consumer,Napa,CA,United States
19659,Consumer,Caguas,PR,Puerto Rico
19660,Consumer,Bronx,NY,United States
19661,Home Office,Caguas,PR,Puerto Rico
19662,Consumer,Beaverton,OR,United States
19663,Corporate,Caguas,PR,Puerto Rico
19664,Corporate,Middletown,OH,United States
19665,Corporate,Caguas,PR,Puerto Rico
19666,Corporate,Bellflower,CA,United States
19667,Corporate,West Covina,CA,United States
19668,Corporate,Caguas,PR,Puerto Rico
19669,Consumer,La Crosse,WI,United States
19670,Home Office,Ogden,UT,United States
19671,Consumer,Caguas,PR,Puerto Rico
19672,Consumer,Bronx,NY,United States
19673,Home Office,Caguas,PR,Puerto Rico
19674,Home Office,Cincinnati,OH,United States
19675,Consumer,Bend,OR,United States
19676,Corporate,Caguas,PR,Puerto Rico
19677,Corporate,Oxnard,CA,United States
19678,Corporate,Amarillo,TX,United States
19679,Consumer,Caguas,PR,Puerto Rico
19680,Corporate,Augusta,GA,United States
19681,Consumer,Caguas,PR,Puerto Rico
19682,Consumer,Aurora,IL,United States
19683,Corporate,Methuen,MA,United States
19684,Corporate,Caguas,PR,Puerto Rico
19685,Home Office,Brooklyn,NY,United States
19686,Home Office,Brooklyn,NY,United States
19687,Home Office,Caguas,PR,Puerto Rico
19688,Home Office,Lynn,MA,United States
19689,Consumer,Broken Arrow,OK,United States
19690,Consumer,Caguas,PR,Puerto Rico
19691,Consumer,San Diego,CA,United States
19692,Consumer,Caguas,PR,Puerto Rico
19693,Consumer,Brooklyn,NY,United States
19694,Consumer,Opa Locka,FL,United States
19695,Consumer,Caguas,PR,Puerto Rico
19696,Corporate,Bronx,NY,United States
19697,Corporate,Dayton,OH,United States
19698,Consumer,Caguas,PR,Puerto Rico
19699,Consumer,Hanover,PA,United States
19700,Corporate,Caguas,PR,Puerto Rico
19701,Corporate,Colton,CA,United States
19702,Home Office,Union,NJ,United States
19703,Consumer,Richmond,TX,United States
19704,Consumer,Caguas,PR,Puerto Rico
19705,Corporate,Hollywood,FL,United States
19706,Consumer,Brandon,FL,United States
19707,Consumer,Caguas,PR,Puerto Rico
19708,Consumer,Los Angeles,CA,United States
19709,Consumer,Citrus Heights,CA,United States
19710,Home Office,Caguas,PR,Puerto Rico
19711,Corporate,Corona,NY,United States
19712,Corporate,Brooklyn,NY,United States
19713,Consumer,Hialeah,FL,United States
19714,Corporate,Caguas,PR,Puerto Rico
19715,Corporate,Rio Rancho,NM,United States
19716,Consumer,Caguas,PR,Puerto Rico
19717,Corporate,Antioch,CA,United States
19718,Consumer,Florissant,MO,United States
19719,Consumer,Columbus,OH,United States
19720,Consumer,Caguas,PR,Puerto Rico
19721,Consumer,Bronx,NY,United States
19722,Consumer,Broomfield,CO,United States
19723,Consumer,Caguas,PR,Puerto Rico
19724,Consumer,Chino,CA,United States
19725,Consumer,Lombard,IL,United States
19726,Consumer,Caguas,PR,Puerto Rico
19727,Consumer,Los Angeles,CA,United States
19728,Consumer,Dundalk,MD,United States
19729,Corporate,Caguas,PR,Puerto Rico
19730,Corporate,Waukegan,IL,United States
19731,Home Office,Los Angeles,CA,United States
19732,Home Office,Caguas,PR,Puerto Rico
19733,Home Office,Irwin,PA,United States
19734,Home Office,Caguas,PR,Puerto Rico
19735,Home Office,Hayward,CA,United States
19736,Home Office,Lindenhurst,NY,United States
19737,Home Office,Louisville,KY,United States
19738,Home Office,Caguas,PR,Puerto Rico
19739,Consumer,Antioch,CA,United States
19740,Home Office,Los Angeles,CA,United States
19741,Home Office,San Marcos,TX,United States
19742,Home Office,Caguas,PR,Puerto Rico
19743,Home Office,Portland,OR,United States
19744,Corporate,Caguas,PR,Puerto Rico
19745,Corporate,Gaithersburg,MD,United States
19746,Corporate,Caguas,PR,Puerto Rico
19747,Home Office,Modesto,CA,United States
19748,Home Office,Dearborn,MI,United States
19749,Corporate,Caguas,PR,Puerto Rico
19750,Consumer,Lancaster,PA,United States
19751,Corporate,Caguas,PR,Puerto Rico
19752,Corporate,Lynn,MA,United States
19753,Corporate,Jacksonville,FL,United States
19754,Home Office,Caguas,PR,Puerto Rico
19755,Home Office,Phoenix,AZ,United States
19756,Home Office,Las Vegas,NV,United States
19757,Home Office,Caguas,PR,Puerto Rico
19758,Home Office,Pompano Beach,FL,United States
19759,Home Office,Caguas,PR,Puerto Rico
19760,Home Office,Bayamon,PR,Puerto Rico
19761,Home Office,Fort Worth,TX,United States
19762,Consumer,Caguas,PR,Puerto Rico
19763,Consumer,Lawrenceville,GA,United States
19764,Corporate,South Ozone Park,NY,United States
19765,Corporate,Enfield,CT,United States
19766,Consumer,Caguas,PR,Puerto Rico
19767,Corporate,Flushing,NY,United States
19768,Corporate,Visalia,CA,United States
19769,Consumer,Caguas,PR,Puerto Rico
19770,Consumer,La Puente,CA,United States
19771,Consumer,Denver,CO,United States
19772,Home Office,Salinas,CA,United States
19773,Home Office,Columbus,OH,United States
19774,Home Office,Carol Stream,IL,United States
19775,Home Office,Caguas,PR,Puerto Rico
19776,Home Office,Wheeling,WV,United States
19777,Consumer,Caguas,PR,Puerto Rico
19778,Consumer,Oxnard,CA,United States
19779,Consumer,Tempe,AZ,United States
19780,Consumer,Caguas,PR,Puerto Rico
19781,Consumer,Jacksonville,FL,United States
19782,Consumer,Caguas,PR,Puerto Rico
19783,Corporate,Wyoming,MI,United States
19784,Consumer,Caguas,PR,Puerto Rico
19785,Corporate,Glendale,AZ,United States
19786,Corporate,Miami,FL,United States
19787,Corporate,Piscataway,NJ,United States
19788,Corporate,Caguas,PR,Puerto Rico
19789,Corporate,San Jose,CA,United States
19790,Corporate,Caguas,PR,Puerto Rico
19791,Corporate,Mcallen,TX,United States
19792,Corporate,Caguas,PR,Puerto Rico
19793,Corporate,Hamilton,OH,United States
19794,Consumer,Mililani,HI,United States
19795,Consumer,Caguas,PR,Puerto Rico
19796,Corporate,Long Beach,CA,United States
19797,Consumer,Yonkers,NY,United States
19798,Consumer,Oak Lawn,IL,United States
19799,Consumer,Caguas,PR,Puerto Rico
19800,Consumer,Houston,TX,United States
19801,Home Office,Portland,OR,United States
19802,Home Office,Caguas,PR,Puerto Rico
19803,Home Office,Saint Paul,MN,United States
19804,Consumer,Richardson,TX,United States
19805,Corporate,Caguas,PR,Puerto Rico
19806,Corporate,San Antonio,TX,United States
19807,Consumer,Caguas,PR,Puerto Rico
19808,Consumer,Chicago,IL,United States
19809,Consumer,Humacao,PR,Puerto Rico
19810,Consumer,Philadelphia,PA,United States
19811,Consumer,Caguas,PR,Puerto Rico
19812,Corporate,North Hollywood,CA,United States
19813,Corporate,Cerritos,CA,United States
19814,Corporate,Chicago,IL,United States
19815,Corporate,Caguas,PR,Puerto Rico
19816,Corporate,Goleta,CA,United States
19817,Home Office,Dubuque,IA,United States
19818,Home Office,Caguas,PR,Puerto Rico
19819,Home Office,Columbus,OH,United States
19820,Home Office,Caguas,PR,Puerto Rico
19821,Home Office,Chicago,IL,United States
19822,Consumer,Caguas,PR,Puerto Rico
19823,Consumer,Fremont,CA,United States
19824,Consumer,Caguas,PR,Puerto Rico
19825,Consumer,Jamaica,NY,United States
19826,Consumer,San Antonio,TX,United States
19827,Consumer,Caguas,PR,Puerto Rico
19828,Home Office,West Covina,CA,United States
19829,Corporate,Caguas,PR,Puerto Rico
19830,Corporate,Brooklyn,NY,United States
19831,Consumer,Bayamon,PR,Puerto Rico
19832,Consumer,Caguas,PR,Puerto Rico
19833,Consumer,Juana Diaz,PR,Puerto Rico
19834,Consumer,Caguas,PR,Puerto Rico
19835,Corporate,Wilmington,CA,United States
19836,Consumer,Caguas,PR,Puerto Rico
19837,Home Office,Lancaster,CA,United States
19838,Home Office,Santa Cruz,CA,United States
19839,Home Office,Caguas,PR,Puerto Rico
19840,Home Office,San Juan,PR,Puerto Rico
19841,Corporate,Morristown,NJ,United States
19842,Corporate,Caguas,PR,Puerto Rico
19843,Corporate,Bristol,CT,United States
19844,Consumer,Columbus,OH,United States
19845,Home Office,Caguas,PR,Puerto Rico
19846,Home Office,Newark,DE,United States
19847,Home Office,Caguas,PR,Puerto Rico
19848,Home Office,Detroit,MI,United States
19849,Home Office,Caguas,PR,Puerto Rico
19850,Home Office,Chicago,IL,United States
19851,Consumer,Troy,MI,United States
19852,Consumer,Plano,TX,United States
19853,Corporate,Caguas,PR,Puerto Rico
19854,Corporate,Fullerton,CA,United States
19855,Home Office,Caguas,PR,Puerto Rico
19856,Home Office,New Haven,CT,United States
19857,Home Office,Caguas,PR,Puerto Rico
19858,Home Office,Phoenix,AZ,United States
19859,Home Office,Baltimore,MD,United States
19860,Home Office,South Ozone Park,NY,United States
19861,Home Office,Caguas,PR,Puerto Rico
19862,Consumer,York,PA,United States
19863,Consumer,Austin,TX,United States
19864,Consumer,Houston,TX,United States
19865,Corporate,Caguas,PR,Puerto Rico
19866,Consumer,Milwaukee,WI,United States
19867,Consumer,Modesto,CA,United States
19868,Home Office,Caguas,PR,Puerto Rico
19869,Home Office,Wayne,NJ,United States
19870,Home Office,Caguas,PR,Puerto Rico
19871,Home Office,Chicago,IL,United States
19872,Home Office,Chicago,IL,United States
19873,Home Office,Ann Arbor,MI,United States
19874,Consumer,Caguas,PR,Puerto Rico
19875,Corporate,New York,NY,United States
19876,Consumer,Pico Rivera,CA,United States
19877,Consumer,Washington,DC,United States
19878,Consumer,Caguas,PR,Puerto Rico
19879,Consumer,Carrollton,TX,United States
19880,Consumer,Caguas,PR,Puerto Rico
19881,Home Office,Miami,FL,United States
19882,Home Office,Caguas,PR,Puerto Rico
19883,Home Office,Tempe,AZ,United States
19884,Consumer,Placentia,CA,United States
19885,Consumer,Caguas,PR,Puerto Rico
19886,Consumer,Tracy,CA,United States
19887,Consumer,Caguas,PR,Puerto Rico
19888,Home Office,New York,NY,United States
19889,Home Office,New Haven,CT,United States
19890,Consumer,Caguas,PR,Puerto Rico
19891,Consumer,Long Beach,CA,United States
19892,Consumer,Denton,TX,United States
19893,Consumer,Carlsbad,CA,United States
19894,Consumer,Caguas,PR,Puerto Rico
19895,Consumer,San Antonio,TX,United States
19896,Consumer,Caguas,PR,Puerto Rico
19897,Consumer,Chicago,IL,United States
19898,Consumer,Caguas,PR,Puerto Rico
19899,Consumer,Dallas,TX,United States
19900,Corporate,Caguas,PR,Puerto Rico
19901,Corporate,Florissant,MO,United States
19902,Corporate,Caguas,PR,Puerto Rico
19903,Consumer,Stockton,CA,United States
19904,Home Office,Caguas,PR,Puerto Rico
19905,Home Office,San Antonio,TX,United States
19906,Home Office,Caguas,PR,Puerto Rico
19907,Home Office,Carmichael,CA,United States
19908,Consumer,Catonsville,MD,United States
19909,Consumer,Caguas,PR,Puerto Rico
19910,Home Office,San Antonio,TX,United States
19911,Home Office,Caguas,PR,Puerto Rico
19912,Home Office,Summerville,SC,United States
19913,Consumer,Caguas,PR,Puerto Rico
19914,Consumer,Diamond Bar,CA,United States
19915,Consumer,Caguas,PR,Puerto Rico
19916,Consumer,Tulare,CA,United States
19917,Consumer,Garden Grove,CA,United States
19918,Corporate,Caguas,PR,Puerto Rico
19919,Corporate,San Francisco,CA,United States
19920,Corporate,Caguas,PR,Puerto Rico
19921,Consumer,Chicago,IL,United States
19922,Home Office,Caguas,PR,Puerto Rico
19923,Home Office,San Antonio,TX,United States
19924,Home Office,Caguas,PR,Puerto Rico
19925,Home Office,Union City,NJ,United States
19926,Consumer,Mesa,AZ,United States
19927,Consumer,Dallas,TX,United States
19928,Consumer,Caguas,PR,Puerto Rico
19929,Home Office,Lancaster,CA,United States
19930,Consumer,Roswell,GA,United States
19931,Corporate,Wyandotte,MI,United States
19932,Corporate,Caguas,PR,Puerto Rico
19933,Home Office,Fairfield,OH,United States
19934,Corporate,Caguas,PR,Puerto Rico
19935,Corporate,Huntington Beach,CA,United States
19936,Consumer,Las Vegas,NV,United States
19937,Home Office,Caguas,PR,Puerto Rico
19938,Consumer,Richmond,TX,United States
19939,Consumer,Caguas,PR,Puerto Rico
19940,Consumer,Los Angeles,CA,United States
19941,Consumer,Modesto,CA,United States
19942,Consumer,Caguas,PR,Puerto Rico
19943,Consumer,Saginaw,MI,United States
19944,Consumer,Doylestown,PA,United States
19945,Consumer,Caguas,PR,Puerto Rico
19946,Consumer,Lakewood,OH,United States
19947,Corporate,Revere,MA,United States
19948,Corporate,Richmond,TX,United States
19949,Consumer,Cumberland,MD,United States
19950,Consumer,Caguas,PR,Puerto Rico
19951,Consumer,Las Vegas,NV,United States
19952,Corporate,Caguas,PR,Puerto Rico
19953,Corporate,Aurora,CO,United States
19954,Consumer,Caguas,PR,Puerto Rico
19955,Consumer,Las Vegas,NV,United States
19956,Consumer,Caguas,PR,Puerto Rico
19957,Consumer,Fort Lauderdale,FL,United States
19958,Consumer,Asheboro,NC,United States
19959,Consumer,Atlanta,GA,United States
19960,Consumer,Caguas,PR,Puerto Rico
19961,Consumer,Greensboro,NC,United States
19962,Consumer,Caguas,PR,Puerto Rico
19963,Consumer,Washington,DC,United States
19964,Consumer,Caguas,PR,Puerto Rico
19965,Corporate,Potomac,MD,United States
19966,Corporate,Caguas,PR,Puerto Rico
19967,Consumer,San Diego,CA,United States
19968,Consumer,Caguas,PR,Puerto Rico
19969,Consumer,New York,NY,United States
19970,Consumer,Gardena,CA,United States
19971,Corporate,Caguas,PR,Puerto Rico
19972,Consumer,Round Rock,TX,United States
19973,Home Office,San Ramon,CA,United States
19974,Home Office,Caguas,PR,Puerto Rico
19975,Home Office,Huntington Beach,CA,United States
19976,Home Office,Carlisle,PA,United States
19977,Home Office,Caguas,PR,Puerto Rico
19978,Consumer,Endicott,NY,United States
19979,Home Office,Caguas,PR,Puerto Rico
19980,Consumer,Spring Valley,CA,United States
19981,Home Office,Caguas,PR,Puerto Rico
19982,Home Office,Porterville,CA,United States
19983,Consumer,Columbus,OH,United States
19984,Consumer,Caguas,PR,Puerto Rico
19985,Consumer,Las Vegas,NV,United States
19986,Consumer,Caguas,PR,Puerto Rico
19987,Consumer,Chicago,IL,United States
19988,Consumer,Tampa,FL,United States
19989,Consumer,Caguas,PR,Puerto Rico
19990,Consumer,Carlsbad,CA,United States
19991,Consumer,Caguas,PR,Puerto Rico
19992,Consumer,Brooklyn,NY,United States
19993,Consumer,Brooklyn,NY,United States
19994,Consumer,Allentown,PA,United States
19995,Consumer,Caguas,PR,Puerto Rico
19996,Corporate,Sunnyvale,CA,United States
19997,Consumer,Fort Washington,MD,United States
19998,Corporate,Mission Viejo,CA,United States
19999,Corporate,Caguas,PR,Puerto Rico
20000,Corporate,Modesto,CA,United States
20001,Corporate,Columbus,OH,United States
20002,Corporate,Caguas,PR,Puerto Rico
20003,Home Office,Asheboro,NC,United States
20004,Consumer,Caguas,PR,Puerto Rico
20005,Corporate,Lancaster,SC,United States
20006,Consumer,Caguas,PR,Puerto Rico
20007,Consumer,Colorado Springs,CO,United States
20008,Consumer,Caguas,PR,Puerto Rico
20009,Home Office,Brooklyn,NY,United States
20010,Consumer,San Francisco,CA,United States
20011,Consumer,Sanford,NC,United States
20012,Consumer,Milford,CT,United States
20013,Consumer,Caguas,PR,Puerto Rico
20014,Corporate,Newark,NJ,United States
20015,Consumer,Caguas,PR,Puerto Rico
20016,Corporate,Morrisville,PA,United States
20017,Consumer,Caguas,PR,Puerto Rico
20018,Corporate,Bronx,NY,United States
20019,Corporate,Modesto,CA,United States
20020,Consumer,Caguas,PR,Puerto Rico
20021,Corporate,South San Francisco,CA,United States
20022,Corporate,Far Rockaway,NY,United States
20023,Corporate,Caguas,PR,Puerto Rico
20024,Corporate,Bellflower,CA,United States
20025,Corporate,Elmhurst,IL,United States
20026,Corporate,Philadelphia,PA,United States
20027,Corporate,Caguas,PR,Puerto Rico
20028,Corporate,Eugene,OR,United States
20029,Consumer,Caguas,PR,Puerto Rico
20030,Consumer,Plainfield,IL,United States
20031,Home Office,Caguas,PR,Puerto Rico
20032,Home Office,Austin,TX,United States
20033,Home Office,Los Angeles,CA,United States
20034,Consumer,Caguas,PR,Puerto Rico
20035,Consumer,Granada Hills,CA,United States
20036,Consumer,Hyattsville,MD,United States
20037,Consumer,Caguas,PR,Puerto Rico
20038,Consumer,Lancaster,OH,United States
20039,Consumer,Caguas,PR,Puerto Rico
20040,Consumer,San Francisco,CA,United States
20041,Consumer,Portland,OR,United States
20042,Consumer,Caguas,PR,Puerto Rico
20043,Consumer,Henderson,NV,United States
20044,Consumer,Bayamon,PR,Puerto Rico
20045,Consumer,Caguas,PR,Puerto Rico
20046,Corporate,Greeley,CO,United States
20047,Corporate,Caguas,PR,Puerto Rico
20048,Consumer,Revere,MA,United States
20049,Consumer,Caguas,PR,Puerto Rico
20050,Corporate,Chicago,IL,United States
20051,Corporate,San Diego,CA,United States
20052,Consumer,Michigan City,IN,United States
20053,Consumer,Caguas,PR,Puerto Rico
20054,Consumer,South Richmond Hill,NY,United States
20055,Consumer,Caguas,PR,Puerto Rico
20056,Consumer,Orange Park,FL,United States
20057,Consumer,Scottsdale,AZ,United States
20058,Corporate,Caguas,PR,Puerto Rico
20059,Consumer,Simi Valley,CA,United States
20060,Home Office,Rancho Cordova,CA,United States
20061,Consumer,Caguas,PR,Puerto Rico
20062,Home Office,Hialeah,FL,United States
20063,Home Office,Caguas,PR,Puerto Rico
20064,Corporate,Fremont,CA,United States
20065,Consumer,Caguas,PR,Puerto Rico
20066,Consumer,La Habra,CA,United States
20067,Corporate,Stockbridge,GA,United States
20068,Corporate,Caguas,PR,Puerto Rico
20069,Corporate,Brooklyn,NY,United States
20070,Corporate,Cerritos,CA,United States
20071,Consumer,Ogden,UT,United States
20072,Consumer,Caguas,PR,Puerto Rico
20073,Consumer,Portland,OR,United States
20074,Consumer,Caguas,PR,Puerto Rico
20075,Consumer,Mission Viejo,CA,United States
20076,Consumer,New Bedford,MA,United States
20077,Consumer,Caguas,PR,Puerto Rico
20078,Corporate,Brownsville,TX,United States
20079,Consumer,Taunton,MA,United States
20080,Consumer,Caguas,PR,Puerto Rico
20081,Consumer,Chicago,IL,United States
20082,Home Office,Newark,NJ,United States
20083,Consumer,Caguas,PR,Puerto Rico
20084,Consumer,Sugar Land,TX,United States
20085,Consumer,Caguas,PR,Puerto Rico
20086,Home Office,Baldwin Park,CA,United States
20087,Home Office,Bronx,NY,United States
20088,Home Office,Caguas,PR,Puerto Rico
20089,Home Office,Costa Mesa,CA,United States
20090,Home Office,Wilmington,CA,United States
20091,Home Office,Ventura,CA,United States
20092,Consumer,Caguas,PR,Puerto Rico
20093,Consumer,Lynwood,CA,United States
20094,Consumer,Caguas,PR,Puerto Rico
20095,Consumer,Greenville,NC,United States
20096,Corporate,Caguas,PR,Puerto Rico
20097,Corporate,El Cajon,CA,United States
20098,Consumer,Clearfield,UT,United States
20099,Consumer,Hyattsville,MD,United States
20100,Consumer,Caguas,PR,Puerto Rico
20101,Consumer,Sugar Land,TX,United States
20102,Consumer,Lancaster,PA,United States
20103,Consumer,Caguas,PR,Puerto Rico
20104,Consumer,Los Angeles,CA,United States
20105,Consumer,Fremont,CA,United States
20106,Consumer,Caguas,PR,Puerto Rico
20107,Consumer,Compton,CA,United States
20108,Corporate,Caguas,PR,Puerto Rico
20109,Corporate,Waipahu,HI,United States
20110,Corporate,Carlisle,PA,United States
20111,Corporate,Caguas,PR,Puerto Rico
20112,Corporate,Richmond,VA,United States
20113,Consumer,Caguas,PR,Puerto Rico
20114,Consumer,Tracy,CA,United States
20115,Consumer,Los Angeles,CA,United States
20116,Consumer,Caguas,PR,Puerto Rico
20117,Corporate,San Francisco,CA,United States
20118,Home Office,Dayton,OH,United States
20119,Corporate,Las Vegas,NV,United States
20120,Consumer,Caguas,PR,Puerto Rico
20121,Consumer,Meridian,ID,United States
20122,Consumer,Buffalo,NY,United States
20123,Corporate,Caguas,PR,Puerto Rico
20124,Consumer,Spring Valley,CA,United States
20125,Consumer,Washington,DC,United States
20126,Consumer,Joliet,IL,United States
20127,Consumer,Rancho Cucamonga,CA,United States
20128,Consumer,Houston,TX,United States
20129,Consumer,Caguas,PR,Puerto Rico
20130,Consumer,Kaneohe,HI,United States
20131,Consumer,New Orleans,LA,United States
20132,Consumer,Caguas,PR,Puerto Rico
20133,Consumer,West New York,NJ,United States
20134,Consumer,Garland,TX,United States
20135,Corporate,San Marcos,TX,United States
20136,Corporate,Caguas,PR,Puerto Rico
20137,Corporate,New York,NY,United States
20138,Corporate,San Marcos,TX,United States
20139,Home Office,Ogden,UT,United States
20140,Corporate,Caguas,PR,Puerto Rico
20141,Corporate,Oxnard,CA,United States
20142,Corporate,Meridian,ID,United States
20143,Home Office,Caguas,PR,Puerto Rico
20144,Consumer,Detroit,MI,United States
20145,Corporate,Caguas,PR,Puerto Rico
20146,Corporate,Lynnwood,WA,United States
20147,Corporate,Caguas,PR,Puerto Rico
20148,Corporate,Pompano Beach,FL,United States
20149,Home Office,Caguas,PR,Puerto Rico
20150,Home Office,Paramount,CA,United States
20151,Home Office,Caguas,PR,Puerto Rico
20152,Home Office,Bend,OR,United States
20153,Home Office,Caguas,PR,Puerto Rico
20154,Home Office,Brooklyn,NY,United States
20155,Home Office,Fresno,CA,United States
20156,Corporate,Caguas,PR,Puerto Rico
20157,Consumer,Brooklyn,NY,United States
20158,Consumer,Newark,DE,United States
20159,Consumer,Caguas,PR,Puerto Rico
20160,Consumer,Fairfield,OH,United States
20161,Consumer,Caguas,PR,Puerto Rico
20162,Consumer,New York,NY,United States
20163,Corporate,El Cajon,CA,United States
20164,Corporate,Caguas,PR,Puerto Rico
20165,Corporate,South Ozone Park,NY,United States
20166,Corporate,Caguas,PR,Puerto Rico
20167,Corporate,El Paso,TX,United States
20168,Consumer,Smyrna,GA,United States
20169,Consumer,Caguas,PR,Puerto Rico
20170,Consumer,Jackson Heights,NY,United States
20171,Consumer,Houston,TX,United States
20172,Consumer,Caguas,PR,Puerto Rico
20173,Consumer,Anaheim,CA,United States
20174,Consumer,Caguas,PR,Puerto Rico
20175,Consumer,Tempe,AZ,United States
20176,Consumer,Oceanside,CA,United States
20177,Consumer,Caguas,PR,Puerto Rico
20178,Consumer,Dallas,TX,United States
20179,Consumer,Honolulu,HI,United States
20180,Consumer,Caguas,PR,Puerto Rico
20181,Consumer,Van Nuys,CA,United States
20182,Corporate,Caguas,PR,Puerto Rico
20183,Home Office,Brooklyn,NY,United States
20184,Home Office,Grand Prairie,TX,United States
20185,Consumer,Caguas,PR,Puerto Rico
20186,Consumer,Riverside,CA,United States
20187,Consumer,Caguas,PR,Puerto Rico
20188,Consumer,Long Beach,CA,United States
20189,Consumer,Caguas,PR,Puerto Rico
20190,Consumer,Bridgeton,NJ,United States
20191,Consumer,Caguas,PR,Puerto Rico
20192,Consumer,New Castle,DE,United States
20193,Consumer,Plainfield,NJ,United States
20194,Consumer,Caguas,PR,Puerto Rico
20195,Consumer,New Orleans,LA,United States
20196,Corporate,Caguas,PR,Puerto Rico
20197,Consumer,Cupertino,CA,United States
20198,Consumer,Ann Arbor,MI,United States
20199,Home Office,Caguas,PR,Puerto Rico
20200,Home Office,Arecibo,PR,Puerto Rico
20201,Home Office,Stockton,CA,United States
20202,Home Office,Caguas,PR,Puerto Rico
20203,Home Office,Santa Fe,NM,United States
20204,Consumer,Alpharetta,GA,United States
20205,Home Office,Caguas,PR,Puerto Rico
20206,Home Office,Orange Park,FL,United States
20207,Home Office,Caguas,PR,Puerto Rico
20208,Home Office,Pomona,CA,United States
20209,Consumer,Caguas,PR,Puerto Rico
20210,Consumer,Irwin,PA,United States
20211,Consumer,Greenville,NC,United States
20212,Home Office,Caguas,PR,Puerto Rico
20213,Consumer,Detroit,MI,United States
20214,Consumer,Caguas,PR,Puerto Rico
20215,Consumer,Pacoima,CA,United States
20216,Consumer,Holland,MI,United States
20217,Consumer,Caguas,PR,Puerto Rico
20218,Consumer,Orange Park,FL,United States
20219,Consumer,Caguas,PR,Puerto Rico
20220,Consumer,Peoria,AZ,United States
20221,Consumer,San Jose,CA,United States
20222,Corporate,Caguas,PR,Puerto Rico
20223,Corporate,Tucson,AZ,United States
20224,Corporate,Caguas,PR,Puerto Rico
20225,Home Office,Chula Vista,CA,United States
20226,Home Office,Morrisville,PA,United States
20227,Consumer,Greensboro,NC,United States
20228,Consumer,Caguas,PR,Puerto Rico
20229,Consumer,Waukegan,IL,United States
20230,Consumer,Amarillo,TX,United States
20231,Corporate,Caguas,PR,Puerto Rico
20232,Corporate,Strongsville,OH,United States
20233,Consumer,Caguas,PR,Puerto Rico
20234,Home Office,Salinas,CA,United States
20235,Home Office,Harlingen,TX,United States
20236,Corporate,Highland Park,MI,United States
20237,Corporate,Caguas,PR,Puerto Rico
20238,Corporate,North Hollywood,CA,United States
20239,Home Office,Garden Grove,CA,United States
20240,Home Office,Houston,TX,United States
20241,Home Office,Caguas,PR,Puerto Rico
20242,Home Office,Salt Lake City,UT,United States
20243,Home Office,Stafford,VA,United States
20244,Consumer,Phoenix,AZ,United States
20245,Consumer,Caguas,PR,Puerto Rico
20246,Consumer,Elmhurst,NY,United States
20247,Home Office,Roswell,NM,United States
20248,Consumer,Caguas,PR,Puerto Rico
20249,Consumer,Washington,DC,United States
20250,Corporate,Caguas,PR,Puerto Rico
20251,Home Office,Houston,TX,United States
20252,Home Office,Chula Vista,CA,United States
20253,Consumer,Hollister,CA,United States
20254,Home Office,Bend,OR,United States
20255,Home Office,Miami,FL,United States
20256,Consumer,Caguas,PR,Puerto Rico
20257,Home Office,Atlanta,GA,United States
20258,Corporate,Brighton,MA,United States
20259,Corporate,Caguas,PR,Puerto Rico
20260,Consumer,Phoenix,AZ,United States
20261,Consumer,Caguas,PR,Puerto Rico
20262,Home Office,Seattle,WA,United States
20263,Consumer,Caguas,PR,Puerto Rico
20264,Consumer,Vega Baja,PR,Puerto Rico
20265,Consumer,Moreno Valley,CA,United States
20266,Consumer,Caguas,PR,Puerto Rico
20267,Consumer,Dubuque,IA,United States
20268,Consumer,Caguas,PR,Puerto Rico
20269,Consumer,Albuquerque,NM,United States
20270,Consumer,Caguas,PR,Puerto Rico
20271,Consumer,Tucson,AZ,United States
20272,Consumer,Caguas,PR,Puerto Rico
20273,Consumer,Lancaster,SC,United States
20274,Consumer,Caguas,PR,Puerto Rico
20275,Consumer,Richmond,VA,United States
20276,Consumer,Caguas,PR,Puerto Rico
20277,Consumer,San Bernardino,CA,United States
20278,Corporate,Mililani,HI,United States
20279,Corporate,Caguas,PR,Puerto Rico
20280,Corporate,Philadelphia,PA,United States
20281,Corporate,Caguas,PR,Puerto Rico
20282,Corporate,Bronx,NY,United States
20283,Corporate,Lilburn,GA,United States
20284,Corporate,Caguas,PR,Puerto Rico
20285,Consumer,Amarillo,TX,United States
20286,Corporate,Caguas,PR,Puerto Rico
20287,Consumer,Saint Peters,MO,United States
20288,Consumer,Longview,WA,United States
20289,Consumer,Pomona,CA,United States
20290,Consumer,Caguas,PR,Puerto Rico
20291,Consumer,Los Angeles,CA,United States
20292,Home Office,Caguas,PR,Puerto Rico
20293,Home Office,Brooklyn,NY,United States
20294,Home Office,Santa Maria,CA,United States
20295,Home Office,Caguas,PR,Puerto Rico
20296,Corporate,North Hollywood,CA,United States
20297,Corporate,Caguas,PR,Puerto Rico
20298,Corporate,Santa Ana,CA,United States
20299,Consumer,Paramount,CA,United States
20300,Consumer,Del Rio,TX,United States
20301,Corporate,Caguas,PR,Puerto Rico
20302,Corporate,Chicago,IL,United States
20303,Corporate,Los Angeles,CA,United States
20304,Corporate,Caguas,PR,Puerto Rico
20305,Consumer,New York,NY,United States
20306,Consumer,Caguas,PR,Puerto Rico
20307,Consumer,Tucson,AZ,United States
20308,Consumer,Peabody,MA,United States
20309,Consumer,Tempe,AZ,United States
20310,Consumer,Caguas,PR,Puerto Rico
20311,Consumer,Lawton,OK,United States
20312,Consumer,Caguas,PR,Puerto Rico
20313,Consumer,Sunnyvale,CA,United States
20314,Consumer,Caguas,PR,Puerto Rico
20315,Consumer,Chicago,IL,United States
20316,Consumer,Mililani,HI,United States
20317,Consumer,Caguas,PR,Puerto Rico
20318,Consumer,Austin,TX,United States
20319,Consumer,Caguas,PR,Puerto Rico
20320,Consumer,Indio,CA,United States
20321,Consumer,Spokane,WA,United States
20322,Corporate,Caguas,PR,Puerto Rico
20323,Consumer,Pawtucket,RI,United States
20324,Consumer,Caguas,PR,Puerto Rico
20325,Consumer,Saint Paul,MN,United States
20326,Consumer,Caguas,PR,Puerto Rico
20327,Corporate,College Station,TX,United States
20328,Consumer,Caguas,PR,Puerto Rico
20329,Corporate,Los Angeles,CA,United States
20330,Corporate,Caguas,PR,Puerto Rico
20331,Corporate,New Haven,CT,United States
20332,Corporate,Caguas,PR,Puerto Rico
20333,Corporate,Miami,FL,United States
20334,Home Office,Dallas,TX,United States
20335,Home Office,Broomfield,CO,United States
20336,Corporate,Los Angeles,CA,United States
20337,Corporate,Caguas,PR,Puerto Rico
20338,Corporate,Chicago,IL,United States
20339,Corporate,Piscataway,NJ,United States
20340,Consumer,Caguas,PR,Puerto Rico
20341,Home Office,San Diego,CA,United States
20342,Home Office,Honolulu,HI,United States
20343,Consumer,Canton,MI,United States
20344,Consumer,Caguas,PR,Puerto Rico
20345,Consumer,San Antonio,TX,United States
20346,Consumer,Orlando,FL,United States
20347,Consumer,Caguas,PR,Puerto Rico
20348,Consumer,Tallahassee,FL,United States
20349,Consumer,Caguas,PR,Puerto Rico
20350,Consumer,Chandler,AZ,United States
20351,Consumer,Pompano Beach,FL,United States
20352,Home Office,Caguas,PR,Puerto Rico
20353,Corporate,Vista,CA,United States
20354,Consumer,Caguas,PR,Puerto Rico
20355,Corporate,Miami,FL,United States
20356,Corporate,Caguas,PR,Puerto Rico
20357,Consumer,Ypsilanti,MI,United States
20358,Consumer,Caguas,PR,Puerto Rico
20359,Consumer,Elk Grove,CA,United States
20360,Consumer,San Benito,TX,United States
20361,Consumer,Caguas,PR,Puerto Rico
20362,Consumer,Las Vegas,NV,United States
20363,Corporate,Caguas,PR,Puerto Rico
20364,Consumer,Bronx,NY,United States
20365,Consumer,San Francisco,CA,United States
20366,Consumer,Chicago,IL,United States
20367,Consumer,Caguas,PR,Puerto Rico
20368,Consumer,Miami,FL,United States
20369,Consumer,Stockbridge,GA,United States
20370,Consumer,San Diego,CA,United States
20371,Consumer,Carolina,PR,Puerto Rico
20372,Corporate,Caguas,PR,Puerto Rico
20373,Home Office,Piscataway,NJ,United States
20374,Consumer,Rowland Heights,CA,United States
20375,Consumer,Caguas,PR,Puerto Rico
20376,Consumer,Hagerstown,MD,United States
20377,Consumer,Aurora,CO,United States
20378,Corporate,Caguas,PR,Puerto Rico
20379,Consumer,New York,NY,United States
20380,Consumer,Caguas,PR,Puerto Rico
20381,Consumer,West Orange,NJ,United States
20382,Consumer,Caguas,PR,Puerto Rico
20383,Consumer,Crystal Lake,IL,United States
20384,Home Office,Caguas,PR,Puerto Rico
20385,Consumer,Dubuque,IA,United States
20386,Consumer,Caguas,PR,Puerto Rico
20387,Home Office,Santee,CA,United States
20388,Home Office,Dearborn,MI,United States
20389,Home Office,Caguas,PR,Puerto Rico
20390,Consumer,Tinley Park,IL,United States
20391,Corporate,Caguas,PR,Puerto Rico
20392,Home Office,Sylmar,CA,United States
20393,Consumer,Bronx,NY,United States
20394,Consumer,New Haven,CT,United States
20395,Corporate,Caguas,PR,Puerto Rico
20396,Consumer,Las Vegas,NV,United States
20397,Home Office,Carlsbad,CA,United States
20398,Consumer,Caguas,PR,Puerto Rico
20399,Consumer,San Diego,CA,United States
20400,Corporate,Los Angeles,CA,United States
20401,Corporate,Caguas,PR,Puerto Rico
20402,Corporate,North Bergen,NJ,United States
20403,Corporate,El Centro,CA,United States
20404,Consumer,Caguas,PR,Puerto Rico
20405,Corporate,Rowland Heights,CA,United States
20406,Corporate,Del Rio,TX,United States
20407,Consumer,Caguas,PR,Puerto Rico
20408,Consumer,Fountain Valley,CA,United States
20409,Consumer,Houston,TX,United States
20410,Consumer,Caguas,PR,Puerto Rico
20411,Consumer,Greensburg,PA,United States
20412,Consumer,Houston,TX,United States
20413,Consumer,Caguas,PR,Puerto Rico
20414,Corporate,San Antonio,TX,United States
20415,Corporate,Caguas,PR,Puerto Rico
20416,Corporate,Plano,TX,United States
20417,Corporate,Caguas,PR,Puerto Rico
20418,Consumer,Quincy,IL,United States
20419,Consumer,Caguas,PR,Puerto Rico
20420,Consumer,Irvington,NJ,United States
20421,Home Office,Ontario,CA,United States
20422,Corporate,Caguas,PR,Puerto Rico
20423,Corporate,Amarillo,TX,United States
20424,Corporate,Caguas,PR,Puerto Rico
20425,Corporate,Bay Shore,NY,United States
20426,Corporate,Phoenix,AZ,United States
20427,Corporate,Caguas,PR,Puerto Rico
20428,Home Office,Aurora,CO,United States
20429,Home Office,Caguas,PR,Puerto Rico
20430,Consumer,West Covina,CA,United States
20431,Consumer,Caguas,PR,Puerto Rico
20432,Consumer,Marietta,GA,United States
20433,Consumer,Memphis,TN,United States
20434,Consumer,Caguas,PR,Puerto Rico
20435,Consumer,Santa Clara,CA,United States
20436,Consumer,Florissant,MO,United States
20437,Home Office,Chesapeake,VA,United States
20438,Home Office,Caguas,PR,Puerto Rico
20439,Home Office,Reseda,CA,United States
20440,Consumer,Los Angeles,CA,United States
20441,Consumer,San Marcos,CA,United States
20442,Consumer,Caguas,PR,Puerto Rico
20443,Consumer,Beaverton,OR,United States
20444,Corporate,Mesquite,TX,United States
20445,Corporate,Ogden,UT,United States
20446,Corporate,Caguas,PR,Puerto Rico
20447,Corporate,Chicago,IL,United States
20448,Corporate,Caguas,PR,Puerto Rico
20449,Corporate,Aurora,IL,United States
20450,Corporate,Tampa,FL,United States
20451,Corporate,Caguas,PR,Puerto Rico
20452,Consumer,Holland,MI,United States
20453,Consumer,Caguas,PR,Puerto Rico
20454,Consumer,Dearborn,MI,United States
20455,Consumer,San Jose,CA,United States
20456,Consumer,Caguas,PR,Puerto Rico
20457,Consumer,Walnut,CA,United States
20458,Home Office,Caguas,PR,Puerto Rico
20459,Consumer,North Las Vegas,NV,United States
20460,Home Office,Caguas,PR,Puerto Rico
20461,Consumer,Kent,WA,United States
20462,Corporate,Hilliard,OH,United States
20463,Corporate,Caguas,PR,Puerto Rico
20464,Corporate,Las Vegas,NV,United States
20465,Consumer,Caguas,PR,Puerto Rico
20466,Corporate,Bronx,NY,United States
20467,Home Office,Broken Arrow,OK,United States
20468,Corporate,Caguas,PR,Puerto Rico
20469,Consumer,Palatine,IL,United States
20470,Consumer,Caguas,PR,Puerto Rico
20471,Corporate,Cypress,CA,United States
20472,Corporate,New Braunfels,TX,United States
20473,Corporate,Caguas,PR,Puerto Rico
20474,Corporate,Lancaster,OH,United States
20475,Corporate,Norfolk,VA,United States
20476,Consumer,Eugene,OR,United States
20477,Consumer,Caguas,PR,Puerto Rico
20478,Corporate,Wilkes Barre,PA,United States
20479,Corporate,Caguas,PR,Puerto Rico
20480,Corporate,Brooklyn,NY,United States
20481,Consumer,Pompano Beach,FL,United States
20482,Consumer,Mission Viejo,CA,United States
20483,Consumer,Caguas,PR,Puerto Rico
20484,Home Office,Middletown,OH,United States
20485,Home Office,Bridgeton,NJ,United States
20486,Home Office,Caguas,PR,Puerto Rico
20487,Consumer,New York,NY,United States
20488,Consumer,Winnetka,CA,United States
20489,Consumer,Caguas,PR,Puerto Rico
20490,Consumer,Madison,WI,United States
20491,Home Office,Caguas,PR,Puerto Rico
20492,Home Office,El Paso,TX,United States
20493,Home Office,Modesto,CA,United States
20494,Home Office,Caguas,PR,Puerto Rico
20495,Consumer,Tucson,AZ,United States
20496,Home Office,Wyoming,MI,United States
20497,Corporate,Indio,CA,United States
20498,Home Office,La Mesa,CA,United States
20499,Home Office,Caguas,PR,Puerto Rico
20500,Home Office,Lawrence,MA,United States
20501,Home Office,Caguas,PR,Puerto Rico
20502,Home Office,Las Vegas,NV,United States
20503,Home Office,Caguas,PR,Puerto Rico
20504,Home Office,Hesperia,CA,United States
20505,Home Office,Philadelphia,PA,United States
20506,Corporate,Richmond,TX,United States
20507,Corporate,Caguas,PR,Puerto Rico
20508,Home Office,Bronx,NY,United States
20509,Home Office,Stockton,CA,United States
20510,Home Office,Caguas,PR,Puerto Rico
20511,Home Office,Tempe,AZ,United States
20512,Corporate,New Bedford,MA,United States
20513,Corporate,Caguas,PR,Puerto Rico
20514,Consumer,Saint Peters,MO,United States
20515,Consumer,Toms River,NJ,United States
20516,Consumer,New York,NY,United States
20517,Home Office,Jonesboro,AR,United States
20518,Home Office,Los Angeles,CA,United States
20519,Home Office,Caguas,PR,Puerto Rico
20520,Home Office,Cleveland,OH,United States
20521,Home Office,Bakersfield,CA,United States
20522,Home Office,Caguas,PR,Puerto Rico
20523,Consumer,Douglasville,GA,United States
20524,Corporate,Caguas,PR,Puerto Rico
20525,Corporate,Cleveland,OH,United States
20526,Consumer,Fresno,CA,United States
20527,Consumer,Saginaw,MI,United States
20528,Consumer,Caguas,PR,Puerto Rico
20529,Corporate,Garden Grove,CA,United States
20530,Consumer,Caguas,PR,Puerto Rico
20531,Corporate,Austin,TX,United States
20532,Home Office,San Jose,CA,United States
20533,Home Office,Caguas,PR,Puerto Rico
20534,Home Office,New Albany,IN,United States
20535,Home Office,Caguas,PR,Puerto Rico
20536,Consumer,Chicago,IL,United States
20537,Consumer,Richmond,IN,United States
20538,Consumer,Caguas,PR,Puerto Rico
20539,Consumer,Albuquerque,NM,United States
20540,Consumer,Pittsfield,MA,United States
20541,Home Office,Caguas,PR,Puerto Rico
20542,Consumer,Merced,CA,United States
20543,Consumer,Caguas,PR,Puerto Rico
20544,Consumer,New York,NY,United States
20545,Corporate,Fairfield,OH,United States
20546,Corporate,Caguas,PR,Puerto Rico
20547,Corporate,Richmond,IN,United States
20548,Corporate,Austin,TX,United States
20549,Home Office,Caguas,PR,Puerto Rico
20550,Consumer,Anaheim,CA,United States
20551,Consumer,Saint Paul,MN,United States
20552,Consumer,Freeport,NY,United States
20553,Corporate,Caguas,PR,Puerto Rico
20554,Consumer,Milpitas,CA,United States
20555,Corporate,Ann Arbor,MI,United States
20556,Consumer,Caguas,PR,Puerto Rico
20557,Consumer,Brooklyn,NY,United States
20558,Corporate,Laredo,TX,United States
20559,Corporate,Caguas,PR,Puerto Rico
20560,Corporate,Sacramento,CA,United States
20561,Consumer,Eagle Pass,TX,United States
20562,Home Office,Walnut,CA,United States
20563,Corporate,Caguas,PR,Puerto Rico
20564,Corporate,Silver Spring,MD,United States
20565,Consumer,Caguas,PR,Puerto Rico
20566,Consumer,Jamaica,NY,United States
20567,Consumer,Glenview,IL,United States
20568,Home Office,Caguas,PR,Puerto Rico
20569,Home Office,Jackson Heights,NY,United States
20570,Consumer,Metairie,LA,United States
20571,Consumer,Caguas,PR,Puerto Rico
20572,Consumer,Quincy,MA,United States
20573,Consumer,Newburgh,NY,United States
20574,Consumer,Ogden,UT,United States
20575,Consumer,Caguas,PR,Puerto Rico
20576,Consumer,Bronx,NY,United States
20577,Consumer,Caguas,PR,Puerto Rico
20578,Consumer,Ontario,CA,United States
20579,Corporate,Caguas,PR,Puerto Rico
20580,Consumer,Austin,TX,United States
20581,Home Office,Caguas,PR,Puerto Rico
20582,Home Office,Colorado Springs,CO,United States
20583,Home Office,Cypress,CA,United States
20584,Home Office,Caguas,PR,Puerto Rico
20585,Home Office,Miami,FL,United States
20586,Home Office,Merced,CA,United States
20587,Home Office,Milford,CT,United States
20588,Home Office,Miami,FL,United States
20589,Corporate,Caguas,PR,Puerto Rico
20590,Corporate,Highland,CA,United States
20591,Corporate,Caguas,PR,Puerto Rico
20592,Corporate,San Francisco,CA,United States
20593,Consumer,Los Angeles,CA,United States
20594,Consumer,Caguas,PR,Puerto Rico
20595,Consumer,Florissant,MO,United States
20596,Consumer,Caguas,PR,Puerto Rico
20597,Consumer,Huntington Station,NY,United States
20598,Home Office,San Antonio,TX,United States
20599,Consumer,Caguas,PR,Puerto Rico
20600,Corporate,Huntington Station,NY,United States
20601,Corporate,Washington,DC,United States
20602,Consumer,Hamtramck,MI,United States
20603,Consumer,Caguas,PR,Puerto Rico
20604,Consumer,Lakewood,NJ,United States
20605,Consumer,Caguas,PR,Puerto Rico
20606,Consumer,Chicago,IL,United States
20607,Consumer,Weslaco,TX,United States
20608,Home Office,Caguas,PR,Puerto Rico
20609,Consumer,Hayward,CA,United States
20610,Consumer,Caguas,PR,Puerto Rico
20611,Consumer,Jacksonville,FL,United States
20612,Consumer,Caguas,PR,Puerto Rico
20613,Consumer,Norcross,GA,United States
20614,Consumer,Caguas,PR,Puerto Rico
20615,Consumer,Dallas,TX,United States
20616,Consumer,Caguas,PR,Puerto Rico
20617,Corporate,San Jose,CA,United States
20618,Corporate,Caguas,PR,Puerto Rico
20619,Home Office,Littleton,CO,United States
20620,Home Office,Bristol,CT,United States
20621,Home Office,Stockbridge,GA,United States
20622,Home Office,Caguas,PR,Puerto Rico
20623,Consumer,Chicago,IL,United States
20624,Consumer,New Orleans,LA,United States
20625,Consumer,Caguas,PR,Puerto Rico
20626,Corporate,San Pedro,CA,United States
20627,Corporate,Washington,DC,United States
20628,Corporate,Fort Worth,TX,United States
20629,Corporate,Caguas,PR,Puerto Rico
20630,Home Office,Los Angeles,CA,United States
20631,Consumer,Richmond,KY,United States
20632,Consumer,Caguas,PR,Puerto Rico
20633,Corporate,Sacramento,CA,United States
20634,Home Office,Caguas,PR,Puerto Rico
20635,Home Office,Dorchester Center,MA,United States
20636,Consumer,Caguas,PR,Puerto Rico
20637,Consumer,Frankfort,KY,United States
20638,Consumer,Caguas,PR,Puerto Rico
20639,Consumer,Richardson,TX,United States
20640,Consumer,Caguas,PR,Puerto Rico
20641,Consumer,Raleigh,NC,United States
20642,Consumer,Caguas,PR,Puerto Rico
20643,Home Office,Tucson,AZ,United States
20644,Home Office,Caguas,PR,Puerto Rico
20645,Consumer,Pomona,CA,United States
20646,Consumer,Bloomfield,NJ,United States
20647,Consumer,Caguas,PR,Puerto Rico
20648,Corporate,Newark,DE,United States
20649,Corporate,Hagerstown,MD,United States
20650,Consumer,Columbia,TN,United States
20651,Consumer,Washington,DC,United States
20652,Corporate,Caguas,PR,Puerto Rico
20653,Corporate,Rowland Heights,CA,United States
20654,Consumer,Caguas,PR,Puerto Rico
20655,Corporate,Mentor,OH,United States
20656,Consumer,Caguas,PR,Puerto Rico
20657,Consumer,Wyandotte,MI,United States
20658,Home Office,Caguas,PR,Puerto Rico
20659,Home Office,Waipahu,HI,United States
20660,Home Office,Caguas,PR,Puerto Rico
20661,Corporate,Marrero,LA,United States
20662,Corporate,Caguas,PR,Puerto Rico
20663,Corporate,York,PA,United States
20664,Corporate,Saint Paul,MN,United States
20665,Corporate,Caguas,PR,Puerto Rico
20666,Home Office,El Paso,TX,United States
20667,Home Office,Caguas,PR,Puerto Rico
20668,Home Office,Warren,MI,United States
20669,Home Office,Caguas,PR,Puerto Rico
20670,Home Office,Paramount,CA,United States
20671,Corporate,North Richland Hills,TX,United States
20672,Consumer,Danbury,CT,United States
20673,Corporate,Caguas,PR,Puerto Rico
20674,Corporate,Pico Rivera,CA,United States
20675,Consumer,Caguas,PR,Puerto Rico
20676,Consumer,Granite City,IL,United States
20677,Home Office,Caguas,PR,Puerto Rico
20678,Consumer,New York,NY,United States
20679,Consumer,Chicago,IL,United States
20680,Consumer,Caguas,PR,Puerto Rico
20681,Corporate,San Diego,CA,United States
20682,Consumer,Caguas,PR,Puerto Rico
20683,Consumer,Saint Louis,MO,United States
20684,Consumer,Caguas,PR,Puerto Rico
20685,Corporate,Oxnard,CA,United States
20686,Consumer,San Jose,CA,United States
20687,Consumer,Caguas,PR,Puerto Rico
20688,Corporate,Ballwin,MO,United States
20689,Corporate,Holland,MI,United States
20690,Corporate,Mount Pleasant,MI,United States
20691,Corporate,Caguas,PR,Puerto Rico
20692,Corporate,Highland,CA,United States
20693,Corporate,Howell,MI,United States
20694,Corporate,Columbia,SC,United States
20695,Consumer,Caguas,PR,Puerto Rico
20696,Consumer,Brooklyn,NY,United States
20697,Consumer,Columbus,OH,United States
20698,Consumer,Caguas,PR,Puerto Rico
20699,Corporate,Brooklyn,NY,United States
20700,Consumer,Augusta,GA,United States
20701,Consumer,Caguas,PR,Puerto Rico
20702,Corporate,Clearfield,UT,United States
20703,Corporate,Caguas,PR,Puerto Rico
20704,Corporate,Bronx,NY,United States
20705,Corporate,Woodbridge,VA,United States
20706,Consumer,Caguas,PR,Puerto Rico
20707,Consumer,Greeley,CO,United States
20708,Consumer,Caguas,PR,Puerto Rico
20709,Consumer,Hilliard,OH,United States
20710,Consumer,Caguas,PR,Puerto Rico
20711,Corporate,Stone Mountain,GA,United States
20712,Consumer,Los Angeles,CA,United States
20713,Consumer,Caguas,PR,Puerto Rico
20714,Consumer,Winnetka,CA,United States
20715,Consumer,Caguas,PR,Puerto Rico
20716,Consumer,Elyria,OH,United States
20717,Consumer,Houston,TX,United States
20718,Consumer,Las Vegas,NV,United States
20719,Consumer,Caguas,PR,Puerto Rico
20720,Corporate,Edinburg,TX,United States
20721,Corporate,Oxnard,CA,United States
20722,Corporate,Morristown,NJ,United States
20723,Home Office,Caguas,PR,Puerto Rico
20724,Home Office,Waukegan,IL,United States
20725,Corporate,Caguas,PR,Puerto Rico
20726,Corporate,Memphis,TN,United States
20727,Corporate,Caguas,PR,Puerto Rico
20728,Corporate,Chula Vista,CA,United States
20729,Consumer,Far Rockaway,NY,United States
20730,Home Office,Hialeah,FL,United States
20731,Corporate,Broken Arrow,OK,United States
20732,Consumer,Wyandotte,MI,United States
20733,Corporate,Caguas,PR,Puerto Rico
20734,Consumer,Miami,FL,United States
20735,Home Office,Phoenix,AZ,United States
20736,Corporate,Caguas,PR,Puerto Rico
20737,Corporate,Saint Paul,MN,United States
20738,Home Office,Caguas,PR,Puerto Rico
20739,Home Office,Danbury,CT,United States
20740,Home Office,Caguas,PR,Puerto Rico
20741,Home Office,Detroit,MI,United States
20742,Home Office,Caguas,PR,Puerto Rico
20743,Consumer,Annandale,VA,United States
20744,Consumer,Washington,PA,United States
20745,Consumer,Caguas,PR,Puerto Rico
20746,Corporate,Riverside,CA,United States
20747,Consumer,Caguas,PR,Puerto Rico
20748,Home Office,Bronx,NY,United States
20749,Home Office,Houston,TX,United States
20750,Home Office,Caguas,PR,Puerto Rico
20751,Home Office,Philadelphia,PA,United States
20752,Consumer,Brooklyn,NY,United States
20753,Consumer,Caguas,PR,Puerto Rico
20754,Consumer,Plainfield,IL,United States
20755,Consumer,Caguas,PR,Puerto Rico
20756,Corporate,Berwyn,IL,United States
20757,Corporate,Miami,FL,United States
