LineID,OrderID,Date,ShipDate,CustomerKey,ProductKey,GeoKey,ModeKey,OutcomeKey,PromisedDays,ActualDays,DaysLate,IsLate,Quantity,UnitPrice,GrossSales,DiscountRate,Discount,NetSales,Profit
178397,75082,2018-01-01,2018-01-03,18635,1354,121,2,14,1,2,1,Yes,1,164.38,164.38,0.16,26.3,138.08,10.36
178398,75083,2018-01-01,2018-01-03,18636,1354,139,2,9,1,2,1,Yes,1,164.38,164.38,0.15,24.66,139.72,36.33
178399,75084,2018-01-01,2018-01-03,18637,1354,143,2,14,1,2,1,Yes,1,164.38,164.38,0.13,21.37,143.01,37.18
178400,75085,2018-01-01,2018-01-03,18638,1354,127,2,10,1,2,1,Yes,1,164.38,164.38,0.12,19.73,144.65,12.73
178401,75086,2018-01-01,2018-01-03,18639,1354,127,2,10,1,2,1,Yes,1,164.38,164.38,0.1,16.44,147.94,51.78
178402,75087,2018-01-01,2018-01-03,18640,1354,139,2,14,1,2,1,Yes,1,164.38,164.38,0.09,14.79,149.59,62.83
178403,75088,2018-01-01,2018-01-03,18641,1354,121,2,10,1,2,1,Yes,1,164.38,164.38,0.07,11.51,152.87,42.8
178404,75089,2018-01-01,2018-01-03,18642,1355,131,2,12,1,2,1,Yes,1,532.58,532.58,0.05,26.63,505.95,-113.84
178405,75090,2018-01-01,2018-01-07,18643,1355,139,3,14,2,6,4,Yes,1,532.58,532.58,0.04,21.3,511.28,-38.35
178406,75091,2018-01-01,2018-01-03,18644,1355,139,2,9,1,2,1,Yes,1,532.58,532.58,0.03,15.98,516.6,-189.59
178407,75092,2018-01-01,2018-01-03,18645,1355,127,2,12,1,2,1,Yes,1,532.58,532.58,0.02,10.65,521.93,-365.35
178408,75093,2018-01-01,2018-01-05,18646,1355,127,3,14,2,4,2,Yes,1,532.58,532.58,0.01,5.33,527.25,131.81
178409,75094,2018-01-01,2018-01-06,18647,1355,127,4,8,4,5,1,Yes,1,532.58,532.58,0.0,0.0,532.58,244.99
178410,75095,2018-01-01,2018-01-07,18648,1355,127,4,9,4,6,2,Yes,1,532.58,532.58,0.25,133.15,399.44,179.75
178411,75096,2018-01-01,2018-01-03,18649,1355,127,4,1,4,2,-2,No,1,532.58,532.58,0.2,106.52,426.06,119.3
178412,75097,2018-01-01,2018-01-04,18650,1355,143,3,9,2,3,1,Yes,1,532.58,532.58,0.18,95.86,436.72,209.62
178413,75098,2018-01-01,2018-01-05,18651,1355,127,3,14,2,4,2,Yes,1,532.58,532.58,0.17,90.54,442.04,38.9
178414,75099,2018-01-01,2018-01-06,18652,1355,127,3,9,2,5,3,Yes,1,532.58,532.58,0.16,85.21,447.37,145.39
178415,75100,2018-01-01,2018-01-07,18653,1355,127,3,9,2,6,4,Yes,1,532.58,532.58,0.15,79.89,452.69,212.77
178416,75101,2018-01-01,2018-01-03,18654,1355,127,3,21,2,2,0,No,1,532.58,532.58,0.13,69.24,463.34,217.77
178417,75102,2018-01-01,2018-01-03,18655,1355,127,2,9,1,2,1,Yes,1,532.58,532.58,0.12,63.91,468.67,164.03
178418,75103,2018-01-01,2018-01-05,18656,1355,127,3,12,2,4,2,Yes,1,532.58,532.58,0.1,53.26,479.32,167.76
178419,75104,2018-01-01,2018-01-06,18657,1355,127,4,9,4,5,1,Yes,1,532.58,532.58,0.09,47.93,484.65,163.81
178420,75105,2018-01-01,2018-01-07,18658,1355,139,4,13,4,6,2,Yes,1,532.58,532.58,0.07,37.28,495.3,222.88
178421,75106,2018-01-01,2018-01-03,18659,1355,121,4,2,4,2,-2,No,1,532.58,532.58,0.06,29.29,503.29,95.62
178422,75107,2018-01-01,2018-01-04,18660,1355,121,4,3,4,3,-1,No,1,532.58,532.58,0.05,26.63,505.95,-44.52
178423,75108,2018-01-01,2018-01-05,18661,1355,127,4,18,4,4,0,No,1,532.58,532.58,0.04,21.3,511.28,63.91
178424,75109,2018-01-01,2018-01-06,18662,1355,139,4,9,4,5,1,Yes,1,532.58,532.58,0.03,15.98,516.6,-154.98
178425,75110,2018-01-01,2018-01-07,18663,1355,121,4,14,4,6,2,Yes,1,532.58,532.58,0.02,10.65,521.93,-234.87
178426,75111,2018-01-01,2018-01-03,18664,1355,143,4,5,4,2,-2,No,1,532.58,532.58,0.01,5.33,527.25,46.4
178427,75112,2018-01-01,2018-01-04,18665,1355,143,4,1,4,3,-1,No,1,532.58,532.58,0.0,0.0,532.58,154.45
178428,75113,2018-01-01,2018-01-05,18666,1355,121,4,15,4,4,0,No,1,532.58,532.58,0.25,133.15,399.44,103.85
178429,75114,2018-01-01,2018-01-06,18667,1355,121,4,9,4,5,1,Yes,1,532.58,532.58,0.2,106.52,426.06,154.66
178430,75115,2018-01-01,2018-01-07,18668,1355,121,4,12,4,6,2,Yes,1,532.58,532.58,0.18,95.86,436.72,141.93
178431,75116,2018-01-01,2018-01-03,18669,1355,145,4,2,4,2,-2,No,1,532.58,532.58,0.17,90.54,442.04,143.66
178432,75117,2018-01-01,2018-01-04,18670,1355,145,4,5,4,3,-1,No,1,532.58,532.58,0.16,85.21,447.37,140.03
178433,75118,2018-01-01,2018-01-05,18671,1355,143,4,23,4,4,0,No,1,532.58,532.58,0.15,79.89,452.69,203.71
178434,75119,2018-01-01,2018-01-06,18672,1355,143,4,9,4,5,1,Yes,1,532.58,532.58,0.13,69.24,463.34,18.53
178435,75120,2018-01-01,2018-01-07,18673,1355,143,4,13,4,6,2,Yes,1,532.58,532.58,0.12,63.91,468.67,29.53
178436,75121,2018-01-01,2018-01-03,18674,1355,133,4,6,4,2,-2,No,1,532.58,532.58,0.1,53.26,479.32,-30.2
178437,75122,2018-01-01,2018-01-04,18675,1355,133,4,3,4,3,-1,No,1,532.58,532.58,0.09,47.93,484.65,60.58
178438,75123,2018-01-01,2018-01-03,18676,1355,127,2,8,1,2,1,Yes,1,532.58,532.58,0.07,37.28,495.3,104.01
178439,75124,2018-01-01,2018-01-03,18677,1355,133,2,9,1,2,1,Yes,1,532.58,532.58,0.06,29.29,503.29,31.71
178440,75125,2018-01-01,2018-01-03,18678,1355,133,2,8,1,2,1,Yes,1,532.58,532.58,0.05,26.63,505.95,-107.77
178441,75126,2018-01-01,2018-01-03,18679,1355,133,2,13,1,2,1,Yes,1,532.58,532.58,0.04,21.3,511.28,127.82
178442,75127,2018-01-01,2018-01-03,18680,1355,133,2,12,1,2,1,Yes,1,532.58,532.58,0.03,15.98,516.6,51.66
178443,75128,2018-01-01,2018-01-05,18681,1355,133,3,14,2,4,2,Yes,1,532.58,532.58,0.02,10.65,521.93,65.24
178444,75129,2018-01-01,2018-01-03,18682,1355,133,2,9,1,2,1,Yes,1,532.58,532.58,0.01,5.33,527.25,216.17
178445,75130,2018-01-01,2018-01-03,18683,1355,133,2,12,1,2,1,Yes,1,532.58,532.58,0.0,0.0,532.58,53.26
178446,75131,2018-01-01,2018-01-03,18684,1355,133,3,18,2,2,0,No,1,532.58,532.58,0.25,133.15,399.44,29.96
178447,75132,2018-01-01,2018-01-04,18685,1355,133,4,6,4,3,-1,No,1,532.58,532.58,0.2,106.52,426.06,106.52
178448,75133,2018-01-01,2018-01-05,18686,1355,133,4,18,4,4,0,No,1,532.58,532.58,0.18,95.86,436.72,179.05
178449,75134,2018-01-01,2018-01-06,18687,1355,133,4,9,4,5,1,Yes,1,532.58,532.58,0.17,90.54,442.04,128.19
178450,75135,2018-01-01,2018-01-07,18688,1355,121,4,13,4,6,2,Yes,1,532.58,532.58,0.16,85.21,447.37,-343.13
178451,75136,2018-01-01,2018-01-02,18689,1355,121,1,13,0,1,1,Yes,1,532.58,532.58,0.15,79.89,452.69,90.54
178452,75137,2018-01-01,2018-01-03,18690,1355,144,2,13,1,2,1,Yes,1,532.58,532.58,0.13,69.24,463.34,148.27
178453,75138,2018-01-01,2018-01-05,18691,1355,144,3,13,2,4,2,Yes,1,532.58,532.58,0.12,63.91,468.67,131.23
178454,75139,2018-01-01,2018-01-06,18692,1355,144,3,10,2,5,3,Yes,1,532.58,532.58,0.1,53.26,479.32,158.18
178455,75140,2018-01-01,2018-01-07,18693,1355,129,3,13,2,6,4,Yes,1,532.58,532.58,0.09,47.93,484.65,208.4
178456,75141,2018-01-01,2018-01-03,18694,1355,129,3,23,2,2,0,No,1,532.58,532.58,0.07,37.28,495.3,138.68
178457,75142,2018-01-01,2018-01-04,18695,1355,129,3,8,2,3,1,Yes,1,532.58,532.58,0.06,29.29,503.29,130.85
178458,75143,2018-01-01,2018-01-05,18696,1355,129,3,13,2,4,2,Yes,1,532.58,532.58,0.05,26.63,505.95,237.8
178459,75144,2018-01-01,2018-01-06,18697,1355,121,3,9,2,5,3,Yes,1,532.58,532.58,0.04,21.3,511.28,132.93
178460,75145,2018-01-01,2018-01-07,18698,1355,121,3,9,2,6,4,Yes,1,532.58,532.58,0.03,15.98,516.6,129.15
178461,75146,2018-01-01,2018-01-03,18699,1355,121,3,18,2,2,0,No,1,532.58,532.58,0.02,10.65,521.93,41.75
178462,75147,2018-01-01,2018-01-04,18700,1355,121,3,15,2,3,1,No,1,532.58,532.58,0.01,5.33,527.25,147.63
178463,75148,2018-01-01,2018-01-05,18701,1355,146,3,12,2,4,2,Yes,1,532.58,532.58,0.0,0.0,532.58,207.71
178464,75149,2018-01-01,2018-01-06,18702,1355,146,3,9,2,5,3,Yes,1,532.58,532.58,0.25,133.15,399.44,131.81
178465,75150,2018-01-02,2018-01-08,18703,1355,133,3,13,2,6,4,Yes,1,532.58,532.58,0.2,106.52,426.06,16.19
178466,75151,2018-01-02,2018-01-04,18704,1355,143,4,6,4,2,-2,No,1,532.58,532.58,0.18,95.86,436.72,158.53
178467,75152,2018-01-02,2018-01-05,18705,1355,127,4,2,4,3,-1,No,1,532.58,532.58,0.17,90.54,442.04,-49.95
178468,75153,2018-01-02,2018-01-04,18706,1355,127,2,9,1,2,1,Yes,1,532.58,532.58,0.16,85.21,447.37,116.32
178469,75154,2018-01-02,2018-01-04,18707,1355,127,2,9,1,2,1,Yes,1,532.58,532.58,0.15,79.89,452.69,226.35
178470,75155,2018-01-02,2018-01-04,18708,1355,127,2,13,1,2,1,Yes,1,532.58,532.58,0.13,69.24,463.34,203.87
178471,75156,2018-01-02,2018-01-04,18709,1355,123,4,15,4,2,-2,No,1,532.58,532.58,0.12,63.91,468.67,158.41
178472,75157,2018-01-02,2018-01-05,18710,1355,123,4,5,4,3,-1,No,1,532.58,532.58,0.1,53.26,479.32,234.87
178473,75158,2018-01-02,2018-01-06,18711,1355,127,4,17,4,4,0,No,1,532.58,532.58,0.09,47.93,484.65,237.48
178474,75159,2018-01-02,2018-01-07,18712,1355,127,4,9,4,5,1,Yes,1,532.58,532.58,0.07,37.28,495.3,227.84
178475,75160,2018-01-02,2018-01-08,18713,1355,133,4,9,4,6,2,Yes,1,532.58,532.58,0.06,29.29,503.29,135.89
178476,75161,2018-01-02,2018-01-04,18714,1355,133,4,2,4,2,-2,No,1,532.58,532.58,0.05,26.63,505.95,-337.47
178477,75162,2018-01-02,2018-01-05,18715,1355,133,4,1,4,3,-1,No,1,532.58,532.58,0.04,21.3,511.28,71.58
178478,75163,2018-01-02,2018-01-06,18716,1355,133,4,18,4,4,0,No,1,532.58,532.58,0.03,15.98,516.6,139.48
178479,75164,2018-01-02,2018-01-07,18717,1355,133,4,9,4,5,1,Yes,1,532.58,532.58,0.02,10.65,521.93,250.53
178480,75165,2018-01-02,2018-01-08,18718,1355,133,4,14,4,6,2,Yes,1,532.58,532.58,0.01,5.33,527.25,-284.72
178481,75166,2018-01-02,2018-01-04,18719,1355,146,4,2,4,2,-2,No,1,532.58,532.58,0.0,0.0,532.58,53.26
178482,75167,2018-01-02,2018-01-05,18720,1355,146,3,9,2,3,1,Yes,1,532.58,532.58,0.25,133.15,399.44,115.84
178483,75168,2018-01-02,2018-01-06,18721,1355,127,4,22,4,4,0,No,1,532.58,532.58,0.2,106.52,426.06,37.49
178484,75169,2018-01-02,2018-01-07,18722,1355,137,4,9,4,5,1,Yes,1,532.58,532.58,0.18,95.86,436.72,213.99
178485,75170,2018-01-02,2018-01-08,18723,1355,133,4,13,4,6,2,Yes,1,532.58,532.58,0.17,90.54,442.04,-729.37
178486,75171,2018-01-02,2018-01-04,18724,1355,133,4,6,4,2,-2,No,1,532.58,532.58,0.16,85.21,447.37,5.37
178487,75172,2018-01-02,2018-01-05,18725,1355,133,4,1,4,3,-1,No,1,532.58,532.58,0.15,79.89,452.69,95.07
178488,75173,2018-01-02,2018-01-02,18726,1355,127,1,22,0,0,0,No,1,532.58,532.58,0.13,69.24,463.34,-75.53
178489,75174,2018-01-02,2018-01-07,18727,1355,127,4,8,4,5,1,Yes,1,532.58,532.58,0.12,63.91,468.67,234.34
178490,75175,2018-01-02,2018-01-08,18728,1355,127,4,10,4,6,2,Yes,1,532.58,532.58,0.1,53.26,479.32,167.76
178491,75176,2018-01-02,2018-01-04,18729,1355,143,4,1,4,2,-2,No,1,532.58,532.58,0.09,47.93,484.65,-18.42
178492,75177,2018-01-02,2018-01-05,18730,1355,143,4,2,4,3,-1,No,1,532.58,532.58,0.07,37.28,495.3,138.68
178493,75178,2018-01-02,2018-01-06,18731,1355,139,4,22,4,4,0,No,1,532.58,532.58,0.06,29.29,503.29,170.11
178494,75179,2018-01-02,2018-01-07,18732,1355,139,4,13,4,5,1,Yes,1,532.58,532.58,0.05,26.63,505.95,164.43
178495,75180,2018-01-02,2018-01-08,18733,1355,139,4,14,4,6,2,Yes,1,532.58,532.58,0.04,21.3,511.28,63.91
178496,75181,2018-01-02,2018-01-04,18734,1355,125,4,15,4,2,-2,No,1,532.58,532.58,0.03,15.98,516.6,-344.57
178497,75182,2018-01-02,2018-01-05,18735,1355,125,4,5,4,3,-1,No,1,532.58,532.58,0.02,10.65,521.93,-111.17
178498,75183,2018-01-02,2018-01-06,18736,1355,125,4,18,4,4,0,No,1,532.58,532.58,0.01,5.33,527.25,68.54
178499,75184,2018-01-02,2018-01-07,18737,1355,125,4,9,4,5,1,Yes,1,532.58,532.58,0.0,0.0,532.58,53.26
178500,75185,2018-01-02,2018-01-08,18738,1356,127,4,9,4,6,2,Yes,1,293.04,293.04,0.0,0.0,293.04,58.61
178501,75186,2018-01-02,2018-01-04,18739,1356,127,4,5,4,2,-2,No,1,293.04,293.04,0.25,73.26,219.78,-153.85
178502,75187,2018-01-02,2018-01-05,18740,1356,146,4,2,4,3,-1,No,1,293.04,293.04,0.2,58.61,234.43,29.3
178503,75188,2018-01-02,2018-01-06,18741,1356,139,4,22,4,4,0,No,1,293.04,293.04,0.18,52.75,240.29,-160.28
178504,75189,2018-01-02,2018-01-07,18742,1356,139,4,9,4,5,1,Yes,1,293.04,293.04,0.17,49.82,243.22,79.05
178505,75190,2018-01-02,2018-01-08,18743,1356,139,4,9,4,6,2,Yes,1,293.04,293.04,0.16,46.89,246.15,80.0
178506,75191,2018-01-02,2018-01-04,18744,1356,139,4,2,4,2,-2,No,1,293.04,293.04,0.15,43.96,249.08,-18.68
178507,75192,2018-01-02,2018-01-05,18745,1356,127,4,5,4,3,-1,No,1,293.04,293.04,0.13,38.1,254.94,-63.74
178508,75193,2018-01-02,2018-01-06,18746,1356,127,4,16,4,4,0,No,1,293.04,293.04,0.12,35.16,257.88,82.52
178509,75194,2018-01-02,2018-01-07,18747,1356,127,4,9,4,5,1,Yes,1,293.04,293.04,0.1,29.3,263.74,89.67
178510,75195,2018-01-02,2018-01-08,18748,1356,133,4,9,4,6,2,Yes,1,293.04,293.04,0.09,26.37,266.67,128.0
178511,75196,2018-01-02,2018-01-04,18749,1356,127,4,2,4,2,-2,No,1,293.04,293.04,0.07,20.51,272.53,13.63
178512,75197,2018-01-02,2018-01-05,18750,1356,143,4,6,4,3,-1,No,1,293.04,293.04,0.06,16.12,276.92,77.54
178513,75198,2018-01-02,2018-01-06,18751,1356,139,4,17,4,4,0,No,1,293.04,293.04,0.05,14.65,278.39,130.84
178514,75199,2018-01-02,2018-01-07,18752,1356,127,4,9,4,5,1,Yes,1,293.04,293.04,0.04,11.72,281.32,53.45
178515,75200,2018-01-02,2018-01-08,18753,1356,127,4,9,4,6,2,Yes,1,293.04,293.04,0.03,8.79,284.25,85.27
178516,75201,2018-01-02,2018-01-04,18754,1356,127,4,2,4,2,-2,No,1,293.04,293.04,0.02,5.86,287.18,-28.72
178517,75202,2018-01-02,2018-01-04,18755,1356,131,2,9,1,2,1,Yes,1,293.04,293.04,0.01,2.93,290.11,-464.18
178518,75203,2018-01-02,2018-01-04,18756,1356,144,2,9,1,2,1,Yes,1,293.04,293.04,0.0,0.0,293.04,84.98
178519,75204,2018-01-02,2018-01-04,18757,1356,125,2,9,1,2,1,Yes,1,293.04,293.04,0.25,73.26,219.78,74.29
178520,75205,2018-01-02,2018-01-08,18758,1356,125,4,9,4,6,2,Yes,1,293.04,293.04,0.2,58.61,234.43,-112.53
178521,75206,2018-01-02,2018-01-04,18759,1356,125,4,1,4,2,-2,No,1,293.04,293.04,0.18,52.75,240.29,-192.23
178522,75207,2018-01-02,2018-01-05,18760,1356,136,4,5,4,3,-1,No,1,293.04,293.04,0.17,49.82,243.22,-178.28
178523,75208,2018-01-02,2018-01-06,18761,1356,133,4,22,4,4,0,No,1,293.04,293.04,0.16,46.89,246.15,113.23
178524,75209,2018-01-02,2018-01-07,18762,1356,121,4,8,4,5,1,Yes,1,293.04,293.04,0.15,43.96,249.08,97.14
178525,75210,2018-01-02,2018-01-04,18763,1356,121,2,9,1,2,1,Yes,1,293.04,293.04,0.13,38.1,254.94,114.73
178526,75211,2018-01-02,2018-01-04,18764,1356,121,2,16,1,2,1,No,1,293.04,293.04,0.12,35.16,257.88,33.52
178527,75212,2018-01-02,2018-01-05,18765,1356,139,3,14,2,3,1,Yes,1,293.04,293.04,0.1,29.3,263.74,92.31
178528,75213,2018-01-02,2018-01-06,18766,1356,139,3,12,2,4,2,Yes,1,293.04,293.04,0.09,26.37,266.67,86.67
178529,75214,2018-01-02,2018-01-07,18767,1356,139,3,9,2,5,3,Yes,1,293.04,293.04,0.07,20.51,272.53,95.38
178530,75215,2018-01-02,2018-01-04,18768,1356,127,2,13,1,2,1,Yes,1,293.04,293.04,0.06,16.12,276.92,66.46
178531,75216,2018-01-02,2018-01-04,18769,1356,127,3,18,2,2,0,No,1,293.04,293.04,0.05,14.65,278.39,72.38
178532,75217,2018-01-02,2018-01-05,18770,1356,127,3,12,2,3,1,Yes,1,293.04,293.04,0.04,11.72,281.32,73.99
178533,75218,2018-01-02,2018-01-06,18771,1356,127,3,12,2,4,2,Yes,1,293.04,293.04,0.03,8.79,284.25,60.54
178534,75219,2018-01-03,2018-01-08,18772,1356,121,3,9,2,5,3,Yes,1,293.04,293.04,0.02,5.86,287.18,-229.74
178535,75220,2018-01-03,2018-01-09,18773,1356,121,4,14,4,6,2,Yes,1,293.04,293.04,0.01,2.93,290.11,-29.01
178536,75221,2018-01-03,2018-01-05,18774,1356,121,4,1,4,2,-2,No,1,293.04,293.04,0.0,0.0,293.04,84.98
178537,75222,2018-01-03,2018-01-06,18775,1356,121,4,6,4,3,-1,No,1,293.04,293.04,0.25,73.26,219.78,63.74
178538,75223,2018-01-03,2018-01-07,18776,1356,143,3,13,2,4,2,Yes,1,293.04,293.04,0.2,58.61,234.43,-76.19
178539,75224,2018-01-03,2018-01-08,18777,1356,144,4,10,4,5,1,Yes,1,293.04,293.04,0.18,52.75,240.29,78.1
178540,75225,2018-01-03,2018-01-09,18778,1356,144,4,12,4,6,2,Yes,1,293.04,293.04,0.17,49.82,243.22,30.4
178541,75226,2018-01-03,2018-01-05,18779,1356,144,4,6,4,2,-2,No,1,293.04,293.04,0.16,46.89,246.15,27.82
178542,75227,2018-01-03,2018-01-06,18780,1356,139,4,6,4,3,-1,No,1,293.04,293.04,0.15,43.96,249.08,21.92
178543,75228,2018-01-03,2018-01-07,18781,1356,141,4,21,4,4,0,No,1,293.04,293.04,0.13,38.1,254.94,-186.87
178544,75229,2018-01-03,2018-01-08,18782,1356,141,4,10,4,5,1,Yes,1,293.04,293.04,0.12,35.16,257.88,87.16
178545,75230,2018-01-03,2018-01-09,18783,1356,127,4,14,4,6,2,Yes,1,293.04,293.04,0.1,29.3,263.74,118.68
178546,75231,2018-01-03,2018-01-05,18784,1356,127,4,7,4,2,-2,No,1,293.04,293.04,0.09,26.37,266.67,-66.67
178547,75232,2018-01-03,2018-01-06,18785,1356,136,3,14,2,3,1,Yes,1,293.04,293.04,0.07,20.51,272.53,128.09
178548,75233,2018-01-03,2018-01-07,18786,1356,136,3,8,2,4,2,Yes,1,293.04,293.04,0.06,16.12,276.92,80.31
178549,75234,2018-01-03,2018-01-08,18787,1356,136,3,12,2,5,3,Yes,1,293.04,293.04,0.05,14.65,278.39,77.95
178550,75235,2018-01-03,2018-01-09,18788,1356,127,3,9,2,6,4,Yes,1,293.04,293.04,0.04,11.72,281.32,137.85
178551,75236,2018-01-03,2018-01-05,18789,1356,127,2,9,1,2,1,Yes,1,293.04,293.04,0.03,8.79,284.25,136.44
178552,75237,2018-01-03,2018-01-06,18790,1356,133,3,8,2,3,1,Yes,1,293.04,293.04,0.02,5.86,287.18,137.85
178553,75238,2018-01-03,2018-01-05,18791,1356,133,2,10,1,2,1,Yes,1,293.04,293.04,0.01,2.93,290.11,2.9
178554,75239,2018-01-03,2018-01-05,18792,1356,121,2,14,1,2,1,Yes,1,293.04,293.04,0.0,0.0,293.04,14.65
178555,75240,2018-01-03,2018-01-09,18793,1356,121,4,12,4,6,2,Yes,1,293.04,293.04,0.25,73.26,219.78,105.49
178556,75241,2018-01-03,2018-01-05,18794,1356,130,4,6,4,2,-2,No,1,293.04,293.04,0.2,58.61,234.43,63.3
178557,75242,2018-01-03,2018-01-06,18795,1356,133,4,2,4,3,-1,No,1,293.04,293.04,0.18,52.75,240.29,62.48
178558,75243,2018-01-03,2018-01-07,18796,1356,121,4,18,4,4,0,No,1,293.04,293.04,0.17,49.82,243.22,-178.28
178559,75244,2018-01-03,2018-01-08,18797,1356,123,4,13,4,5,1,Yes,1,293.04,293.04,0.16,46.89,246.15,-21.66
178560,75245,2018-01-03,2018-01-09,18798,1356,146,4,9,4,6,2,Yes,1,293.04,293.04,0.15,43.96,249.08,74.73
178561,75246,2018-01-03,2018-01-05,18799,1356,121,4,1,4,2,-2,No,1,293.04,293.04,0.13,38.1,254.94,107.08
178562,75247,2018-01-03,2018-01-06,18800,1356,139,4,2,4,3,-1,No,1,293.04,293.04,0.12,35.16,257.88,121.2
178563,75248,2018-01-03,2018-01-07,18801,1356,139,4,18,4,4,0,No,1,293.04,293.04,0.1,29.3,263.74,92.31
178564,75249,2018-01-03,2018-01-08,18802,1356,121,4,9,4,5,1,Yes,1,293.04,293.04,0.09,26.37,266.67,128.0
178565,75250,2018-01-03,2018-01-09,18803,1356,121,4,9,4,6,2,Yes,1,293.04,293.04,0.07,20.51,272.53,81.76
178566,75251,2018-01-03,2018-01-05,18804,1356,121,4,5,4,2,-2,No,1,293.04,293.04,0.06,16.12,276.92,27.69
178567,75252,2018-01-03,2018-01-03,18805,1356,121,1,23,0,0,0,No,1,293.04,293.04,0.05,14.65,278.39,111.36
178568,75253,2018-01-03,2018-01-04,18806,1356,121,1,14,0,1,1,Yes,1,293.04,293.04,0.04,11.72,281.32,75.96
178569,75254,2018-01-03,2018-01-04,18807,1356,125,1,9,0,1,1,Yes,1,293.04,293.04,0.03,8.79,284.25,133.6
178570,75255,2018-01-03,2018-01-05,18808,1356,125,2,10,1,2,1,Yes,1,293.04,293.04,0.02,5.86,287.18,123.49
178571,75256,2018-01-03,2018-01-05,18809,1356,125,2,9,1,2,1,Yes,1,293.04,293.04,0.01,2.93,290.11,21.76
178572,75257,2018-01-03,2018-01-06,18810,1356,121,3,9,2,3,1,Yes,1,293.04,293.04,0.0,0.0,293.04,105.49
178573,75258,2018-01-03,2018-01-07,18811,1356,121,3,14,2,4,2,Yes,1,293.04,293.04,0.25,73.26,219.78,43.96
178574,75259,2018-01-03,2018-01-05,18812,1356,139,2,8,1,2,1,Yes,1,293.04,293.04,0.2,58.61,234.43,-89.79
178575,75260,2018-01-03,2018-01-05,18813,1356,139,2,13,1,2,1,Yes,1,293.04,293.04,0.18,52.75,240.29,29.32
178576,75261,2018-01-03,2018-01-05,18814,1356,133,4,7,4,2,-2,No,1,293.04,293.04,0.17,49.82,243.22,75.4
178577,75262,2018-01-03,2018-01-06,18815,1356,133,4,2,4,3,-1,No,1,293.04,293.04,0.16,46.89,246.15,21.66
178578,75263,2018-01-03,2018-01-07,18816,1356,133,4,22,4,4,0,No,1,293.04,293.04,0.15,43.96,249.08,-169.38
178579,75264,2018-01-03,2018-01-08,18817,1356,133,4,10,4,5,1,Yes,1,293.04,293.04,0.13,38.1,254.94,54.3
178580,75265,2018-01-03,2018-01-09,18818,1356,127,4,9,4,6,2,Yes,1,293.04,293.04,0.12,35.16,257.88,-45.13
178581,75266,2018-01-03,2018-01-05,18819,1356,127,3,22,2,2,0,No,1,293.04,293.04,0.1,29.3,263.74,-377.93
178582,75267,2018-01-03,2018-01-06,18820,1356,133,3,14,2,3,1,Yes,1,293.04,293.04,0.09,26.37,266.67,60.0
178583,75268,2018-01-03,2018-01-07,18821,1356,133,4,23,4,4,0,No,1,293.04,293.04,0.07,20.51,272.53,125.36
178584,75269,2018-01-03,2018-01-08,18822,1356,133,4,14,4,5,1,Yes,1,293.04,293.04,0.06,16.12,276.92,93.6
178585,75270,2018-01-03,2018-01-09,18823,1356,133,4,9,4,6,2,Yes,1,293.04,293.04,0.05,14.65,278.39,-10.58
178586,75271,2018-01-03,2018-01-05,18824,1356,133,4,5,4,2,-2,No,1,293.04,293.04,0.04,11.72,281.32,10.69
178587,75272,2018-01-03,2018-01-06,18825,1356,139,4,5,4,3,-1,No,1,293.04,293.04,0.03,8.79,284.25,73.9
178588,75273,2018-01-03,2018-01-07,18826,1356,139,4,22,4,4,0,No,1,293.04,293.04,0.02,5.86,287.18,80.41
178589,75274,2018-01-03,2018-01-08,18827,1356,139,4,13,4,5,1,Yes,1,293.04,293.04,0.01,2.93,290.11,81.23
178590,75275,2018-01-03,2018-01-09,18828,1356,139,4,13,4,6,2,Yes,1,293.04,293.04,0.0,0.0,293.04,61.54
178591,75276,2018-01-03,2018-01-05,18829,1356,139,4,1,4,2,-2,No,1,293.04,293.04,0.25,73.26,219.78,21.98
178592,75277,2018-01-03,2018-01-06,18830,1356,139,3,9,2,3,1,Yes,1,293.04,293.04,0.2,58.61,234.43,28.13
178593,75278,2018-01-03,2018-01-07,18831,1356,136,3,16,2,4,2,No,1,293.04,293.04,0.18,52.75,240.29,67.28
178594,75279,2018-01-03,2018-01-05,18832,1356,127,2,9,1,2,1,Yes,1,293.04,293.04,0.17,49.82,243.22,45.73
178595,75280,2018-01-03,2018-01-05,18833,1356,127,2,12,1,2,1,Yes,1,293.04,293.04,0.16,46.89,246.15,89.35
178596,75281,2018-01-03,2018-01-05,18834,1356,145,2,9,1,2,1,Yes,1,293.04,293.04,0.15,43.96,249.08,3.24
178597,75282,2018-01-03,2018-01-06,18835,1356,139,4,5,4,3,-1,No,1,293.04,293.04,0.13,38.1,254.94,-3.57
178598,75283,2018-01-03,2018-01-07,18836,1356,127,4,22,4,4,0,No,1,293.04,293.04,0.12,35.16,257.88,126.36
178599,75284,2018-01-03,2018-01-08,18837,1356,127,4,9,4,5,1,Yes,1,293.04,293.04,0.1,29.3,263.74,82.55
178600,75285,2018-01-03,2018-01-09,18838,1356,127,4,16,4,6,2,No,1,293.04,293.04,0.09,26.37,266.67,93.33
178601,75286,2018-01-03,2018-01-05,18839,1356,127,4,2,4,2,-2,No,1,293.04,293.04,0.07,20.51,272.53,125.36
178602,75287,2018-01-04,2018-01-07,18840,1356,127,4,2,4,3,-1,No,1,293.04,293.04,0.06,16.12,276.92,100.52
178603,75288,2018-01-04,2018-01-08,18841,1356,127,4,19,4,4,0,No,1,293.04,293.04,0.05,14.65,278.39,104.4
178604,75289,2018-01-04,2018-01-09,18842,1356,127,4,8,4,5,1,Yes,1,293.04,293.04,0.04,11.72,281.32,98.46
178605,75290,2018-01-04,2018-01-04,18843,1356,127,1,17,0,0,0,No,1,293.04,293.04,0.03,8.79,284.25,99.49
178606,75291,2018-01-04,2018-01-04,18844,1356,127,1,23,0,0,0,No,1,293.04,293.04,0.02,5.86,287.18,22.97
178607,75292,2018-01-04,2018-01-04,18845,1356,133,1,22,0,0,0,No,1,293.04,293.04,0.01,2.93,290.11,98.64
178608,75293,2018-01-04,2018-01-04,18846,1356,136,1,17,0,0,0,No,1,293.04,293.04,0.0,0.0,293.04,82.05
178609,75294,2018-01-04,2018-01-04,18847,1356,136,1,18,0,0,0,No,1,293.04,293.04,0.25,73.26,219.78,76.92
178610,75295,2018-01-04,2018-01-06,18848,1356,127,2,10,1,2,1,Yes,1,293.04,293.04,0.2,58.61,234.43,67.99
178611,75296,2018-01-04,2018-01-06,18849,1356,127,4,2,4,2,-2,No,1,293.04,293.04,0.18,52.75,240.29,62.48
178612,75297,2018-01-04,2018-01-07,18850,1356,127,3,12,2,3,1,Yes,1,293.04,293.04,0.17,49.82,243.22,-178.28
178613,75298,2018-01-04,2018-01-06,18851,1356,133,2,16,1,2,1,No,1,293.04,293.04,0.16,46.89,246.15,-172.31
178614,75299,2018-01-04,2018-01-06,18852,1356,133,2,9,1,2,1,Yes,1,293.04,293.04,0.15,43.96,249.08,84.19
178615,75300,2018-01-04,2018-01-06,18853,1356,127,2,14,1,2,1,Yes,1,293.04,293.04,0.13,38.1,254.94,66.29
178616,75301,2018-01-04,2018-01-06,18854,1356,127,2,9,1,2,1,Yes,1,293.04,293.04,0.12,35.16,257.88,0.0
178617,75302,2018-01-04,2018-01-06,18855,1356,127,2,9,1,2,1,Yes,1,293.04,293.04,0.1,29.3,263.74,-395.6
178618,75303,2018-01-04,2018-01-06,18856,1356,139,2,14,1,2,1,Yes,1,293.04,293.04,0.09,26.37,266.67,26.67
178619,75304,2018-01-04,2018-01-09,18857,1356,139,4,9,4,5,1,Yes,1,293.04,293.04,0.07,20.51,272.53,92.11
178620,75305,2018-01-04,2018-01-10,18858,1356,139,4,9,4,6,2,Yes,1,293.04,293.04,0.06,16.12,276.92,20.77
178621,75306,2018-01-04,2018-01-06,18859,1356,133,4,2,4,2,-2,No,1,293.04,293.04,0.05,14.65,278.39,97.44
178622,75307,2018-01-04,2018-01-04,18860,1356,127,1,23,0,0,0,No,1,293.04,293.04,0.04,11.72,281.32,-63.3
178623,75308,2018-01-04,2018-01-04,18861,1357,139,1,16,0,0,0,No,1,210.85,210.85,0.0,0.0,210.85,15.81
178624,75309,2018-01-04,2018-01-04,18862,1357,139,1,18,0,0,0,No,1,210.85,210.85,0.25,52.71,158.14,11.86
178625,75310,2018-01-04,2018-01-04,18863,1357,125,1,22,0,0,0,No,1,210.85,210.85,0.2,42.17,168.68,59.04
178626,75311,2018-01-04,2018-01-04,18864,1357,125,1,18,0,0,0,No,1,210.85,210.85,0.18,37.95,172.9,60.51
178627,75312,2018-01-04,2018-01-04,18865,1357,125,1,23,0,0,0,No,1,210.85,210.85,0.17,35.84,175.01,78.75
178628,75313,2018-01-04,2018-01-06,18866,1357,127,2,13,1,2,1,Yes,1,210.85,210.85,0.16,33.74,177.11,59.86
178629,75314,2018-01-04,2018-01-06,18867,1357,146,2,8,1,2,1,Yes,1,210.85,210.85,0.15,31.63,179.22,86.03
178630,75315,2018-01-04,2018-01-06,18868,1357,146,2,14,1,2,1,Yes,1,210.85,210.85,0.13,27.41,183.44,-15.78
178631,75316,2018-01-04,2018-01-06,18869,1357,146,2,14,1,2,1,Yes,1,210.85,210.85,0.12,25.3,185.55,-245.85
178632,75317,2018-01-04,2018-01-06,18870,1357,143,2,9,1,2,1,Yes,1,210.85,210.85,0.1,21.09,189.77,79.7
178633,75318,2018-01-04,2018-01-06,18871,1357,121,2,14,1,2,1,Yes,1,210.85,210.85,0.09,18.98,191.87,-489.28
178634,75319,2018-01-04,2018-01-06,18872,1357,133,2,14,1,2,1,Yes,1,210.85,210.85,0.07,14.76,196.09,34.32
178635,75320,2018-01-04,2018-01-10,18873,1357,133,4,9,4,6,2,Yes,1,210.85,210.85,0.06,11.6,199.25,-298.88
178636,75321,2018-01-04,2018-01-06,18874,1357,139,4,1,4,2,-2,No,1,210.85,210.85,0.05,10.54,200.31,-330.51
178637,75322,2018-01-04,2018-01-07,18875,1357,139,4,5,4,3,-1,No,1,210.85,210.85,0.04,8.43,202.42,-48.18
178638,75323,2018-01-04,2018-01-08,18876,1357,139,4,23,4,4,0,No,1,210.85,210.85,0.03,6.33,204.52,35.79
178639,75324,2018-01-04,2018-01-09,18877,1357,139,4,13,4,5,1,Yes,1,210.85,210.85,0.02,4.22,206.63,-38.43
178640,75325,2018-01-04,2018-01-10,18878,1357,139,4,8,4,6,2,Yes,1,210.85,210.85,0.01,2.11,208.74,-521.85
178641,75326,2018-01-04,2018-01-06,18879,1357,121,4,6,4,2,-2,No,1,210.85,210.85,0.0,0.0,210.85,26.36
178642,75327,2018-01-04,2018-01-07,18880,1357,121,4,7,4,3,-1,No,1,210.85,210.85,0.25,52.71,158.14,11.86
178643,75328,2018-01-04,2018-01-08,18881,1357,121,3,9,2,4,2,Yes,1,210.85,210.85,0.2,42.17,168.68,-134.94
178644,75329,2018-01-04,2018-01-06,18882,1357,145,2,9,1,2,1,Yes,1,210.85,210.85,0.18,37.95,172.9,-126.73
178645,75330,2018-01-04,2018-01-10,18883,1357,145,3,12,2,6,4,Yes,1,210.85,210.85,0.17,35.84,175.01,-7.0
178646,75331,2018-01-04,2018-01-06,18884,1357,121,2,14,1,2,1,Yes,1,210.85,210.85,0.16,33.74,177.11,61.99
178647,75332,2018-01-04,2018-01-06,18885,1357,139,2,12,1,2,1,Yes,1,210.85,210.85,0.15,31.63,179.22,60.94
178648,75333,2018-01-04,2018-01-06,18886,1357,139,2,9,1,2,1,Yes,1,210.85,210.85,0.13,27.41,183.44,62.0
178649,75334,2018-01-04,2018-01-09,18887,1357,133,4,14,4,5,1,Yes,1,210.85,210.85,0.12,25.3,185.55,89.06
178650,75335,2018-01-04,2018-01-06,18888,1357,121,2,12,1,2,1,Yes,1,210.85,210.85,0.1,21.09,189.77,87.29
178651,75336,2018-01-04,2018-01-06,18889,1357,121,2,13,1,2,1,Yes,1,210.85,210.85,0.09,18.98,191.87,86.34
178652,75337,2018-01-04,2018-01-06,18890,1357,133,2,10,1,2,1,Yes,1,210.85,210.85,0.07,14.76,196.09,56.87
178653,75338,2018-01-04,2018-01-06,18891,1357,146,2,9,1,2,1,Yes,1,210.85,210.85,0.06,11.6,199.25,1.99
178654,75339,2018-01-04,2018-01-06,18892,1358,121,2,13,1,2,1,Yes,1,260.65,260.65,0.02,5.21,255.44,74.08
178655,75340,2018-01-04,2018-01-10,18893,1358,121,4,13,4,6,2,Yes,1,260.65,260.65,0.01,2.61,258.04,57.29
178656,75341,2018-01-04,2018-01-06,18894,1358,121,4,2,4,2,-2,No,1,260.65,260.65,0.0,0.0,260.65,-182.46
178657,75342,2018-01-04,2018-01-07,18895,1358,139,4,2,4,3,-1,No,1,260.65,260.65,0.25,65.16,195.49,17.59
178658,75343,2018-01-04,2018-01-08,18896,1358,139,4,22,4,4,0,No,1,260.65,260.65,0.2,52.13,208.52,-173.7
178659,75344,2018-01-04,2018-01-09,18897,1358,139,4,12,4,5,1,Yes,1,260.65,260.65,0.18,46.92,213.73,-320.6
178660,75345,2018-01-04,2018-01-10,18898,1358,139,4,14,4,6,2,Yes,1,260.65,260.65,0.17,44.31,216.34,108.17
178661,75346,2018-01-04,2018-01-06,18899,1358,127,4,6,4,2,-2,No,1,260.65,260.65,0.16,41.7,218.95,91.96
178662,75347,2018-01-04,2018-01-07,18900,1358,133,3,12,2,3,1,Yes,1,260.65,260.65,0.15,39.1,221.55,106.35
178663,75348,2018-01-04,2018-01-08,18901,1358,133,3,9,2,4,2,Yes,1,260.65,260.65,0.13,33.88,226.77,56.69
178664,75349,2018-01-04,2018-01-06,18902,1358,133,2,12,1,2,1,Yes,1,260.65,260.65,0.12,31.28,229.37,59.64
178665,75350,2018-01-04,2018-01-06,18903,1358,133,2,11,1,2,1,Yes,1,260.65,260.65,0.1,26.07,234.59,112.6
178666,75351,2018-01-04,2018-01-06,18904,1358,133,2,13,1,2,1,Yes,1,260.65,260.65,0.09,23.46,237.19,4.74
178667,75352,2018-01-04,2018-01-06,18905,1358,133,2,12,1,2,1,Yes,1,260.65,260.65,0.07,18.25,242.4,81.93
178668,75353,2018-01-04,2018-01-06,18906,1358,133,2,9,1,2,1,Yes,1,260.65,260.65,0.06,14.34,246.31,21.68
178669,75354,2018-01-04,2018-01-06,18907,1358,123,2,8,1,2,1,Yes,1,260.65,260.65,0.05,13.03,247.62,21.79
178670,75355,2018-01-04,2018-01-06,18908,1358,123,2,12,1,2,1,Yes,1,260.65,260.65,0.04,10.43,250.22,-22.02
178671,75356,2018-01-05,2018-01-07,18909,1358,123,4,15,4,2,-2,No,1,260.65,260.65,0.03,7.82,252.83,-185.32
178672,75357,2018-01-05,2018-01-08,18910,1358,121,4,2,4,3,-1,No,1,260.65,260.65,0.02,5.21,255.44,-195.92
178673,75358,2018-01-05,2018-01-09,18911,1358,143,3,12,2,4,2,Yes,1,260.65,260.65,0.01,2.61,258.04,93.67
178674,75359,2018-01-05,2018-01-10,18912,1358,127,4,8,4,5,1,Yes,1,260.65,260.65,0.0,0.0,260.65,91.23
178675,75360,2018-01-05,2018-01-11,18913,1358,127,4,10,4,6,2,Yes,1,260.65,260.65,0.25,65.16,195.49,12.32
178676,75361,2018-01-05,2018-01-07,18914,1358,127,4,6,4,2,-2,No,1,260.65,260.65,0.2,52.13,208.52,93.83
178677,75362,2018-01-05,2018-01-08,18915,1358,121,4,6,4,3,-1,No,1,260.65,260.65,0.18,46.92,213.73,96.18
178678,75363,2018-01-05,2018-01-09,18916,1358,127,4,22,4,4,0,No,1,260.65,260.65,0.17,44.31,216.34,8.65
178679,75364,2018-01-05,2018-01-10,18917,1358,121,4,15,4,5,1,No,1,260.65,260.65,0.16,41.7,218.95,107.28
178680,75365,2018-01-05,2018-01-11,18918,1358,121,4,13,4,6,2,Yes,1,260.65,260.65,0.15,39.1,221.55,62.03
178681,75366,2018-01-05,2018-01-07,18919,1358,139,4,6,4,2,-2,No,1,260.65,260.65,0.13,33.88,226.77,58.96
178682,75367,2018-01-05,2018-01-08,18920,1358,127,4,6,4,3,-1,No,1,260.65,260.65,0.12,31.28,229.37,48.17
178683,75368,2018-01-05,2018-01-09,18921,1358,127,4,18,4,4,0,No,1,260.65,260.65,0.1,26.07,234.59,103.22
178684,75369,2018-01-05,2018-01-10,18922,1358,133,4,14,4,5,1,Yes,1,260.65,260.65,0.09,23.46,237.19,4.74
178685,75370,2018-01-05,2018-01-11,18923,1358,127,4,9,4,6,2,Yes,1,260.65,260.65,0.07,18.25,242.4,-375.73
178686,75371,2018-01-05,2018-01-07,18924,1358,121,4,7,4,2,-2,No,1,260.65,260.65,0.06,14.34,246.31,-394.1
178687,75372,2018-01-05,2018-01-08,18925,1358,121,4,1,4,3,-1,No,1,260.65,260.65,0.05,13.03,247.62,27.98
178688,75373,2018-01-05,2018-01-09,18926,1358,121,3,12,2,4,2,Yes,1,260.65,260.65,0.04,10.43,250.22,40.79
178689,75374,2018-01-05,2018-01-10,18927,1358,127,3,9,2,5,3,Yes,1,260.65,260.65,0.03,7.82,252.83,75.85
178690,75375,2018-01-05,2018-01-11,18928,1358,127,3,9,2,6,4,Yes,1,260.65,260.65,0.02,5.21,255.44,54.41
178691,75376,2018-01-05,2018-01-07,18929,1358,127,2,13,1,2,1,Yes,1,260.65,260.65,0.01,2.61,258.04,118.7
178692,75377,2018-01-05,2018-01-08,18930,1358,127,3,9,2,3,1,Yes,1,260.65,260.65,0.0,0.0,260.65,75.59
178693,75378,2018-01-05,2018-01-09,18931,1358,139,4,18,4,4,0,No,1,260.65,260.65,0.25,65.16,195.49,56.69
178694,75379,2018-01-05,2018-01-10,18932,1358,139,3,13,2,5,3,Yes,1,260.65,260.65,0.2,52.13,208.52,-7.92
178695,75380,2018-01-05,2018-01-11,18933,1358,139,4,13,4,6,2,Yes,1,260.65,260.65,0.18,46.92,213.73,51.3
178696,75381,2018-01-05,2018-01-07,18934,1358,133,4,7,4,2,-2,No,1,260.65,260.65,0.17,44.31,216.34,99.52
178697,75382,2018-01-05,2018-01-08,18935,1358,133,4,7,4,3,-1,No,1,260.65,260.65,0.16,41.7,218.95,98.53
178698,75383,2018-01-05,2018-01-07,18936,1358,127,2,9,1,2,1,Yes,1,260.65,260.65,0.15,39.1,221.55,77.54
178699,75384,2018-01-05,2018-01-10,18937,1358,127,3,9,2,5,3,Yes,1,260.65,260.65,0.13,33.88,226.77,63.49
178700,75385,2018-01-05,2018-01-11,18938,1358,121,3,13,2,6,4,Yes,1,260.65,260.65,0.12,31.28,229.37,107.8
178701,75386,2018-01-05,2018-01-07,18939,1358,127,4,1,4,2,-2,No,1,260.65,260.65,0.1,26.07,234.59,110.25
178702,75387,2018-01-05,2018-01-08,18940,1358,127,4,5,4,3,-1,No,1,260.65,260.65,0.09,23.46,237.19,111.48
178703,75388,2018-01-05,2018-01-09,18941,1358,133,4,22,4,4,0,No,1,260.65,260.65,0.07,18.25,242.4,-17.21
178704,75389,2018-01-05,2018-01-10,18942,1358,133,4,14,4,5,1,Yes,1,260.65,260.65,0.06,14.34,246.31,49.26
178705,75390,2018-01-05,2018-01-11,18943,1358,133,4,9,4,6,2,Yes,1,260.65,260.65,0.05,13.03,247.62,80.48
178706,75391,2018-01-05,2018-01-07,18944,1358,133,4,1,4,2,-2,No,1,260.65,260.65,0.04,10.43,250.22,-54.3
178707,75392,2018-01-05,2018-01-08,18945,1358,133,4,2,4,3,-1,No,1,260.65,260.65,0.03,7.82,252.83,91.78
178708,75393,2018-01-05,2018-01-09,18946,1358,133,4,18,4,4,0,No,1,260.65,260.65,0.02,5.21,255.44,2.81
178709,75394,2018-01-05,2018-01-10,18947,1358,133,4,13,4,5,1,Yes,1,260.65,260.65,0.01,2.61,258.04,85.15
178710,75395,2018-01-05,2018-01-11,18948,1358,133,4,8,4,6,2,Yes,1,260.65,260.65,0.0,0.0,260.65,94.62
178711,75396,2018-01-05,2018-01-07,18949,1358,121,4,15,4,2,-2,No,1,260.65,260.65,0.25,65.16,195.49,56.69
178712,75397,2018-01-05,2018-01-08,18950,1358,121,4,2,4,3,-1,No,1,260.65,260.65,0.2,52.13,208.52,13.14
178713,75398,2018-01-05,2018-01-06,18951,1358,121,1,11,0,1,1,Yes,1,260.65,260.65,0.18,46.92,213.73,47.02
178714,75399,2018-01-05,2018-01-06,18952,1358,121,1,13,0,1,1,Yes,1,260.65,260.65,0.17,44.31,216.34,73.12
178715,75400,2018-01-05,2018-01-11,18953,1358,121,4,9,4,6,2,Yes,1,260.65,260.65,0.16,41.7,218.95,76.63
178716,75401,2018-01-05,2018-01-07,18954,1358,121,4,7,4,2,-2,No,1,260.65,260.65,0.15,39.1,221.55,74.88
178717,75402,2018-01-05,2018-01-08,18955,1358,123,4,2,4,3,-1,No,1,260.65,260.65,0.13,33.88,226.77,76.65
178718,75403,2018-01-05,2018-01-09,18956,1358,143,4,16,4,4,0,No,1,260.65,260.65,0.12,31.28,229.37,9.17
178719,75404,2018-01-05,2018-01-10,18957,1358,143,4,16,4,5,1,No,1,260.65,260.65,0.1,26.07,234.59,112.6
178720,75405,2018-01-05,2018-01-11,18958,1358,143,4,13,4,6,2,Yes,1,260.65,260.65,0.09,23.46,237.19,-189.75
178721,75406,2018-01-05,2018-01-07,18959,1358,121,4,2,4,2,-2,No,1,260.65,260.65,0.07,18.25,242.4,21.33
178722,75407,2018-01-05,2018-01-08,18960,1358,121,4,7,4,3,-1,No,1,260.65,260.65,0.06,14.34,246.31,120.69
178723,75408,2018-01-05,2018-01-09,18961,1358,121,4,23,4,4,0,No,1,260.65,260.65,0.05,13.03,247.62,116.38
178724,75409,2018-01-05,2018-01-10,18962,1358,143,4,13,4,5,1,Yes,1,260.65,260.65,0.04,10.43,250.22,45.04
178725,75410,2018-01-05,2018-01-11,18963,1358,133,4,9,4,6,2,Yes,1,260.65,260.65,0.03,7.82,252.83,109.48
178726,75411,2018-01-05,2018-01-07,18964,1358,133,4,1,4,2,-2,No,1,260.65,260.65,0.02,5.21,255.44,76.63
178727,75412,2018-01-05,2018-01-08,18965,1358,133,4,1,4,3,-1,No,1,260.65,260.65,0.01,2.61,258.04,29.16
178728,75413,2018-01-05,2018-01-09,18966,1358,127,4,22,4,4,0,No,1,260.65,260.65,0.0,0.0,260.65,84.71
178729,75414,2018-01-05,2018-01-10,18967,1358,127,4,14,4,5,1,Yes,1,260.65,260.65,0.25,65.16,195.49,87.97
178730,75415,2018-01-05,2018-01-11,18968,1358,127,4,9,4,6,2,Yes,1,260.65,260.65,0.2,52.13,208.52,56.3
178731,75416,2018-01-05,2018-01-07,18969,1358,127,4,2,4,2,-2,No,1,260.65,260.65,0.18,46.92,213.73,10.69
178732,75417,2018-01-05,2018-01-08,18970,1358,127,4,2,4,3,-1,No,1,260.65,260.65,0.17,44.31,216.34,99.52
178733,75418,2018-01-05,2018-01-09,18971,1358,139,4,18,4,4,0,No,1,260.65,260.65,0.16,41.7,218.95,21.89
178734,75419,2018-01-05,2018-01-10,18972,1358,139,4,14,4,5,1,Yes,1,260.65,260.65,0.15,39.1,221.55,-162.4
178735,75420,2018-01-05,2018-01-11,18973,1358,127,4,12,4,6,2,Yes,1,260.65,260.65,0.13,33.88,226.77,28.35
178736,75421,2018-01-05,2018-01-07,18974,1358,127,2,13,1,2,1,Yes,1,260.65,260.65,0.12,31.28,229.37,80.28
178737,75422,2018-01-05,2018-01-08,18975,1358,127,4,2,4,3,-1,No,1,260.65,260.65,0.1,26.07,234.59,112.6
178738,75423,2018-01-05,2018-01-09,18976,1358,127,4,18,4,4,0,No,1,260.65,260.65,0.09,23.46,237.19,113.85
178739,75424,2018-01-06,2018-01-11,18977,1358,127,4,8,4,5,1,Yes,1,260.65,260.65,0.07,18.25,242.4,24.24
178740,75425,2018-01-06,2018-01-12,18978,1358,141,4,10,4,6,2,Yes,1,260.65,260.65,0.06,14.34,246.31,64.04
178741,75426,2018-01-06,2018-01-08,18979,1358,141,4,7,4,2,-2,No,1,260.65,260.65,0.05,13.03,247.62,80.48
178742,75427,2018-01-06,2018-01-08,18980,1358,141,2,13,1,2,1,Yes,1,260.65,260.65,0.04,10.43,250.22,18.77
178743,75428,2018-01-06,2018-01-10,18981,1358,142,3,8,2,4,2,Yes,1,260.65,260.65,0.03,7.82,252.83,5.06
178744,75429,2018-01-06,2018-01-08,18982,1358,142,2,8,1,2,1,Yes,1,260.65,260.65,0.02,5.21,255.44,25.54
178745,75430,2018-01-06,2018-01-12,18983,1358,142,3,15,2,6,4,No,1,260.65,260.65,0.01,2.61,258.04,123.86
178746,75431,2018-01-06,2018-01-08,18984,1358,127,2,14,1,2,1,Yes,1,260.65,260.65,0.0,0.0,260.65,101.65
178747,75432,2018-01-06,2018-01-09,18985,1358,127,4,15,4,3,-1,No,1,260.65,260.65,0.25,65.16,195.49,52.78
178748,75433,2018-01-06,2018-01-10,18986,1358,121,4,22,4,4,0,No,1,260.65,260.65,0.2,52.13,208.52,100.09
178749,75434,2018-01-06,2018-01-11,18987,1358,133,4,8,4,5,1,Yes,1,260.65,260.65,0.18,46.92,213.73,55.57
178750,75435,2018-01-06,2018-01-12,18988,1358,133,4,9,4,6,2,Yes,1,260.65,260.65,0.17,44.31,216.34,27.04
178751,75436,2018-01-06,2018-01-08,18989,1358,133,4,7,4,2,-2,No,1,260.65,260.65,0.16,41.7,218.95,-27.37
178752,75437,2018-01-06,2018-01-09,18990,1358,133,4,6,4,3,-1,No,1,260.65,260.65,0.15,39.1,221.55,-55.39
178753,75438,2018-01-06,2018-01-10,18991,1358,121,4,18,4,4,0,No,1,260.65,260.65,0.13,33.88,226.77,58.96
178754,75439,2018-01-06,2018-01-06,18992,1358,121,1,22,0,0,0,No,1,260.65,260.65,0.12,31.28,229.37,77.99
178755,75440,2018-01-06,2018-01-06,18993,1358,144,1,23,0,0,0,No,1,260.65,260.65,0.1,26.07,234.59,25.8
178756,75441,2018-01-06,2018-01-08,18994,1358,139,3,17,2,2,0,No,1,260.65,260.65,0.09,23.46,237.19,116.22
178757,75442,2018-01-06,2018-01-08,18995,1358,139,2,8,1,2,1,Yes,1,260.65,260.65,0.07,18.25,242.4,84.84
178758,75443,2018-01-06,2018-01-10,18996,1358,127,3,12,2,4,2,Yes,1,260.65,260.65,0.06,14.34,246.31,76.36
178759,75444,2018-01-06,2018-01-08,18997,1358,127,2,13,1,2,1,Yes,1,260.65,260.65,0.05,13.03,247.62,118.86
178760,75445,2018-01-06,2018-01-08,18998,1358,127,2,14,1,2,1,Yes,1,260.65,260.65,0.04,10.43,250.22,120.11
178761,75446,2018-01-06,2018-01-08,18999,1358,127,2,12,1,2,1,Yes,1,260.65,260.65,0.03,7.82,252.83,65.74
178762,75447,2018-01-06,2018-01-09,19000,1358,138,4,6,4,3,-1,No,1,260.65,260.65,0.02,5.21,255.44,25.54
178763,75448,2018-01-06,2018-01-10,19001,1358,146,4,22,4,4,0,No,1,260.65,260.65,0.01,2.61,258.04,-438.67
178764,75449,2018-01-06,2018-01-11,19002,1358,133,4,9,4,5,1,Yes,1,260.65,260.65,0.0,0.0,260.65,67.77
178765,75450,2018-01-06,2018-01-12,19003,1358,127,4,13,4,6,2,Yes,1,260.65,260.65,0.25,65.16,195.49,66.07
178766,75451,2018-01-06,2018-01-08,19004,1358,127,4,1,4,2,-2,No,1,260.65,260.65,0.2,52.13,208.52,54.22
178767,75452,2018-01-06,2018-01-09,19005,1358,131,4,7,4,3,-1,No,1,260.65,260.65,0.18,46.92,213.73,98.32
178768,75453,2018-01-06,2018-01-10,19006,1358,131,4,21,4,4,0,No,1,260.65,260.65,0.17,44.31,216.34,10.82
178769,75454,2018-01-06,2018-01-11,19007,1358,133,4,8,4,5,1,Yes,1,260.65,260.65,0.16,41.7,218.95,21.89
178770,75455,2018-01-06,2018-01-12,19008,1358,133,4,9,4,6,2,Yes,1,260.65,260.65,0.15,39.1,221.55,-36.11
178771,75456,2018-01-06,2018-01-08,19009,1358,133,4,1,4,2,-2,No,1,260.65,260.65,0.13,33.88,226.77,95.24
178772,75457,2018-01-06,2018-01-08,19010,1358,127,2,13,1,2,1,Yes,1,260.65,260.65,0.12,31.28,229.37,61.93
178773,75458,2018-01-06,2018-01-08,19011,1358,127,2,9,1,2,1,Yes,1,260.65,260.65,0.1,26.07,234.59,117.29
178774,75459,2018-01-06,2018-01-08,19012,1358,123,2,9,1,2,1,Yes,1,260.65,260.65,0.09,23.46,237.19,106.74
178775,75460,2018-01-06,2018-01-08,19013,1358,123,2,13,1,2,1,Yes,1,260.65,260.65,0.07,18.25,242.4,121.2
178776,75461,2018-01-06,2018-01-08,19014,1358,123,2,9,1,2,1,Yes,1,260.65,260.65,0.06,14.34,246.31,61.58
178777,75462,2018-01-06,2018-01-08,19015,1358,133,2,11,1,2,1,Yes,1,260.65,260.65,0.05,13.03,247.62,-168.38
178778,75463,2018-01-06,2018-01-08,19016,1358,121,2,16,1,2,1,No,1,260.65,260.65,0.04,10.43,250.22,-28.28
178779,75464,2018-01-06,2018-01-08,19017,1358,133,2,14,1,2,1,Yes,1,260.65,260.65,0.03,7.82,252.83,85.46
178780,75465,2018-01-06,2018-01-12,19018,1358,127,4,14,4,6,2,Yes,1,260.65,260.65,0.02,5.21,255.44,22.48
178781,75466,2018-01-06,2018-01-08,19019,1358,133,4,1,4,2,-2,No,1,260.65,260.65,0.01,2.61,258.04,116.12
178782,75467,2018-01-06,2018-01-09,19020,1358,133,4,1,4,3,-1,No,1,260.65,260.65,0.0,0.0,260.65,70.38
178783,75468,2018-01-06,2018-01-10,19021,1358,133,4,22,4,4,0,No,1,260.65,260.65,0.25,65.16,195.49,24.44
178784,75469,2018-01-06,2018-01-11,19022,1358,121,4,13,4,5,1,Yes,1,260.65,260.65,0.2,52.13,208.52,67.77
178785,75470,2018-01-06,2018-01-12,19023,1358,139,4,12,4,6,2,Yes,1,260.65,260.65,0.18,46.92,213.73,80.15
178786,75471,2018-01-06,2018-01-08,19024,1358,139,4,6,4,2,-2,No,1,260.65,260.65,0.17,44.31,216.34,-43.27
178787,75472,2018-01-06,2018-01-08,19025,1358,139,2,13,1,2,1,Yes,1,260.65,260.65,0.16,41.7,218.95,74.44
178788,75473,2018-01-06,2018-01-10,19026,1358,139,4,15,4,4,0,No,1,260.65,260.65,0.15,39.1,221.55,13.29
178789,75474,2018-01-06,2018-01-11,19027,1358,139,4,9,4,5,1,Yes,1,260.65,260.65,0.13,33.88,226.77,79.37
178790,75475,2018-01-06,2018-01-12,19028,1358,139,4,12,4,6,2,Yes,1,260.65,260.65,0.12,31.28,229.37,64.22
178791,75476,2018-01-06,2018-01-08,19029,1358,138,4,2,4,2,-2,No,1,260.65,260.65,0.1,26.07,234.59,76.24
178792,75477,2018-01-06,2018-01-08,19030,1358,138,2,8,1,2,1,Yes,1,260.65,260.65,0.09,23.46,237.19,38.66
178793,75478,2018-01-06,2018-01-08,19031,1358,121,2,9,1,2,1,Yes,1,260.65,260.65,0.07,18.25,242.4,-284.83
178794,75479,2018-01-06,2018-01-11,19032,1358,133,3,14,2,5,3,Yes,1,260.65,260.65,0.06,14.34,246.31,86.21
178795,75480,2018-01-06,2018-01-12,19033,1358,133,4,13,4,6,2,Yes,1,260.65,260.65,0.05,13.03,247.62,89.89
178796,75481,2018-01-06,2018-01-08,19034,1358,145,3,21,2,2,0,No,1,260.65,260.65,0.04,10.43,250.22,87.58
178797,75482,2018-01-06,2018-01-09,19035,1358,145,4,2,4,3,-1,No,1,260.65,260.65,0.03,7.82,252.83,-202.26
178798,75483,2018-01-06,2018-01-10,19036,1359,145,4,17,4,4,0,No,1,84.4,84.4,0.25,21.1,63.3,7.91
178799,75484,2018-01-06,2018-01-11,19037,1359,144,4,14,4,5,1,Yes,1,84.4,84.4,0.2,16.88,67.52,-45.04
178800,75485,2018-01-06,2018-01-08,19038,1359,133,2,9,1,2,1,Yes,1,84.4,84.4,0.18,15.19,69.21,24.22
178801,75486,2018-01-06,2018-01-08,19039,1359,121,4,7,4,2,-2,No,1,84.4,84.4,0.17,14.35,70.05,18.21
178802,75487,2018-01-06,2018-01-09,19040,1359,121,4,2,4,3,-1,No,1,84.4,84.4,0.16,13.5,70.9,7.09
178803,75488,2018-01-06,2018-01-10,19041,1359,121,4,18,4,4,0,No,1,84.4,84.4,0.15,12.66,71.74,-125.55
178804,75489,2018-01-06,2018-01-11,19042,1359,139,4,13,4,5,1,Yes,1,84.4,84.4,0.13,10.97,73.43,20.56
178805,75490,2018-01-06,2018-01-12,19043,1359,133,4,10,4,6,2,Yes,1,84.4,84.4,0.12,10.13,74.27,8.39
178806,75491,2018-01-06,2018-01-08,19044,1359,139,3,18,2,2,0,No,1,84.4,84.4,0.1,8.44,75.96,16.71
178807,75492,2018-01-06,2018-01-09,19045,1359,133,3,9,2,3,1,Yes,1,84.4,84.4,0.09,7.6,76.8,9.6
178808,75493,2018-01-07,2018-01-11,19046,1359,133,3,13,2,4,2,Yes,1,84.4,84.4,0.07,5.91,78.49,26.53
178809,75494,2018-01-07,2018-01-12,19047,1359,133,3,13,2,5,3,Yes,1,84.4,84.4,0.06,4.64,79.76,23.13
178810,75495,2018-01-07,2018-01-13,19048,1359,125,4,9,4,6,2,Yes,1,84.4,84.4,0.05,4.22,80.18,36.08
178811,75496,2018-01-07,2018-01-09,19049,1359,143,4,2,4,2,-2,No,1,84.4,84.4,0.04,3.38,81.02,4.05
178812,75497,2018-01-07,2018-01-10,19050,1359,143,4,6,4,3,-1,No,1,84.4,84.4,0.03,2.53,81.87,-55.26
178813,75498,2018-01-07,2018-01-11,19051,1359,143,4,23,4,4,0,No,1,84.4,84.4,0.02,1.69,82.71,25.64
178814,75499,2018-01-07,2018-01-12,19052,1359,127,3,14,2,5,3,Yes,1,84.4,84.4,0.01,0.84,83.56,-208.89
178815,75500,2018-01-07,2018-01-13,19053,1359,121,4,13,4,6,2,Yes,1,84.4,84.4,0.0,0.0,84.4,-139.26
178816,75501,2018-01-07,2018-01-09,19054,1359,139,3,17,2,2,0,No,1,84.4,84.4,0.25,21.1,63.3,7.91
178817,75502,2018-01-07,2018-01-10,19055,1359,127,3,9,2,3,1,Yes,1,84.4,84.4,0.2,16.88,67.52,33.08
178818,75503,2018-01-07,2018-01-11,19056,1359,127,4,18,4,4,0,No,1,84.4,84.4,0.18,15.19,69.21,5.68
178819,75504,2018-01-07,2018-01-12,19057,1359,127,3,10,2,5,3,Yes,1,84.4,84.4,0.17,14.35,70.05,7.92
178820,75505,2018-01-07,2018-01-13,19058,1359,139,3,8,2,6,4,Yes,1,84.4,84.4,0.16,13.5,70.9,6.24
178821,75506,2018-01-07,2018-01-09,19059,1359,121,4,5,4,2,-2,No,1,84.4,84.4,0.15,12.66,71.74,-1.79
178822,75507,2018-01-07,2018-01-10,19060,1359,121,4,7,4,3,-1,No,1,84.4,84.4,0.13,10.97,73.43,26.65
178823,75508,2018-01-07,2018-01-11,19061,1359,143,4,22,4,4,0,No,1,84.4,84.4,0.12,10.13,74.27,35.65
178824,75509,2018-01-07,2018-01-12,19062,1359,136,4,9,4,5,1,Yes,1,84.4,84.4,0.1,8.44,75.96,32.66
178825,75510,2018-01-07,2018-01-13,19063,1359,136,4,8,4,6,2,Yes,1,84.4,84.4,0.09,7.6,76.8,37.63
178826,75511,2018-01-07,2018-01-07,19064,1359,136,1,18,0,0,0,No,1,84.4,84.4,0.07,5.91,78.49,15.7
178827,75512,2018-01-07,2018-01-07,19065,1359,136,1,22,0,0,0,No,1,84.4,84.4,0.06,4.64,79.76,21.53
178828,75513,2018-01-07,2018-01-07,19066,1359,123,1,23,0,0,0,No,1,84.4,84.4,0.05,4.22,80.18,34.48
178829,75514,2018-01-07,2018-01-07,19067,1359,123,1,23,0,0,0,No,1,84.4,84.4,0.04,3.38,81.02,21.07
178830,75515,2018-01-07,2018-01-07,19068,1359,123,1,22,0,0,0,No,1,84.4,84.4,0.03,2.53,81.87,21.29
178831,75516,2018-01-07,2018-01-09,19069,1359,139,3,23,2,2,0,No,1,84.4,84.4,0.02,1.69,82.71,39.7
178832,75517,2018-01-07,2018-01-10,19070,1359,139,3,14,2,3,1,Yes,1,84.4,84.4,0.01,0.84,83.56,-1.17
178833,75518,2018-01-07,2018-01-11,19071,1359,139,4,18,4,4,0,No,1,84.4,84.4,0.0,0.0,84.4,-40.09
178834,75519,2018-01-07,2018-01-12,19072,1359,139,4,12,4,5,1,Yes,1,84.4,84.4,0.25,21.1,63.3,7.91
178835,75520,2018-01-07,2018-01-13,19073,1359,143,4,9,4,6,2,Yes,1,84.4,84.4,0.2,16.88,67.52,22.82
178836,75521,2018-01-07,2018-01-09,19074,1359,143,4,6,4,2,-2,No,1,84.4,84.4,0.18,15.19,69.21,-11.28
178837,75522,2018-01-07,2018-01-10,19075,1359,143,4,1,4,3,-1,No,1,84.4,84.4,0.17,14.35,70.05,9.81
178838,75523,2018-01-07,2018-01-11,19076,1359,127,4,18,4,4,0,No,1,84.4,84.4,0.16,13.5,70.9,34.74
178839,75524,2018-01-07,2018-01-12,19077,1359,127,4,10,4,5,1,Yes,1,84.4,84.4,0.15,12.66,71.74,-13.7
178840,75525,2018-01-07,2018-01-13,19078,1359,133,4,8,4,6,2,Yes,1,84.4,84.4,0.13,10.97,73.43,22.03
178841,75526,2018-01-07,2018-01-07,19079,1359,133,1,19,0,0,0,No,1,84.4,84.4,0.12,10.13,74.27,-14.85
178842,75527,2018-01-07,2018-01-08,19080,1359,133,1,9,0,1,1,Yes,1,84.4,84.4,0.1,8.44,75.96,-1.06
178843,75528,2018-01-07,2018-01-09,19081,1359,133,2,12,1,2,1,Yes,1,84.4,84.4,0.09,7.6,76.8,21.12
178844,75529,2018-01-07,2018-01-09,19082,1359,139,2,13,1,2,1,Yes,1,84.4,84.4,0.07,5.91,78.49,-18.29
178845,75530,2018-01-07,2018-01-09,19083,1359,139,2,9,1,2,1,Yes,1,84.4,84.4,0.06,4.64,79.76,-66.44
178846,75531,2018-01-07,2018-01-09,19084,1359,139,2,8,1,2,1,Yes,1,84.4,84.4,0.05,4.22,80.18,-16.04
178847,75532,2018-01-07,2018-01-10,19085,1359,139,4,3,4,3,-1,No,1,84.4,84.4,0.04,3.38,81.02,23.5
178848,75533,2018-01-07,2018-01-11,19086,1359,123,4,18,4,4,0,No,1,84.4,84.4,0.03,2.53,81.87,-45.85
178849,75534,2018-01-07,2018-01-12,19087,1359,121,4,14,4,5,1,Yes,1,84.4,84.4,0.02,1.69,82.71,7.28
178850,75535,2018-01-07,2018-01-13,19088,1359,121,4,9,4,6,2,Yes,1,84.4,84.4,0.01,0.84,83.56,40.94
178851,75536,2018-01-07,2018-01-09,19089,1359,139,4,7,4,2,-2,No,1,84.4,84.4,0.0,0.0,84.4,20.26
178852,75537,2018-01-07,2018-01-10,19090,1359,144,4,5,4,3,-1,No,1,84.4,84.4,0.25,21.1,63.3,31.02
178853,75538,2018-01-07,2018-01-11,19091,1359,144,4,18,4,4,0,No,1,84.4,84.4,0.2,16.88,67.52,29.03
178854,75539,2018-01-07,2018-01-12,19092,1359,133,4,9,4,5,1,Yes,1,84.4,84.4,0.18,15.19,69.21,4.36
178855,75540,2018-01-07,2018-01-13,19093,1359,133,4,12,4,6,2,Yes,1,84.4,84.4,0.17,14.35,70.05,18.91
178856,75541,2018-01-07,2018-01-09,19094,1359,133,4,6,4,2,-2,No,1,84.4,84.4,0.16,13.5,70.9,19.14
178857,75542,2018-01-07,2018-01-10,19095,1359,139,4,6,4,3,-1,No,1,84.4,84.4,0.15,12.66,71.74,20.8
178858,75543,2018-01-07,2018-01-11,19096,1359,133,4,22,4,4,0,No,1,84.4,84.4,0.13,10.97,73.43,1.47
178859,75544,2018-01-07,2018-01-08,19097,1359,139,1,9,0,1,1,Yes,1,84.4,84.4,0.12,10.13,74.27,24.51
178860,75545,2018-01-07,2018-01-08,19098,1359,139,1,9,0,1,1,Yes,1,84.4,84.4,0.1,8.44,75.96,6.68
178861,75546,2018-01-07,2018-01-09,19099,1359,139,3,18,2,2,0,No,1,84.4,84.4,0.09,7.6,76.8,24.96
178862,75547,2018-01-07,2018-01-10,19100,1359,139,3,8,2,3,1,Yes,1,84.4,84.4,0.07,5.91,78.49,20.41
178863,75548,2018-01-07,2018-01-09,19101,1359,139,2,14,1,2,1,Yes,1,84.4,84.4,0.06,4.64,79.76,23.13
178864,75549,2018-01-07,2018-01-09,19102,1359,139,2,12,1,2,1,Yes,1,84.4,84.4,0.05,4.22,80.18,19.08
178865,75550,2018-01-07,2018-01-09,19103,1359,127,2,14,1,2,1,Yes,1,84.4,84.4,0.04,3.38,81.02,-38.89
178866,75551,2018-01-07,2018-01-09,19104,1359,127,2,8,1,2,1,Yes,1,84.4,84.4,0.03,2.53,81.87,29.72
178867,75552,2018-01-07,2018-01-10,19105,1359,127,4,1,4,3,-1,No,1,84.4,84.4,0.02,1.69,82.71,-10.34
178868,75553,2018-01-07,2018-01-11,19106,1359,127,4,22,4,4,0,No,1,84.4,84.4,0.01,0.84,83.56,12.53
178869,75554,2018-01-07,2018-01-12,19107,1359,127,4,9,4,5,1,Yes,1,84.4,84.4,0.0,0.0,84.4,6.33
178870,75555,2018-01-07,2018-01-13,19108,1359,127,4,9,4,6,2,Yes,1,84.4,84.4,0.25,21.1,63.3,-3.99
178871,75556,2018-01-07,2018-01-09,19109,1359,133,2,10,1,2,1,Yes,1,84.4,84.4,0.2,16.88,67.52,30.38
178872,75557,2018-01-07,2018-01-09,19110,1359,133,2,9,1,2,1,Yes,1,84.4,84.4,0.18,15.19,69.21,2.77
178873,75558,2018-01-07,2018-01-09,19111,1359,139,2,12,1,2,1,Yes,1,84.4,84.4,0.17,14.35,70.05,24.52
178874,75559,2018-01-07,2018-01-09,19112,1359,139,2,13,1,2,1,Yes,1,84.4,84.4,0.16,13.5,70.9,-54.38
178875,75560,2018-01-07,2018-01-09,19113,1359,139,2,13,1,2,1,Yes,1,84.4,84.4,0.15,12.66,71.74,22.45
178876,75561,2018-01-08,2018-01-10,19114,1359,139,2,12,1,2,1,Yes,1,84.4,84.4,0.13,10.97,73.43,11.97
178877,75562,2018-01-08,2018-01-11,19115,1359,139,4,2,4,3,-1,No,1,84.4,84.4,0.12,10.13,74.27,1.86
178878,75563,2018-01-08,2018-01-12,19116,1359,143,3,9,2,4,2,Yes,1,84.4,84.4,0.1,8.44,75.96,-8.58
178879,75564,2018-01-08,2018-01-13,19117,1359,121,3,9,2,5,3,Yes,1,84.4,84.4,0.09,7.6,76.8,-130.57
178880,75565,2018-01-08,2018-01-14,19118,1359,143,4,9,4,6,2,Yes,1,84.4,84.4,0.07,5.91,78.49,7.85
178881,75566,2018-01-08,2018-01-10,19119,1359,133,4,2,4,2,-2,No,1,84.4,84.4,0.06,4.64,79.76,21.53
178882,75567,2018-01-08,2018-01-11,19120,1359,121,4,1,4,3,-1,No,1,84.4,84.4,0.05,4.22,80.18,39.29
178883,75568,2018-01-08,2018-01-12,19121,1359,121,3,12,2,4,2,Yes,1,84.4,84.4,0.04,3.38,81.02,39.7
178884,75569,2018-01-08,2018-01-13,19122,1359,121,4,12,4,5,1,Yes,1,84.4,84.4,0.03,2.53,81.87,6.14
178885,75570,2018-01-08,2018-01-14,19123,1359,121,4,13,4,6,2,Yes,1,84.4,84.4,0.02,1.69,82.71,23.16
178886,75571,2018-01-08,2018-01-10,19124,1359,121,4,2,4,2,-2,No,1,84.4,84.4,0.01,0.84,83.56,14.2
178887,75572,2018-01-08,2018-01-11,19125,1359,143,4,7,4,3,-1,No,1,84.4,84.4,0.0,0.0,84.4,37.98
178888,75573,2018-01-08,2018-01-12,19126,1359,143,4,17,4,4,0,No,1,84.4,84.4,0.25,21.1,63.3,4.75
178889,75574,2018-01-08,2018-01-10,19127,1359,133,2,13,1,2,1,Yes,1,84.4,84.4,0.2,16.88,67.52,32.41
178890,75575,2018-01-08,2018-01-14,19128,1359,139,4,8,4,6,2,Yes,1,84.4,84.4,0.18,15.19,69.21,31.14
178891,75576,2018-01-08,2018-01-10,19129,1359,121,4,2,4,2,-2,No,1,84.4,84.4,0.17,14.35,70.05,-119.09
178892,75577,2018-01-08,2018-01-11,19130,1359,121,4,3,4,3,-1,No,1,84.4,84.4,0.16,13.5,70.9,-47.29
178893,75578,2018-01-08,2018-01-12,19131,1359,121,4,18,4,4,0,No,1,84.4,84.4,0.15,12.66,71.74,16.5
178894,75579,2018-01-08,2018-01-13,19132,1359,121,4,8,4,5,1,Yes,1,84.4,84.4,0.13,10.97,73.43,-121.16
178895,75580,2018-01-08,2018-01-14,19133,1359,121,4,8,4,6,2,Yes,1,84.4,84.4,0.12,10.13,74.27,-14.85
178896,75581,2018-01-08,2018-01-10,19134,1359,133,4,2,4,2,-2,No,1,84.4,84.4,0.1,8.44,75.96,19.75
178897,75582,2018-01-08,2018-01-11,19135,1359,133,4,6,4,3,-1,No,1,84.4,84.4,0.09,7.6,76.8,36.1
178898,75583,2018-01-08,2018-01-12,19136,1359,121,4,18,4,4,0,No,1,84.4,84.4,0.07,5.91,78.49,38.46
178899,75584,2018-01-08,2018-01-13,19137,1359,130,4,9,4,5,1,Yes,1,84.4,84.4,0.06,4.64,79.76,24.96
178900,75585,2018-01-08,2018-01-14,19138,1359,121,4,9,4,6,2,Yes,1,84.4,84.4,0.05,4.22,80.18,8.82
178901,75586,2018-01-08,2018-01-10,19139,1359,139,2,9,1,2,1,Yes,1,84.4,84.4,0.04,3.38,81.02,6.08
178902,75587,2018-01-08,2018-01-10,19140,1359,123,2,12,1,2,1,Yes,1,84.4,84.4,0.03,2.53,81.87,29.72
178903,75588,2018-01-08,2018-01-10,19141,1359,123,2,9,1,2,1,Yes,1,84.4,84.4,0.02,1.69,82.71,-8.27
178904,75589,2018-01-08,2018-01-10,19142,1359,123,2,9,1,2,1,Yes,1,84.4,84.4,0.01,0.84,83.56,-3.18
178905,75590,2018-01-08,2018-01-14,19143,1359,127,3,13,2,6,4,Yes,1,84.4,84.4,0.0,0.0,84.4,22.79
178906,75591,2018-01-08,2018-01-10,19144,1359,127,3,22,2,2,0,No,1,84.4,84.4,0.25,21.1,63.3,26.59
178907,75592,2018-01-08,2018-01-11,19145,1359,127,4,1,4,3,-1,No,1,84.4,84.4,0.2,16.88,67.52,17.56
178908,75593,2018-01-08,2018-01-12,19146,1359,127,4,22,4,4,0,No,1,84.4,84.4,0.18,15.19,69.21,29.76
178909,75594,2018-01-08,2018-01-13,19147,1359,121,4,12,4,5,1,Yes,1,84.4,84.4,0.17,14.35,70.05,-52.54
178910,75595,2018-01-08,2018-01-14,19148,1359,121,4,16,4,6,2,No,1,84.4,84.4,0.16,13.5,70.9,24.81
178911,75596,2018-01-08,2018-01-10,19149,1359,121,4,2,4,2,-2,No,1,84.4,84.4,0.15,12.66,71.74,5.38
178912,75597,2018-01-08,2018-01-11,19150,1359,121,4,1,4,3,-1,No,1,84.4,84.4,0.13,10.97,73.43,26.65
178913,75598,2018-01-08,2018-01-12,19151,1359,121,3,9,2,4,2,Yes,1,84.4,84.4,0.12,10.13,74.27,21.54
178914,75599,2018-01-08,2018-01-13,19152,1359,127,3,13,2,5,3,Yes,1,84.4,84.4,0.1,8.44,75.96,34.94
178915,75600,2018-01-08,2018-01-14,19153,1359,121,3,14,2,6,4,Yes,1,84.4,84.4,0.09,7.6,76.8,37.63
178916,75601,2018-01-08,2018-01-10,19154,1359,127,3,18,2,2,0,No,1,84.4,84.4,0.07,5.91,78.49,38.46
178917,75602,2018-01-08,2018-01-11,19155,1359,127,4,2,4,3,-1,No,1,84.4,84.4,0.06,4.64,79.76,25.52
178918,75603,2018-01-08,2018-01-12,19156,1359,127,3,9,2,4,2,Yes,1,84.4,84.4,0.05,4.22,80.18,37.68
178919,75604,2018-01-08,2018-01-13,19157,1359,127,3,14,2,5,3,Yes,1,84.4,84.4,0.04,3.38,81.02,21.07
178920,75605,2018-01-08,2018-01-14,19158,1359,133,3,12,2,6,4,Yes,1,84.4,84.4,0.03,2.53,81.87,24.56
178921,75606,2018-01-08,2018-01-10,19159,1359,131,3,19,2,2,0,No,1,84.4,84.4,0.02,1.69,82.71,39.7
178922,75607,2018-01-08,2018-01-09,19160,1359,131,1,12,0,1,1,Yes,1,84.4,84.4,0.01,0.84,83.56,38.44
178923,75608,2018-01-08,2018-01-09,19161,1359,121,1,9,0,1,1,Yes,1,84.4,84.4,0.0,0.0,84.4,35.45
178924,75609,2018-01-08,2018-01-09,19162,1359,121,1,13,0,1,1,Yes,1,84.4,84.4,0.25,21.1,63.3,15.83
178925,75610,2018-01-08,2018-01-10,19163,1359,121,2,8,1,2,1,Yes,1,84.4,84.4,0.2,16.88,67.52,22.96
178926,75611,2018-01-08,2018-01-10,19164,1359,121,2,12,1,2,1,Yes,1,84.4,84.4,0.18,15.19,69.21,25.12
178927,75612,2018-01-08,2018-01-10,19165,1359,127,2,8,1,2,1,Yes,1,84.4,84.4,0.17,14.35,70.05,34.33
178928,75613,2018-01-08,2018-01-10,19166,1359,136,2,10,1,2,1,Yes,1,84.4,84.4,0.16,13.5,70.9,34.74
178929,75614,2018-01-08,2018-01-10,19167,1359,127,2,9,1,2,1,Yes,1,84.4,84.4,0.15,12.66,71.74,8.11
178930,75615,2018-01-08,2018-01-10,19168,1359,127,2,9,1,2,1,Yes,1,84.4,84.4,0.13,10.97,73.43,16.89
178931,75616,2018-01-08,2018-01-10,19169,1359,127,2,14,1,2,1,Yes,1,84.4,84.4,0.12,10.13,74.27,34.17
178932,75617,2018-01-08,2018-01-11,19170,1359,127,4,6,4,3,-1,No,1,84.4,84.4,0.1,8.44,75.96,5.7
178933,75618,2018-01-08,2018-01-12,19171,1359,143,4,19,4,4,0,No,1,84.4,84.4,0.09,7.6,76.8,26.88
178934,75619,2018-01-08,2018-01-13,19172,1359,127,4,9,4,5,1,Yes,1,84.4,84.4,0.07,5.91,78.49,27.47
178935,75620,2018-01-08,2018-01-14,19173,1359,127,4,13,4,6,2,Yes,1,84.4,84.4,0.06,4.64,79.76,36.69
178936,75621,2018-01-08,2018-01-10,19174,1359,139,4,3,4,2,-2,No,1,84.4,84.4,0.05,4.22,80.18,8.02
178937,75622,2018-01-08,2018-01-11,19175,1359,139,4,2,4,3,-1,No,1,84.4,84.4,0.04,3.38,81.02,21.07
178938,75623,2018-01-08,2018-01-12,19176,1359,127,4,19,4,4,0,No,1,84.4,84.4,0.03,2.53,81.87,39.3
178939,75624,2018-01-08,2018-01-13,19177,1359,127,4,10,4,5,1,Yes,1,84.4,84.4,0.02,1.69,82.71,21.51
178940,75625,2018-01-08,2018-01-14,19178,1359,127,4,9,4,6,2,Yes,1,84.4,84.4,0.01,0.84,83.56,31.33
178941,75626,2018-01-08,2018-01-10,19179,1359,121,4,2,4,2,-2,No,1,84.4,84.4,0.0,0.0,84.4,26.42
178942,75627,2018-01-08,2018-01-11,19180,1359,121,4,7,4,3,-1,No,1,84.4,84.4,0.25,21.1,63.3,7.91
178943,75628,2018-01-08,2018-01-12,19181,1359,121,4,18,4,4,0,No,1,84.4,84.4,0.2,16.88,67.52,23.63
178944,75629,2018-01-08,2018-01-13,19182,1359,121,4,13,4,5,1,Yes,1,84.4,84.4,0.18,15.19,69.21,-12.87
178945,75630,2018-01-09,2018-01-15,19183,1359,121,4,8,4,6,2,Yes,1,84.4,84.4,0.17,14.35,70.05,18.42
178946,75631,2018-01-09,2018-01-11,19184,1359,121,4,2,4,2,-2,No,1,84.4,84.4,0.16,13.5,70.9,5.32
178947,75632,2018-01-09,2018-01-12,19185,1359,121,4,15,4,3,-1,No,1,84.4,84.4,0.15,12.66,71.74,8.11
178948,75633,2018-01-09,2018-01-13,19186,1359,133,3,9,2,4,2,Yes,1,84.4,84.4,0.13,10.97,73.43,-17.11
178949,75634,2018-01-09,2018-01-14,19187,1359,136,3,8,2,5,3,Yes,1,84.4,84.4,0.12,10.13,74.27,5.57
178950,75635,2018-01-09,2018-01-15,19188,1359,136,3,13,2,6,4,Yes,1,84.4,84.4,0.1,8.44,75.96,-58.26
178951,75636,2018-01-09,2018-01-11,19189,1359,136,3,22,2,2,0,No,1,84.4,84.4,0.09,7.6,76.8,14.59
178952,75637,2018-01-09,2018-01-12,19190,1359,127,3,9,2,3,1,Yes,1,84.4,84.4,0.07,5.91,78.49,-15.7
178953,75638,2018-01-09,2018-01-13,19191,1359,142,3,10,2,4,2,Yes,1,84.4,84.4,0.06,4.64,79.76,35.09
178954,75639,2018-01-09,2018-01-14,19192,1359,142,3,12,2,5,3,Yes,1,84.4,84.4,0.05,4.22,80.18,31.27
178955,75640,2018-01-09,2018-01-15,19193,1359,142,3,16,2,6,4,No,1,84.4,84.4,0.04,3.38,81.02,-24.31
178956,75641,2018-01-09,2018-01-11,19194,1359,142,3,19,2,2,0,No,1,84.4,84.4,0.03,2.53,81.87,-57.31
178957,75642,2018-01-09,2018-01-12,19195,1359,142,3,9,2,3,1,Yes,1,84.4,84.4,0.02,1.69,82.71,6.2
178958,75643,2018-01-09,2018-01-13,19196,1359,142,3,8,2,4,2,Yes,1,84.4,84.4,0.01,0.84,83.56,-19.47
178959,75644,2018-01-09,2018-01-11,19197,1359,142,2,9,1,2,1,Yes,1,84.4,84.4,0.0,0.0,84.4,39.67
178960,75645,2018-01-09,2018-01-11,19198,1359,142,2,13,1,2,1,Yes,1,84.4,84.4,0.25,21.1,63.3,29.12
178961,75646,2018-01-09,2018-01-11,19199,1359,127,2,10,1,2,1,Yes,1,84.4,84.4,0.2,16.88,67.52,2.7
178962,75647,2018-01-09,2018-01-12,19200,1359,143,3,13,2,3,1,Yes,1,84.4,84.4,0.18,15.19,69.21,31.84
178963,75648,2018-01-09,2018-01-13,19201,1359,143,3,9,2,4,2,Yes,1,84.4,84.4,0.17,14.35,70.05,-2.03
178964,75649,2018-01-09,2018-01-14,19202,1359,143,3,14,2,5,3,Yes,1,84.4,84.4,0.16,13.5,70.9,8.01
178965,75650,2018-01-09,2018-01-15,19203,1359,143,4,8,4,6,2,Yes,1,84.4,84.4,0.15,12.66,71.74,4.52
178966,75651,2018-01-09,2018-01-11,19204,1359,121,4,2,4,2,-2,No,1,84.4,84.4,0.13,10.97,73.43,26.65
178967,75652,2018-01-09,2018-01-12,19205,1359,121,4,2,4,3,-1,No,1,84.4,84.4,0.12,10.13,74.27,26.0
178968,75653,2018-01-09,2018-01-13,19206,1359,121,4,22,4,4,0,No,1,84.4,84.4,0.1,8.44,75.96,3.27
178969,75654,2018-01-09,2018-01-14,19207,1359,133,3,14,2,5,3,Yes,1,84.4,84.4,0.09,7.6,76.8,-16.36
178970,75655,2018-01-09,2018-01-15,19208,1359,139,4,13,4,6,2,Yes,1,84.4,84.4,0.07,5.91,78.49,20.41
178971,75656,2018-01-09,2018-01-11,19209,1359,133,4,6,4,2,-2,No,1,84.4,84.4,0.06,4.64,79.76,39.88
178972,75657,2018-01-09,2018-01-12,19210,1359,133,4,1,4,3,-1,No,1,84.4,84.4,0.05,4.22,80.18,36.88
178973,75658,2018-01-09,2018-01-13,19211,1359,133,4,23,4,4,0,No,1,84.4,84.4,0.04,3.38,81.02,26.33
178974,75659,2018-01-09,2018-01-14,19212,1359,133,3,8,2,5,3,Yes,1,84.4,84.4,0.03,2.53,81.87,38.48
178975,75660,2018-01-09,2018-01-15,19213,1359,133,4,8,4,6,2,Yes,1,84.4,84.4,0.02,1.69,82.71,20.68
178976,75661,2018-01-09,2018-01-11,19214,1359,133,4,2,4,2,-2,No,1,84.4,84.4,0.01,0.84,83.56,40.11
178977,75662,2018-01-09,2018-01-12,19215,1359,133,3,13,2,3,1,Yes,1,84.4,84.4,0.0,0.0,84.4,40.51
178978,75663,2018-01-09,2018-01-11,19216,1359,133,2,9,1,2,1,Yes,1,84.4,84.4,0.25,21.1,63.3,17.72
178979,75664,2018-01-09,2018-01-14,19217,1359,133,3,13,2,5,3,Yes,1,84.4,84.4,0.2,16.88,67.52,27.68
178980,75665,2018-01-09,2018-01-15,19218,1359,133,3,13,2,6,4,Yes,1,84.4,84.4,0.18,15.19,69.21,24.22
178981,75666,2018-01-09,2018-01-11,19219,1359,121,2,9,1,2,1,Yes,1,84.4,84.4,0.17,14.35,70.05,33.62
178982,75667,2018-01-09,2018-01-12,19220,1359,121,3,9,2,3,1,Yes,1,84.4,84.4,0.16,13.5,70.9,-15.95
178983,75668,2018-01-09,2018-01-13,19221,1359,127,4,18,4,4,0,No,1,84.4,84.4,0.15,12.66,71.74,7.17
178984,75669,2018-01-09,2018-01-14,19222,1359,127,4,12,4,5,1,Yes,1,84.4,84.4,0.13,10.97,73.43,11.01
178985,75670,2018-01-09,2018-01-15,19223,1359,127,4,12,4,6,2,Yes,1,84.4,84.4,0.12,10.13,74.27,-49.54
178986,75671,2018-01-09,2018-01-11,19224,1359,121,4,2,4,2,-2,No,1,84.4,84.4,0.1,8.44,75.96,4.79
178987,75672,2018-01-09,2018-01-12,19225,1359,121,4,3,4,3,-1,No,1,84.4,84.4,0.09,7.6,76.8,21.12
178988,75673,2018-01-09,2018-01-13,19226,1359,121,4,22,4,4,0,No,1,84.4,84.4,0.07,5.91,78.49,-13.11
178989,75674,2018-01-09,2018-01-14,19227,1359,127,4,14,4,5,1,Yes,1,84.4,84.4,0.06,4.64,79.76,38.28
178990,75675,2018-01-09,2018-01-15,19228,1359,127,4,10,4,6,2,Yes,1,84.4,84.4,0.05,4.22,80.18,3.21
178991,75676,2018-01-09,2018-01-11,19229,1359,121,4,2,4,2,-2,No,1,84.4,84.4,0.04,3.38,81.02,-14.83
178992,75677,2018-01-09,2018-01-12,19230,1359,121,4,4,4,3,-1,No,1,84.4,84.4,0.03,2.53,81.87,27.67
178993,75678,2018-01-09,2018-01-13,19231,1359,143,4,23,4,4,0,No,1,84.4,84.4,0.02,1.69,82.71,28.95
178994,75679,2018-01-09,2018-01-14,19232,1359,143,4,8,4,5,1,Yes,1,84.4,84.4,0.01,0.84,83.56,37.6
178995,75680,2018-01-09,2018-01-15,19233,1359,139,4,12,4,6,2,Yes,1,84.4,84.4,0.0,0.0,84.4,27.43
178996,75681,2018-01-09,2018-01-11,19234,1359,127,4,7,4,2,-2,No,1,84.4,84.4,0.25,21.1,63.3,-17.91
178997,75682,2018-01-09,2018-01-12,19235,1359,144,4,4,4,3,-1,No,1,84.4,84.4,0.2,16.88,67.52,23.63
178998,75683,2018-01-09,2018-01-13,19236,1359,144,4,21,4,4,0,No,1,84.4,84.4,0.18,15.19,69.21,31.14
178999,75684,2018-01-09,2018-01-14,19237,1359,127,4,10,4,5,1,Yes,1,84.4,84.4,0.17,14.35,70.05,17.51
179000,75685,2018-01-09,2018-01-10,19238,1359,127,1,13,0,1,1,Yes,1,84.4,84.4,0.16,13.5,70.9,24.81
179001,75686,2018-01-09,2018-01-10,19239,1359,127,1,8,0,1,1,Yes,1,84.4,84.4,0.15,12.66,71.74,2.15
179002,75687,2018-01-09,2018-01-10,19240,1359,127,1,9,0,1,1,Yes,1,84.4,84.4,0.13,10.97,73.43,21.29
179003,75688,2018-01-09,2018-01-10,19241,1359,127,1,9,0,1,1,Yes,1,84.4,84.4,0.12,10.13,74.27,20.8
179004,75689,2018-01-09,2018-01-10,19242,1359,127,1,8,0,1,1,Yes,1,84.4,84.4,0.1,8.44,75.96,2.28
179005,75690,2018-01-09,2018-01-10,19243,1359,127,1,13,0,1,1,Yes,1,84.4,84.4,0.09,7.6,76.8,22.27
179006,75691,2018-01-09,2018-01-11,19244,1359,127,2,14,1,2,1,Yes,1,84.4,84.4,0.07,5.91,78.49,37.68
179007,75692,2018-01-09,2018-01-11,19245,1359,127,2,9,1,2,1,Yes,1,84.4,84.4,0.06,4.64,79.76,26.96
179008,75693,2018-01-09,2018-01-13,19246,1359,133,4,22,4,4,0,No,1,84.4,84.4,0.05,4.22,80.18,-208.47
179009,75694,2018-01-09,2018-01-14,19247,1359,133,4,13,4,5,1,Yes,1,84.4,84.4,0.04,3.38,81.02,-121.54
179010,75695,2018-01-09,2018-01-15,19248,1359,139,4,14,4,6,2,Yes,1,84.4,84.4,0.03,2.53,81.87,-10.23
179011,75696,2018-01-09,2018-01-11,19249,1359,130,4,7,4,2,-2,No,1,84.4,84.4,0.02,1.69,82.71,27.29
179012,75697,2018-01-09,2018-01-12,19250,1359,127,4,6,4,3,-1,No,1,84.4,84.4,0.01,0.84,83.56,8.36
179013,75698,2018-01-10,2018-01-14,19251,1359,127,4,18,4,4,0,No,1,84.4,84.4,0.0,0.0,84.4,8.44
179014,75699,2018-01-10,2018-01-15,19252,1359,127,4,13,4,5,1,Yes,1,84.4,84.4,0.25,21.1,63.3,18.99
179015,75700,2018-01-10,2018-01-16,19253,1359,127,4,8,4,6,2,Yes,1,84.4,84.4,0.2,16.88,67.52,-43.21
179016,75701,2018-01-10,2018-01-12,19254,1359,127,4,15,4,2,-2,No,1,84.4,84.4,0.18,15.19,69.21,17.99
179017,75702,2018-01-10,2018-01-12,19255,1359,127,2,12,1,2,1,Yes,1,84.4,84.4,0.17,14.35,70.05,19.61
179018,75703,2018-01-10,2018-01-12,19256,1359,127,2,14,1,2,1,Yes,1,84.4,84.4,0.16,13.5,70.9,5.32
179019,75704,2018-01-10,2018-01-12,19257,1359,133,2,12,1,2,1,Yes,1,84.4,84.4,0.15,12.66,71.74,-52.59
179020,75705,2018-01-10,2018-01-12,19258,1359,127,2,9,1,2,1,Yes,1,84.4,84.4,0.13,10.97,73.43,-13.8
179021,75706,2018-01-10,2018-01-12,19259,1359,127,2,10,1,2,1,Yes,1,84.4,84.4,0.12,10.13,74.27,26.0
179022,75707,2018-01-10,2018-01-13,19260,1359,127,4,7,4,3,-1,No,1,84.4,84.4,0.1,8.44,75.96,28.49
179023,75708,2018-01-10,2018-01-14,19261,1359,127,4,22,4,4,0,No,1,84.4,84.4,0.09,7.6,76.8,8.68
179024,75709,2018-01-10,2018-01-15,19262,1359,121,3,13,2,5,3,Yes,1,84.4,84.4,0.07,5.91,78.49,28.49
179025,75710,2018-01-10,2018-01-16,19263,1359,121,3,13,2,6,4,Yes,1,84.4,84.4,0.06,4.64,79.76,39.88
179026,75711,2018-01-10,2018-01-12,19264,1359,121,3,22,2,2,0,No,1,84.4,84.4,0.05,4.22,80.18,26.06
179027,75712,2018-01-10,2018-01-13,19265,1359,121,3,14,2,3,1,Yes,1,84.4,84.4,0.04,3.38,81.02,28.36
179028,75713,2018-01-10,2018-01-14,19266,1359,127,3,9,2,4,2,Yes,1,84.4,84.4,0.03,2.53,81.87,25.62
179029,75714,2018-01-10,2018-01-15,19267,1359,139,3,12,2,5,3,Yes,1,84.4,84.4,0.02,1.69,82.71,28.95
179030,75715,2018-01-10,2018-01-16,19268,1359,139,3,8,2,6,4,Yes,1,84.4,84.4,0.01,0.84,83.56,20.89
179031,75716,2018-01-10,2018-01-12,19269,1359,139,3,17,2,2,0,No,1,84.4,84.4,0.0,0.0,84.4,9.54
179032,75717,2018-01-10,2018-01-13,19270,1359,139,3,9,2,3,1,Yes,1,84.4,84.4,0.25,21.1,63.3,-44.31
179033,75718,2018-01-10,2018-01-14,19271,1359,127,4,22,4,4,0,No,1,84.4,84.4,0.2,16.88,67.52,23.63
179034,75719,2018-01-10,2018-01-15,19272,1359,127,4,9,4,5,1,Yes,1,84.4,84.4,0.18,15.19,69.21,-46.16
179035,75720,2018-01-10,2018-01-10,19273,1359,127,1,17,0,0,0,No,1,84.4,84.4,0.17,14.35,70.05,-49.04
179036,75721,2018-01-10,2018-01-10,19274,1359,127,1,22,0,0,0,No,1,84.4,84.4,0.16,13.5,70.9,-17.72
179037,75722,2018-01-10,2018-01-10,19275,1359,127,1,18,0,0,0,No,1,84.4,84.4,0.15,12.66,71.74,10.33
179038,75723,2018-01-10,2018-01-10,19276,1359,143,1,18,0,0,0,No,1,84.4,84.4,0.13,10.97,73.43,-77.1
179039,75724,2018-01-10,2018-01-10,19277,1359,143,1,16,0,0,0,No,1,84.4,84.4,0.12,10.13,74.27,26.96
179040,75725,2018-01-10,2018-01-16,19278,1359,143,3,9,2,6,4,Yes,1,84.4,84.4,0.1,8.44,75.96,8.58
179041,75726,2018-01-10,2018-01-12,19279,1359,143,3,23,2,2,0,No,1,84.4,84.4,0.09,7.6,76.8,25.96
179042,75727,2018-01-10,2018-01-13,19280,1359,143,3,13,2,3,1,Yes,1,84.4,84.4,0.07,5.91,78.49,4.94
179043,75728,2018-01-10,2018-01-14,19281,1359,143,3,9,2,4,2,Yes,1,84.4,84.4,0.06,4.64,79.76,15.95
179044,75729,2018-01-10,2018-01-15,19282,1360,139,3,15,2,5,3,No,1,327.75,327.75,0.25,81.94,245.81,89.23
179045,75730,2018-01-10,2018-01-16,19283,1360,139,3,13,2,6,4,Yes,1,327.75,327.75,0.2,65.55,262.2,-117.99
179046,75731,2018-01-10,2018-01-12,19284,1360,139,4,6,4,2,-2,No,1,327.75,327.75,0.18,59.0,268.76,-102.93
179047,75732,2018-01-10,2018-01-13,19285,1360,138,4,5,4,3,-1,No,1,327.75,327.75,0.17,55.72,272.03,-199.4
179048,75733,2018-01-10,2018-01-14,19286,1360,121,3,9,2,4,2,Yes,1,327.75,327.75,0.16,52.44,275.31,89.48
179049,75734,2018-01-10,2018-01-15,19287,1360,121,3,9,2,5,3,Yes,1,327.75,327.75,0.15,49.16,278.59,108.65
179050,75735,2018-01-10,2018-01-16,19288,1360,127,4,8,4,6,2,Yes,1,327.75,327.75,0.13,42.61,285.14,139.72
179051,75736,2018-01-10,2018-01-12,19289,1360,127,4,2,4,2,-2,No,1,327.75,327.75,0.12,39.33,288.42,138.44
179052,75737,2018-01-10,2018-01-13,19290,1360,136,4,7,4,3,-1,No,1,327.75,327.75,0.1,32.78,294.98,103.24
179053,75738,2018-01-10,2018-01-14,19291,1360,136,4,22,4,4,0,No,1,327.75,327.75,0.09,29.5,298.25,83.51
179054,75739,2018-01-10,2018-01-15,19292,1360,127,4,9,4,5,1,Yes,1,327.75,327.75,0.07,22.94,304.81,-91.44
179055,75740,2018-01-10,2018-01-16,19293,1360,127,4,14,4,6,2,Yes,1,327.75,327.75,0.06,18.03,309.72,99.11
179056,75741,2018-01-10,2018-01-12,19294,1360,127,4,6,4,2,-2,No,1,327.75,327.75,0.05,16.39,311.36,121.43
179057,75742,2018-01-10,2018-01-13,19295,1360,121,4,16,4,3,-1,No,1,327.75,327.75,0.04,13.11,314.64,110.12
179058,75743,2018-01-10,2018-01-14,19296,1360,121,4,22,4,4,0,No,1,327.75,327.75,0.03,9.83,317.92,-63.58
179059,75744,2018-01-10,2018-01-15,19297,1360,121,4,14,4,5,1,Yes,1,327.75,327.75,0.02,6.56,321.2,-80.3
179060,75745,2018-01-10,2018-01-16,19298,1360,121,4,8,4,6,2,Yes,1,327.75,327.75,0.01,3.28,324.47,121.68
179061,75746,2018-01-10,2018-01-12,19299,1360,139,4,2,4,2,-2,No,1,327.75,327.75,0.0,0.0,327.75,150.77
179062,75747,2018-01-10,2018-01-11,19300,1360,133,1,13,0,1,1,Yes,1,327.75,327.75,0.25,81.94,245.81,15.24
179063,75748,2018-01-10,2018-01-14,19301,1360,127,3,12,2,4,2,Yes,1,327.75,327.75,0.2,65.55,262.2,16.52
179064,75749,2018-01-10,2018-01-15,19302,1360,127,4,16,4,5,1,No,1,327.75,327.75,0.18,59.0,268.76,53.75
179065,75750,2018-01-10,2018-01-16,19303,1360,127,4,8,4,6,2,Yes,1,327.75,327.75,0.17,55.72,272.03,95.21
179066,75751,2018-01-10,2018-01-12,19304,1360,142,4,6,4,2,-2,No,1,327.75,327.75,0.16,52.44,275.31,-61.94
179067,75752,2018-01-10,2018-01-13,19305,1360,127,4,7,4,3,-1,No,1,327.75,327.75,0.15,49.16,278.59,73.27
179068,75753,2018-01-10,2018-01-14,19306,1360,127,3,14,2,4,2,Yes,1,327.75,327.75,0.13,42.61,285.14,-49.9
179069,75754,2018-01-10,2018-01-15,19307,1360,127,3,10,2,5,3,Yes,1,327.75,327.75,0.12,39.33,288.42,-211.41
179070,75755,2018-01-10,2018-01-16,19308,1360,127,4,13,4,6,2,Yes,1,327.75,327.75,0.1,32.78,294.98,-796.43
179071,75756,2018-01-10,2018-01-12,19309,1360,127,4,2,4,2,-2,No,1,327.75,327.75,0.09,29.5,298.25,29.83
179072,75757,2018-01-10,2018-01-13,19310,1360,127,4,6,4,3,-1,No,1,327.75,327.75,0.07,22.94,304.81,-502.93
179073,75758,2018-01-10,2018-01-14,19311,1360,127,3,9,2,4,2,Yes,1,327.75,327.75,0.06,18.03,309.72,58.85
179074,75759,2018-01-10,2018-01-12,19312,1360,127,2,10,1,2,1,Yes,1,327.75,327.75,0.05,16.39,311.36,108.98
179075,75760,2018-01-10,2018-01-16,19313,1360,127,3,9,2,6,4,Yes,1,327.75,327.75,0.04,13.11,314.64,-7.87
179076,75761,2018-01-10,2018-01-12,19314,1360,127,3,22,2,2,0,No,1,327.75,327.75,0.03,9.83,317.92,146.24
179077,75762,2018-01-10,2018-01-13,19315,1360,127,3,10,2,3,1,Yes,1,327.75,327.75,0.02,6.56,321.2,8.03
179078,75763,2018-01-10,2018-01-14,19316,1360,121,3,8,2,4,2,Yes,1,327.75,327.75,0.01,3.28,324.47,113.57
179079,75764,2018-01-10,2018-01-15,19317,1360,121,3,10,2,5,3,Yes,1,327.75,327.75,0.0,0.0,327.75,118.97
179080,75765,2018-01-10,2018-01-16,19318,1360,139,4,9,4,6,2,Yes,1,327.75,327.75,0.25,81.94,245.81,49.16
179081,75766,2018-01-10,2018-01-12,19319,1360,139,4,6,4,2,-2,No,1,327.75,327.75,0.2,65.55,262.2,88.62
179082,75767,2018-01-11,2018-01-14,19320,1360,133,4,7,4,3,-1,No,1,327.75,327.75,0.18,59.0,268.76,45.69
179083,75768,2018-01-11,2018-01-15,19321,1360,133,4,18,4,4,0,No,1,327.75,327.75,0.17,55.72,272.03,30.74
179084,75769,2018-01-11,2018-01-16,19322,1360,127,4,9,4,5,1,Yes,1,327.75,327.75,0.16,52.44,275.31,24.23
179085,75770,2018-01-11,2018-01-17,19323,1360,127,4,12,4,6,2,Yes,1,327.75,327.75,0.15,49.16,278.59,78.0
179086,75771,2018-01-11,2018-01-11,19324,1360,143,1,21,0,0,0,No,1,327.75,327.75,0.13,42.61,285.14,96.95
179087,75772,2018-01-11,2018-01-13,19325,1360,127,2,13,1,2,1,Yes,1,327.75,327.75,0.12,39.33,288.42,61.43
179088,75773,2018-01-11,2018-01-13,19326,1360,139,2,8,1,2,1,Yes,1,327.75,327.75,0.1,32.78,294.98,-486.71
179089,75774,2018-01-11,2018-01-13,19327,1360,121,2,9,1,2,1,Yes,1,327.75,327.75,0.09,29.5,298.25,70.98
179090,75775,2018-01-11,2018-01-13,19328,1360,121,2,9,1,2,1,Yes,1,327.75,327.75,0.07,22.94,304.81,95.4
179091,75776,2018-01-11,2018-01-13,19329,1360,139,2,9,1,2,1,Yes,1,327.75,327.75,0.06,18.03,309.72,-38.72
179092,75777,2018-01-11,2018-01-14,19330,1360,143,3,9,2,3,1,Yes,1,327.75,327.75,0.05,16.39,311.36,41.41
179093,75778,2018-01-11,2018-01-15,19331,1360,121,3,10,2,4,2,Yes,1,327.75,327.75,0.04,13.11,314.64,138.44
179094,75779,2018-01-11,2018-01-16,19332,1360,127,3,9,2,5,3,Yes,1,327.75,327.75,0.03,9.83,317.92,115.4
179095,75780,2018-01-11,2018-01-17,19333,1360,127,4,15,4,6,2,No,1,327.75,327.75,0.02,6.56,321.2,160.6
179096,75781,2018-01-11,2018-01-13,19334,1360,127,4,6,4,2,-2,No,1,327.75,327.75,0.01,3.28,324.47,35.69
179097,75782,2018-01-11,2018-01-14,19335,1360,127,4,3,4,3,-1,No,1,327.75,327.75,0.0,0.0,327.75,95.05
179098,75783,2018-01-11,2018-01-15,19336,1360,121,4,18,4,4,0,No,1,327.75,327.75,0.25,81.94,245.81,86.03
179099,75784,2018-01-11,2018-01-16,19337,1360,133,4,13,4,5,1,Yes,1,327.75,327.75,0.2,65.55,262.2,91.77
179100,75785,2018-01-11,2018-01-17,19338,1360,133,4,9,4,6,2,Yes,1,327.75,327.75,0.18,59.0,268.76,16.93
179101,75786,2018-01-11,2018-01-13,19339,1360,133,2,14,1,2,1,Yes,1,327.75,327.75,0.17,55.72,272.03,23.94
179102,75787,2018-01-11,2018-01-13,19340,1360,121,2,8,1,2,1,Yes,1,327.75,327.75,0.16,52.44,275.31,34.41
179103,75788,2018-01-11,2018-01-13,19341,1360,121,2,12,1,2,1,Yes,1,327.75,327.75,0.15,49.16,278.59,125.36
179104,75789,2018-01-11,2018-01-13,19342,1360,121,2,14,1,2,1,Yes,1,327.75,327.75,0.13,42.61,285.14,57.03
179105,75790,2018-01-11,2018-01-17,19343,1360,121,3,14,2,6,4,Yes,1,327.75,327.75,0.12,39.33,288.42,95.18
179106,75791,2018-01-11,2018-01-13,19344,1360,121,3,21,2,2,0,No,1,327.75,327.75,0.1,32.78,294.98,-796.43
179107,75792,2018-01-11,2018-01-14,19345,1360,121,4,6,4,3,-1,No,1,327.75,327.75,0.09,29.5,298.25,-447.38
179108,75793,2018-01-11,2018-01-15,19346,1360,121,4,22,4,4,0,No,1,327.75,327.75,0.07,22.94,304.81,-472.45
179109,75794,2018-01-11,2018-01-16,19347,1360,127,4,8,4,5,1,Yes,1,327.75,327.75,0.06,18.03,309.72,108.4
179110,75795,2018-01-11,2018-01-17,19348,1360,127,4,9,4,6,2,Yes,1,327.75,327.75,0.05,16.39,311.36,38.92
179111,75796,2018-01-11,2018-01-13,19349,1360,127,3,17,2,2,0,No,1,327.75,327.75,0.04,13.11,314.64,135.3
179112,75797,2018-01-11,2018-01-14,19350,1360,121,4,5,4,3,-1,No,1,327.75,327.75,0.03,9.83,317.92,31.79
179113,75798,2018-01-11,2018-01-15,19351,1360,133,4,23,4,4,0,No,1,327.75,327.75,0.02,6.56,321.2,144.54
179114,75799,2018-01-11,2018-01-16,19352,1360,146,4,9,4,5,1,Yes,1,327.75,327.75,0.01,3.28,324.47,45.43
179115,75800,2018-01-11,2018-01-17,19353,1360,133,4,9,4,6,2,Yes,1,327.75,327.75,0.0,0.0,327.75,40.97
179116,75801,2018-01-11,2018-01-12,19354,1360,133,1,9,0,1,1,Yes,1,327.75,327.75,0.25,81.94,245.81,92.18
179117,75802,2018-01-11,2018-01-12,19355,1360,127,1,16,0,1,1,No,1,327.75,327.75,0.2,65.55,262.2,-43.79
179118,75803,2018-01-11,2018-01-12,19356,1360,127,1,8,0,1,1,Yes,1,327.75,327.75,0.18,59.0,268.76,90.84
179119,75804,2018-01-11,2018-01-12,19357,1360,127,1,9,0,1,1,Yes,1,327.75,327.75,0.17,55.72,272.03,133.3
179120,75805,2018-01-11,2018-01-12,19358,1360,127,1,9,0,1,1,Yes,1,327.75,327.75,0.16,52.44,275.31,123.89
179121,75806,2018-01-11,2018-01-12,19359,1360,121,1,9,0,1,1,Yes,1,327.75,327.75,0.15,49.16,278.59,75.22
179122,75807,2018-01-11,2018-01-12,19360,1360,121,1,13,0,1,1,Yes,1,327.75,327.75,0.13,42.61,285.14,76.99
179123,75808,2018-01-11,2018-01-15,19361,1360,121,3,9,2,4,2,Yes,1,327.75,327.75,0.12,39.33,288.42,112.48
179124,75809,2018-01-11,2018-01-16,19362,1360,121,3,10,2,5,3,Yes,1,327.75,327.75,0.1,32.78,294.98,129.79
179125,75810,2018-01-11,2018-01-17,19363,1360,121,3,10,2,6,4,Yes,1,327.75,327.75,0.09,29.5,298.25,146.14
179126,75811,2018-01-11,2018-01-13,19364,1360,121,2,13,1,2,1,Yes,1,327.75,327.75,0.07,22.94,304.81,-72.54
179127,75812,2018-01-11,2018-01-14,19365,1360,127,3,13,2,3,1,Yes,1,327.75,327.75,0.06,18.03,309.72,148.67
179128,75813,2018-01-11,2018-01-15,19366,1360,144,3,11,2,4,2,Yes,1,327.75,327.75,0.05,16.39,311.36,116.76
179129,75814,2018-01-11,2018-01-16,19367,1360,121,4,13,4,5,1,Yes,1,327.75,327.75,0.04,13.11,314.64,82.75
179130,75815,2018-01-11,2018-01-17,19368,1360,121,4,9,4,6,2,Yes,1,327.75,327.75,0.03,9.83,317.92,87.43
179131,75816,2018-01-11,2018-01-13,19369,1360,141,4,7,4,2,-2,No,1,327.75,327.75,0.02,6.56,321.2,28.27
179132,75817,2018-01-11,2018-01-14,19370,1360,127,4,1,4,3,-1,No,1,327.75,327.75,0.01,3.28,324.47,-237.84
179133,75818,2018-01-11,2018-01-15,19371,1360,127,4,23,4,4,0,No,1,327.75,327.75,0.0,0.0,327.75,-251.38
179134,75819,2018-01-11,2018-01-16,19372,1360,145,4,9,4,5,1,Yes,1,327.75,327.75,0.25,81.94,245.81,-180.18
179135,75820,2018-01-11,2018-01-17,19373,1360,145,4,9,4,6,2,Yes,1,327.75,327.75,0.2,65.55,262.2,91.77
179136,75821,2018-01-11,2018-01-13,19374,1360,133,4,2,4,2,-2,No,1,327.75,327.75,0.18,59.0,268.76,26.88
179137,75822,2018-01-11,2018-01-14,19375,1360,133,4,2,4,3,-1,No,1,327.75,327.75,0.17,55.72,272.03,98.75
179138,75823,2018-01-11,2018-01-15,19376,1360,131,4,21,4,4,0,No,1,327.75,327.75,0.16,52.44,275.31,-183.63
179139,75824,2018-01-11,2018-01-16,19377,1360,131,4,8,4,5,1,Yes,1,327.75,327.75,0.15,49.16,278.59,78.0
179140,75825,2018-01-11,2018-01-17,19378,1360,145,4,9,4,6,2,Yes,1,327.75,327.75,0.13,42.61,285.14,74.14
179141,75826,2018-01-11,2018-01-13,19379,1360,145,4,1,4,2,-2,No,1,327.75,327.75,0.12,39.33,288.42,135.56
179142,75827,2018-01-11,2018-01-14,19380,1360,127,4,2,4,3,-1,No,1,327.75,327.75,0.1,32.78,294.98,95.87
179143,75828,2018-01-11,2018-01-15,19381,1360,139,4,19,4,4,0,No,1,327.75,327.75,0.09,29.5,298.25,20.88
179144,75829,2018-01-11,2018-01-16,19382,1360,139,4,13,4,5,1,Yes,1,327.75,327.75,0.07,22.94,304.81,146.31
179145,75830,2018-01-11,2018-01-17,19383,1360,139,4,13,4,6,2,Yes,1,327.75,327.75,0.06,18.03,309.72,151.76
179146,75831,2018-01-11,2018-01-13,19384,1360,133,2,13,1,2,1,Yes,1,327.75,327.75,0.05,16.39,311.36,0.0
179147,75832,2018-01-11,2018-01-13,19385,1360,133,2,8,1,2,1,Yes,1,327.75,327.75,0.04,13.11,314.64,31.46
179148,75833,2018-01-11,2018-01-13,19386,1360,133,2,9,1,2,1,Yes,1,327.75,327.75,0.03,9.83,317.92,149.42
179149,75834,2018-01-11,2018-01-16,19387,1360,133,3,13,2,5,3,Yes,1,327.75,327.75,0.02,6.56,321.2,93.15
179150,75835,2018-01-12,2018-01-18,19388,1360,133,3,9,2,6,4,Yes,1,327.75,327.75,0.01,3.28,324.47,-146.01
179151,75836,2018-01-12,2018-01-14,19389,1360,143,3,17,2,2,0,No,1,327.75,327.75,0.0,0.0,327.75,-540.79
179152,75837,2018-01-12,2018-01-14,19390,1360,143,2,8,1,2,1,Yes,1,327.75,327.75,0.25,81.94,245.81,76.94
179153,75838,2018-01-12,2018-01-14,19391,1360,125,2,13,1,2,1,Yes,1,327.75,327.75,0.2,65.55,262.2,82.07
179154,75839,2018-01-12,2018-01-17,19392,1360,121,3,14,2,5,3,Yes,1,327.75,327.75,0.18,59.0,268.76,-215.0
179155,75840,2018-01-12,2018-01-18,19393,1360,121,3,8,2,6,4,Yes,1,327.75,327.75,0.17,55.72,272.03,-199.4
179156,75841,2018-01-12,2018-01-14,19394,1360,146,4,2,4,2,-2,No,1,327.75,327.75,0.16,52.44,275.31,134.9
179157,75842,2018-01-12,2018-01-15,19395,1360,146,4,7,4,3,-1,No,1,327.75,327.75,0.15,49.16,278.59,69.65
179158,75843,2018-01-12,2018-01-16,19396,1360,146,3,13,2,4,2,Yes,1,327.75,327.75,0.13,42.61,285.14,82.69
179159,75844,2018-01-12,2018-01-17,19397,1360,146,4,12,4,5,1,Yes,1,327.75,327.75,0.12,39.33,288.42,77.87
179160,75845,2018-01-12,2018-01-18,19398,1360,139,4,13,4,6,2,Yes,1,327.75,327.75,0.1,32.78,294.98,91.44
179161,75846,2018-01-12,2018-01-14,19399,1360,133,4,7,4,2,-2,No,1,327.75,327.75,0.09,29.5,298.25,125.27
179162,75847,2018-01-12,2018-01-15,19400,1360,133,3,16,2,3,1,No,1,327.75,327.75,0.07,22.94,304.81,85.35
179163,75848,2018-01-12,2018-01-16,19401,1360,133,3,13,2,4,2,Yes,1,327.75,327.75,0.06,18.03,309.72,89.82
179164,75849,2018-01-12,2018-01-17,19402,1360,133,4,13,4,5,1,Yes,1,327.75,327.75,0.05,16.39,311.36,97.46
179165,75850,2018-01-12,2018-01-18,19403,1360,133,4,9,4,6,2,Yes,1,327.75,327.75,0.04,13.11,314.64,0.0
179166,75851,2018-01-12,2018-01-14,19404,1360,121,4,5,4,2,-2,No,1,327.75,327.75,0.03,9.83,317.92,111.27
179167,75852,2018-01-12,2018-01-15,19405,1360,136,4,2,4,3,-1,No,1,327.75,327.75,0.02,6.56,321.2,20.24
179168,75853,2018-01-12,2018-01-16,19406,1360,123,3,13,2,4,2,Yes,1,327.75,327.75,0.01,3.28,324.47,-259.58
179169,75854,2018-01-12,2018-01-17,19407,1360,139,3,9,2,5,3,Yes,1,327.75,327.75,0.0,0.0,327.75,-273.02
179170,75855,2018-01-12,2018-01-14,19408,1360,139,2,13,1,2,1,Yes,1,327.75,327.75,0.25,81.94,245.81,63.91
179171,75856,2018-01-12,2018-01-14,19409,1360,121,3,19,2,2,0,No,1,327.75,327.75,0.2,65.55,262.2,85.22
179172,75857,2018-01-12,2018-01-15,19410,1360,127,4,2,4,3,-1,No,1,327.75,327.75,0.18,59.0,268.76,131.69
179173,75858,2018-01-12,2018-01-16,19411,1360,127,3,9,2,4,2,Yes,1,327.75,327.75,0.17,55.72,272.03,111.53
179174,75859,2018-01-12,2018-01-17,19412,1360,121,4,16,4,5,1,No,1,327.75,327.75,0.16,52.44,275.31,-61.94
179175,75860,2018-01-12,2018-01-18,19413,1360,127,4,9,4,6,2,Yes,1,327.75,327.75,0.15,49.16,278.59,-459.67
179176,75861,2018-01-12,2018-01-14,19414,1360,127,4,2,4,2,-2,No,1,327.75,327.75,0.13,42.61,285.14,106.93
179177,75862,2018-01-12,2018-01-15,19415,1360,127,4,5,4,3,-1,No,1,327.75,327.75,0.12,39.33,288.42,-447.05
179178,75863,2018-01-12,2018-01-16,19416,1360,127,4,22,4,4,0,No,1,327.75,327.75,0.1,32.78,294.98,22.12
179179,75864,2018-01-12,2018-01-17,19417,1360,127,4,12,4,5,1,Yes,1,327.75,327.75,0.09,29.5,298.25,146.14
179180,75865,2018-01-12,2018-01-12,19418,1360,127,1,17,0,0,0,No,1,327.75,327.75,0.07,22.94,304.81,-34.75
179181,75866,2018-01-12,2018-01-12,19419,1360,139,1,22,0,0,0,No,1,327.75,327.75,0.06,18.03,309.72,80.53
179182,75867,2018-01-12,2018-01-12,19420,1360,139,1,21,0,0,0,No,1,327.75,327.75,0.05,16.39,311.36,149.45
179183,75868,2018-01-12,2018-01-14,19421,1360,121,2,14,1,2,1,Yes,1,327.75,327.75,0.04,13.11,314.64,100.68
179184,75869,2018-01-12,2018-01-14,19422,1360,133,2,9,1,2,1,Yes,1,327.75,327.75,0.03,9.83,317.92,79.48
179185,75870,2018-01-12,2018-01-14,19423,1360,133,2,9,1,2,1,Yes,1,327.75,327.75,0.02,6.56,321.2,93.15
179186,75871,2018-01-12,2018-01-14,19424,1360,133,2,9,1,2,1,Yes,1,327.75,327.75,0.01,3.28,324.47,32.45
179187,75872,2018-01-12,2018-01-15,19425,1360,133,4,5,4,3,-1,No,1,327.75,327.75,0.0,0.0,327.75,144.21
179188,75873,2018-01-12,2018-01-16,19426,1360,133,4,23,4,4,0,No,1,327.75,327.75,0.25,81.94,245.81,-163.96
179189,75874,2018-01-12,2018-01-17,19427,1360,139,4,13,4,5,1,Yes,1,327.75,327.75,0.2,65.55,262.2,91.77
179190,75875,2018-01-12,2018-01-18,19428,1360,139,3,13,2,6,4,Yes,1,327.75,327.75,0.18,59.0,268.76,131.69
179191,75876,2018-01-12,2018-01-14,19429,1360,139,4,5,4,2,-2,No,1,327.75,327.75,0.17,55.72,272.03,36.18
179192,75877,2018-01-12,2018-01-15,19430,1360,139,4,7,4,3,-1,No,1,327.75,327.75,0.16,52.44,275.31,-55.06
179193,75878,2018-01-12,2018-01-16,19431,1360,133,4,18,4,4,0,No,1,327.75,327.75,0.15,49.16,278.59,20.89
179194,75879,2018-01-12,2018-01-17,19432,1360,133,4,14,4,5,1,Yes,1,327.75,327.75,0.13,42.61,285.14,136.87
179195,75880,2018-01-12,2018-01-18,19433,1360,121,4,9,4,6,2,Yes,1,327.75,327.75,0.12,39.33,288.42,83.64
179196,75881,2018-01-12,2018-01-14,19434,1360,121,4,2,4,2,-2,No,1,327.75,327.75,0.1,32.78,294.98,59.0
179197,75882,2018-01-12,2018-01-15,19435,1360,121,4,5,4,3,-1,No,1,327.75,327.75,0.09,29.5,298.25,74.56
179198,75883,2018-01-12,2018-01-14,19436,1360,121,2,9,1,2,1,Yes,1,327.75,327.75,0.07,22.94,304.81,146.31
179199,75884,2018-01-12,2018-01-17,19437,1360,127,4,12,4,5,1,Yes,1,327.75,327.75,0.06,18.03,309.72,37.17
179200,75885,2018-01-12,2018-01-18,19438,1360,139,3,13,2,6,4,Yes,1,327.75,327.75,0.05,16.39,311.36,-71.3
179201,75886,2018-01-12,2018-01-14,19439,1360,127,4,15,4,2,-2,No,1,327.75,327.75,0.04,13.11,314.64,114.21
179202,75887,2018-01-12,2018-01-15,19440,1360,130,4,2,4,3,-1,No,1,327.75,327.75,0.03,9.83,317.92,111.27
179203,75888,2018-01-12,2018-01-16,19441,1360,130,4,22,4,4,0,No,1,327.75,327.75,0.02,6.56,321.2,-36.3
179204,75889,2018-01-12,2018-01-17,19442,1360,130,4,9,4,5,1,Yes,1,327.75,327.75,0.01,3.28,324.47,24.34
179205,75890,2018-01-12,2018-01-18,19443,1360,121,3,9,2,6,4,Yes,1,327.75,327.75,0.0,0.0,327.75,81.94
179206,75891,2018-01-12,2018-01-14,19444,1360,121,4,2,4,2,-2,No,1,327.75,327.75,0.25,81.94,245.81,103.24
179207,75892,2018-01-12,2018-01-15,19445,1360,133,4,7,4,3,-1,No,1,327.75,327.75,0.2,65.55,262.2,-45.89
179208,75893,2018-01-12,2018-01-16,19446,1360,121,4,23,4,4,0,No,1,327.75,327.75,0.18,59.0,268.76,0.0
179209,75894,2018-01-12,2018-01-17,19447,1360,133,3,12,2,5,3,Yes,1,327.75,327.75,0.17,55.72,272.03,130.58
179210,75895,2018-01-12,2018-01-18,19448,1360,133,4,12,4,6,2,Yes,1,327.75,327.75,0.16,52.44,275.31,86.17
179211,75896,2018-01-12,2018-01-14,19449,1360,127,4,2,4,2,-2,No,1,327.75,327.75,0.15,49.16,278.59,31.48
179212,75897,2018-01-12,2018-01-15,19450,1360,139,4,6,4,3,-1,No,1,327.75,327.75,0.13,42.61,285.14,119.76
179213,75898,2018-01-12,2018-01-16,19451,1360,139,4,17,4,4,0,No,1,327.75,327.75,0.12,39.33,288.42,132.67
179214,75899,2018-01-12,2018-01-13,19452,1360,144,1,9,0,1,1,Yes,1,327.75,327.75,0.1,32.78,294.98,135.69
179215,75900,2018-01-12,2018-01-13,19453,1360,144,1,13,0,1,1,Yes,1,327.75,327.75,0.09,29.5,298.25,143.16
179216,75901,2018-01-12,2018-01-13,19454,1360,127,1,15,0,1,1,No,1,327.75,327.75,0.07,22.94,304.81,57.3
179217,75902,2018-01-12,2018-01-13,19455,1360,127,1,9,0,1,1,Yes,1,327.75,327.75,0.06,18.03,309.72,35.0
179218,75903,2018-01-12,2018-01-14,19456,1360,127,2,9,1,2,1,Yes,1,327.75,327.75,0.05,16.39,311.36,62.27
179219,75904,2018-01-13,2018-01-15,19457,1360,133,2,8,1,2,1,Yes,1,327.75,327.75,0.04,13.11,314.64,151.03
179220,75905,2018-01-13,2018-01-15,19458,1360,144,2,13,1,2,1,Yes,1,327.75,327.75,0.03,9.83,317.92,152.6
179221,75906,2018-01-13,2018-01-15,19459,1360,121,2,13,1,2,1,Yes,1,327.75,327.75,0.02,6.56,321.2,-425.58
179222,75907,2018-01-13,2018-01-15,19460,1360,121,2,9,1,2,1,Yes,1,327.75,327.75,0.01,3.28,324.47,-97.34
179223,75908,2018-01-13,2018-01-17,19461,1360,133,4,22,4,4,0,No,1,327.75,327.75,0.0,0.0,327.75,24.58
179224,75909,2018-01-13,2018-01-18,19462,1360,133,4,9,4,5,1,Yes,1,327.75,327.75,0.25,81.94,245.81,113.07
179225,75910,2018-01-13,2018-01-19,19463,1360,121,4,10,4,6,2,Yes,1,327.75,327.75,0.2,65.55,262.2,73.42
179226,75911,2018-01-13,2018-01-15,19464,1360,121,4,7,4,2,-2,No,1,327.75,327.75,0.18,59.0,268.76,23.65
179227,75912,2018-01-13,2018-01-16,19465,1360,121,4,2,4,3,-1,No,1,327.75,327.75,0.17,55.72,272.03,-17.14
179228,75913,2018-01-13,2018-01-17,19466,1360,121,4,22,4,4,0,No,1,327.75,327.75,0.16,52.44,275.31,82.59
179229,75914,2018-01-13,2018-01-18,19467,1360,127,3,12,2,5,3,Yes,1,327.75,327.75,0.15,49.16,278.59,90.54
179230,75915,2018-01-13,2018-01-19,19468,1360,127,3,9,2,6,4,Yes,1,327.75,327.75,0.13,42.61,285.14,131.17
179231,75916,2018-01-13,2018-01-15,19469,1360,127,3,16,2,2,0,No,1,327.75,327.75,0.12,39.33,288.42,90.28
179232,75917,2018-01-13,2018-01-16,19470,1360,127,3,15,2,3,1,No,1,327.75,327.75,0.1,32.78,294.98,17.7
179233,75918,2018-01-13,2018-01-17,19471,1360,127,3,12,2,4,2,Yes,1,327.75,327.75,0.09,29.5,298.25,22.37
179234,75919,2018-01-13,2018-01-18,19472,1360,133,4,12,4,5,1,Yes,1,327.75,327.75,0.07,22.94,304.81,82.3
179235,75920,2018-01-13,2018-01-13,19473,1360,133,1,23,0,0,0,No,1,327.75,327.75,0.06,18.03,309.72,154.86
179236,75921,2018-01-13,2018-01-13,19474,1360,133,1,22,0,0,0,No,1,327.75,327.75,0.05,16.39,311.36,87.18
179237,75922,2018-01-13,2018-01-15,19475,1360,133,2,9,1,2,1,Yes,1,327.75,327.75,0.04,13.11,314.64,102.26
179238,75923,2018-01-13,2018-01-15,19476,1360,133,2,8,1,2,1,Yes,1,327.75,327.75,0.03,9.83,317.92,23.84
179239,75924,2018-01-13,2018-01-18,19477,1360,125,3,13,2,5,3,Yes,1,327.75,327.75,0.02,6.56,321.2,-246.36
179240,75925,2018-01-13,2018-01-15,19478,1360,133,2,9,1,2,1,Yes,1,327.75,327.75,0.01,3.28,324.47,-259.58
179241,75926,2018-01-13,2018-01-15,19479,1360,133,2,14,1,2,1,Yes,1,327.75,327.75,0.0,0.0,327.75,16.39
179242,75927,2018-01-13,2018-01-15,19480,1360,133,2,9,1,2,1,Yes,1,327.75,327.75,0.25,81.94,245.81,24.58
179243,75928,2018-01-13,2018-01-17,19481,1360,139,3,12,2,4,2,Yes,1,327.75,327.75,0.2,65.55,262.2,21.76
179244,75929,2018-01-13,2018-01-18,19482,1360,139,3,12,2,5,3,Yes,1,327.75,327.75,0.18,59.0,268.76,45.69
179245,75930,2018-01-13,2018-01-19,19483,1360,123,3,16,2,6,4,No,1,327.75,327.75,0.17,55.72,272.03,130.58
179246,75931,2018-01-13,2018-01-15,19484,1360,121,2,8,1,2,1,Yes,1,327.75,327.75,0.16,52.44,275.31,132.15
179247,75932,2018-01-13,2018-01-16,19485,1360,121,3,8,2,3,1,Yes,1,327.75,327.75,0.15,49.16,278.59,133.72
179248,75933,2018-01-13,2018-01-15,19486,1360,121,2,14,1,2,1,Yes,1,327.75,327.75,0.13,42.61,285.14,68.43
179249,75934,2018-01-13,2018-01-15,19487,1360,121,2,9,1,2,1,Yes,1,327.75,327.75,0.12,39.33,288.42,95.18
179250,75935,2018-01-13,2018-01-19,19488,1360,127,4,15,4,6,2,No,1,327.75,327.75,0.1,32.78,294.98,18.58
179251,75936,2018-01-13,2018-01-15,19489,1360,127,4,6,4,2,-2,No,1,327.75,327.75,0.09,29.5,298.25,134.21
179252,75937,2018-01-13,2018-01-16,19490,1360,127,4,2,4,3,-1,No,1,327.75,327.75,0.07,22.94,304.81,22.86
179253,75938,2018-01-13,2018-01-17,19491,1360,133,4,17,4,4,0,No,1,327.75,327.75,0.06,18.03,309.72,-247.78
179254,75939,2018-01-13,2018-01-18,19492,1360,133,4,12,4,5,1,Yes,1,327.75,327.75,0.05,16.39,311.36,-249.09
179255,75940,2018-01-13,2018-01-19,19493,1361,133,4,9,4,6,2,Yes,1,11.54,11.54,0.13,1.5,10.04,-6.7
179256,75941,2018-01-13,2018-01-15,19494,1361,133,4,5,4,2,-2,No,1,11.54,11.54,0.12,1.38,10.16,3.69
179257,75942,2018-01-13,2018-01-16,19495,1361,133,4,5,4,3,-1,No,1,11.54,11.54,0.1,1.15,10.39,3.12
179258,75943,2018-01-13,2018-01-17,19496,1361,133,4,18,4,4,0,No,1,11.54,11.54,0.09,1.04,10.5,2.73
179259,75944,2018-01-13,2018-01-18,19497,1361,133,4,13,4,5,1,Yes,1,11.54,11.54,0.07,0.81,10.73,2.9
179260,75945,2018-01-13,2018-01-19,19498,1361,127,4,8,4,6,2,Yes,1,11.54,11.54,0.06,0.63,10.91,5.23
179261,75946,2018-01-13,2018-01-15,19499,1361,127,2,13,1,2,1,Yes,1,11.54,11.54,0.05,0.58,10.96,5.26
179262,75947,2018-01-13,2018-01-15,19500,1361,127,2,12,1,2,1,Yes,1,11.54,11.54,0.04,0.46,11.08,3.1
179263,75948,2018-01-13,2018-01-15,19501,1361,127,2,10,1,2,1,Yes,1,11.54,11.54,0.03,0.35,11.19,3.13
179264,75949,2018-01-13,2018-01-18,19502,1361,127,3,15,2,5,3,No,1,11.54,11.54,0.02,0.23,11.31,0.79
179265,75950,2018-01-13,2018-01-15,19503,1361,127,2,13,1,2,1,Yes,1,11.54,11.54,0.01,0.12,11.42,-2.28
179266,75951,2018-01-13,2018-01-15,19504,1361,127,2,13,1,2,1,Yes,1,11.54,11.54,0.0,0.0,11.54,-4.62
179267,75952,2018-01-13,2018-01-16,19505,1361,139,3,14,2,3,1,Yes,1,11.54,11.54,0.25,2.89,8.66,3.14
179268,75953,2018-01-13,2018-01-15,19506,1361,121,2,13,1,2,1,Yes,1,11.54,11.54,0.2,2.31,9.23,3.23
179269,75954,2018-01-13,2018-01-18,19507,1361,139,4,9,4,5,1,Yes,1,11.54,11.54,0.18,2.08,9.46,3.08
179270,75955,2018-01-13,2018-01-19,19508,1361,139,3,12,2,6,4,Yes,1,11.54,11.54,0.17,1.96,9.58,4.69
179271,75956,2018-01-13,2018-01-15,19509,1361,127,3,21,2,2,0,No,1,11.54,11.54,0.16,1.85,9.69,-1.94
179272,75957,2018-01-13,2018-01-16,19510,1361,127,3,12,2,3,1,Yes,1,11.54,11.54,0.15,1.73,9.81,3.56
179273,75958,2018-01-13,2018-01-17,19511,1361,143,4,18,4,4,0,No,1,11.54,11.54,0.13,1.5,10.04,3.51
179274,75959,2018-01-13,2018-01-18,19512,1361,143,4,8,4,5,1,Yes,1,11.54,11.54,0.12,1.38,10.16,4.67
179275,75960,2018-01-13,2018-01-19,19513,1361,143,4,9,4,6,2,Yes,1,11.54,11.54,0.1,1.15,10.39,-0.26
179276,75961,2018-01-13,2018-01-15,19514,1361,143,4,6,4,2,-2,No,1,11.54,11.54,0.09,1.04,10.5,0.4
179277,75962,2018-01-13,2018-01-16,19515,1361,143,4,6,4,3,-1,No,1,11.54,11.54,0.07,0.81,10.73,3.65
179278,75963,2018-01-13,2018-01-14,19516,1361,121,1,15,0,1,1,No,1,11.54,11.54,0.06,0.63,10.91,5.13
179279,75964,2018-01-13,2018-01-15,19517,1361,139,2,9,1,2,1,Yes,1,11.54,11.54,0.05,0.58,10.96,2.96
179280,75965,2018-01-13,2018-01-15,19518,1361,139,2,9,1,2,1,Yes,1,11.54,11.54,0.04,0.46,11.08,5.21
179281,75966,2018-01-13,2018-01-15,19519,1361,139,4,7,4,2,-2,No,1,11.54,11.54,0.03,0.35,11.19,-7.84
179282,75967,2018-01-13,2018-01-16,19520,1361,139,4,2,4,3,-1,No,1,11.54,11.54,0.02,0.23,11.31,-9.61
179283,75968,2018-01-13,2018-01-17,19521,1361,139,4,22,4,4,0,No,1,11.54,11.54,0.01,0.12,11.42,-4.57
179284,75969,2018-01-13,2018-01-18,19522,1361,139,4,8,4,5,1,Yes,1,11.54,11.54,0.0,0.0,11.54,-7.85
179285,75970,2018-01-13,2018-01-19,19523,1361,127,4,10,4,6,2,Yes,1,11.54,11.54,0.25,2.89,8.66,1.41
179286,75971,2018-01-13,2018-01-15,19524,1361,139,4,6,4,2,-2,No,1,11.54,11.54,0.2,2.31,9.23,3.35
179287,75972,2018-01-14,2018-01-17,19525,1361,127,4,2,4,3,-1,No,1,11.54,11.54,0.18,2.08,9.46,3.31
179288,75973,2018-01-14,2018-01-18,19526,1361,127,4,21,4,4,0,No,1,11.54,11.54,0.17,1.96,9.58,2.59
179289,75974,2018-01-14,2018-01-19,19527,1361,133,4,13,4,5,1,Yes,1,11.54,11.54,0.16,1.85,9.69,3.15
179290,75975,2018-01-14,2018-01-20,19528,1361,133,4,15,4,6,2,No,1,11.54,11.54,0.15,1.73,9.81,2.55
179291,75976,2018-01-14,2018-01-16,19529,1361,133,4,2,4,2,-2,No,1,11.54,11.54,0.13,1.5,10.04,3.51
179292,75977,2018-01-14,2018-01-17,19530,1361,133,4,7,4,3,-1,No,1,11.54,11.54,0.12,1.38,10.16,-1.91
179293,75978,2018-01-14,2018-01-18,19531,1361,139,4,21,4,4,0,No,1,11.54,11.54,0.1,1.15,10.39,2.6
179294,75979,2018-01-14,2018-01-16,19532,1361,121,2,9,1,2,1,Yes,1,11.54,11.54,0.09,1.04,10.5,4.83
179295,75980,2018-01-14,2018-01-16,19533,1361,121,2,9,1,2,1,Yes,1,11.54,11.54,0.07,0.81,10.73,2.79
179296,75981,2018-01-14,2018-01-16,19534,1361,121,2,9,1,2,1,Yes,1,11.54,11.54,0.06,0.63,10.91,3.16
179297,75982,2018-01-14,2018-01-17,19535,1361,139,3,15,2,3,1,No,1,11.54,11.54,0.05,0.58,10.96,5.26
179298,75983,2018-01-14,2018-01-16,19536,1361,121,2,10,1,2,1,Yes,1,11.54,11.54,0.04,0.46,11.08,5.32
179299,75984,2018-01-14,2018-01-16,19537,1361,121,2,12,1,2,1,Yes,1,11.54,11.54,0.03,0.35,11.19,5.26
179300,75985,2018-01-14,2018-01-16,19538,1361,121,2,13,1,2,1,Yes,1,11.54,11.54,0.02,0.23,11.31,5.43
179301,75986,2018-01-14,2018-01-16,19539,1361,136,3,22,2,2,0,No,1,11.54,11.54,0.01,0.12,11.42,2.17
179302,75987,2018-01-14,2018-01-17,19540,1361,122,3,16,2,3,1,No,1,11.54,11.54,0.0,0.0,11.54,4.85
179303,75988,2018-01-14,2018-01-18,19541,1361,122,4,22,4,4,0,No,1,11.54,11.54,0.25,2.89,8.66,3.46
179304,75989,2018-01-14,2018-01-19,19542,1361,139,4,9,4,5,1,Yes,1,11.54,11.54,0.2,2.31,9.23,4.25
179305,75990,2018-01-14,2018-01-20,19543,1361,127,4,13,4,6,2,Yes,1,11.54,11.54,0.18,2.08,9.46,0.0
179306,75991,2018-01-14,2018-01-16,19544,1361,141,4,1,4,2,-2,No,1,11.54,11.54,0.17,1.96,9.58,0.72
179307,75992,2018-01-14,2018-01-17,19545,1361,141,4,6,4,3,-1,No,1,11.54,11.54,0.16,1.85,9.69,1.36
179308,75993,2018-01-14,2018-01-18,19546,1361,141,4,22,4,4,0,No,1,11.54,11.54,0.15,1.73,9.81,3.32
179309,75994,2018-01-14,2018-01-19,19547,1361,141,4,14,4,5,1,Yes,1,11.54,11.54,0.13,1.5,10.04,0.75
179310,75995,2018-01-14,2018-01-20,19548,1361,127,4,9,4,6,2,Yes,1,11.54,11.54,0.12,1.38,10.16,4.87
179311,75996,2018-01-14,2018-01-14,19549,1361,127,1,18,0,0,0,No,1,11.54,11.54,0.1,1.15,10.39,4.88
179312,75997,2018-01-14,2018-01-14,19550,1361,127,1,18,0,0,0,No,1,11.54,11.54,0.09,1.04,10.5,0.92
179313,75998,2018-01-14,2018-01-14,19551,1361,146,1,21,0,0,0,No,1,11.54,11.54,0.07,0.81,10.73,5.15
179314,75999,2018-01-14,2018-01-14,19552,1361,121,1,18,0,0,0,No,1,11.54,11.54,0.06,0.63,10.91,3.96
179315,76000,2018-01-14,2018-01-20,19553,1361,123,3,9,2,6,4,Yes,1,11.54,11.54,0.05,0.58,10.96,3.56
179316,76001,2018-01-14,2018-01-16,19554,1361,123,3,23,2,2,0,No,1,11.54,11.54,0.04,0.46,11.08,5.43
179317,76002,2018-01-14,2018-01-17,19555,1361,123,3,13,2,3,1,Yes,1,11.54,11.54,0.03,0.35,11.19,-0.45
179318,76003,2018-01-14,2018-01-16,19556,1361,123,2,14,1,2,1,Yes,1,11.54,11.54,0.02,0.23,11.31,1.28
179319,76004,2018-01-14,2018-01-19,19557,1361,123,4,12,4,5,1,Yes,1,11.54,11.54,0.01,0.12,11.42,1.29
179320,76005,2018-01-14,2018-01-20,19558,1361,127,4,13,4,6,2,Yes,1,11.54,11.54,0.0,0.0,11.54,2.89
179321,76006,2018-01-14,2018-01-16,19559,1361,127,4,3,4,2,-2,No,1,11.54,11.54,0.25,2.89,8.66,2.93
179322,76007,2018-01-14,2018-01-17,19560,1361,127,3,9,2,3,1,Yes,1,11.54,11.54,0.2,2.31,9.23,-1.5
179323,76008,2018-01-14,2018-01-18,19561,1361,127,3,13,2,4,2,Yes,1,11.54,11.54,0.18,2.08,9.46,4.54
179324,76009,2018-01-14,2018-01-19,19562,1361,121,4,12,4,5,1,Yes,1,11.54,11.54,0.17,1.96,9.58,4.6
179325,76010,2018-01-14,2018-01-20,19563,1361,123,4,9,4,6,2,Yes,1,11.54,11.54,0.16,1.85,9.69,2.91
179326,76011,2018-01-14,2018-01-16,19564,1361,123,4,2,4,2,-2,No,1,11.54,11.54,0.15,1.73,9.81,3.19
179327,76012,2018-01-14,2018-01-17,19565,1361,121,4,4,4,3,-1,No,1,11.54,11.54,0.13,1.5,10.04,4.72
179328,76013,2018-01-14,2018-01-18,19566,1361,121,4,21,4,4,0,No,1,11.54,11.54,0.12,1.38,10.16,3.45
179329,76014,2018-01-14,2018-01-19,19567,1361,121,4,9,4,5,1,Yes,1,11.54,11.54,0.1,1.15,10.39,0.39
179330,76015,2018-01-14,2018-01-20,19568,1361,121,4,10,4,6,2,Yes,1,11.54,11.54,0.09,1.04,10.5,-7.61
179331,76016,2018-01-14,2018-01-16,19569,1361,133,4,2,4,2,-2,No,1,11.54,11.54,0.07,0.81,10.73,-17.17
179332,76017,2018-01-14,2018-01-17,19570,1361,133,4,2,4,3,-1,No,1,11.54,11.54,0.06,0.63,10.91,-17.99
179333,76018,2018-01-14,2018-01-18,19571,1361,133,4,20,4,4,0,No,1,11.54,11.54,0.05,0.58,10.96,3.98
179334,76019,2018-01-14,2018-01-19,19572,1361,145,4,9,4,5,1,Yes,1,11.54,11.54,0.04,0.46,11.08,0.48
179335,76020,2018-01-14,2018-01-20,19573,1361,121,4,9,4,6,2,Yes,1,11.54,11.54,0.03,0.35,11.19,4.37
179336,76021,2018-01-14,2018-01-16,19574,1361,127,3,19,2,2,0,No,1,11.54,11.54,0.02,0.23,11.31,5.09
179337,76022,2018-01-14,2018-01-17,19575,1361,127,4,7,4,3,-1,No,1,11.54,11.54,0.01,0.12,11.42,5.14
179338,76023,2018-01-14,2018-01-18,19576,1361,127,3,15,2,4,2,No,1,11.54,11.54,0.0,0.0,11.54,3.23
179339,76024,2018-01-14,2018-01-19,19577,1361,143,4,14,4,5,1,Yes,1,11.54,11.54,0.25,2.89,8.66,2.34
179340,76025,2018-01-14,2018-01-20,19578,1361,139,3,13,2,6,4,Yes,1,11.54,11.54,0.2,2.31,9.23,4.43
179341,76026,2018-01-14,2018-01-16,19579,1361,139,3,21,2,2,0,No,1,11.54,11.54,0.18,2.08,9.46,2.74
179342,76027,2018-01-14,2018-01-17,19580,1361,139,4,2,4,3,-1,No,1,11.54,11.54,0.17,1.96,9.58,-3.01
179343,76028,2018-01-14,2018-01-18,19581,1361,139,4,22,4,4,0,No,1,11.54,11.54,0.16,1.85,9.69,-6.3
179344,76029,2018-01-14,2018-01-19,19582,1361,139,3,12,2,5,3,Yes,1,11.54,11.54,0.15,1.73,9.81,4.61
179345,76030,2018-01-14,2018-01-20,19583,1361,127,4,9,4,6,2,Yes,1,11.54,11.54,0.13,1.5,10.04,4.52
179346,76031,2018-01-14,2018-01-16,19584,1361,127,4,6,4,2,-2,No,1,11.54,11.54,0.12,1.38,10.16,4.87
179347,76032,2018-01-14,2018-01-17,19585,1361,127,4,6,4,3,-1,No,1,11.54,11.54,0.1,1.15,10.39,-25.97
179348,76033,2018-01-14,2018-01-18,19586,1361,139,4,18,4,4,0,No,1,11.54,11.54,0.09,1.04,10.5,3.68
179349,76034,2018-01-14,2018-01-16,19587,1361,145,2,8,1,2,1,Yes,1,11.54,11.54,0.07,0.81,10.73,-18.78
179350,76035,2018-01-14,2018-01-16,19588,1361,145,2,9,1,2,1,Yes,1,11.54,11.54,0.06,0.63,10.91,3.96
179351,76036,2018-01-14,2018-01-16,19589,1361,136,3,22,2,2,0,No,1,11.54,11.54,0.05,0.58,10.96,1.1
179352,76037,2018-01-14,2018-01-16,19590,1361,127,2,9,1,2,1,Yes,1,11.54,11.54,0.04,0.46,11.08,4.02
179353,76038,2018-01-14,2018-01-18,19591,1361,127,3,14,2,4,2,Yes,1,11.54,11.54,0.03,0.35,11.19,3.92
179354,76039,2018-01-14,2018-01-19,19592,1361,127,4,13,4,5,1,Yes,1,11.54,11.54,0.02,0.23,11.31,5.09
179355,76040,2018-01-14,2018-01-20,19593,1361,127,4,16,4,6,2,No,1,11.54,11.54,0.01,0.12,11.42,2.86
179356,76041,2018-01-15,2018-01-17,19594,1361,121,4,1,4,2,-2,No,1,11.54,11.54,0.0,0.0,11.54,4.04
179357,76042,2018-01-15,2018-01-18,19595,1361,121,4,1,4,3,-1,No,1,11.54,11.54,0.25,2.89,8.66,3.98
179358,76043,2018-01-15,2018-01-19,19596,1361,121,4,17,4,4,0,No,1,11.54,11.54,0.2,2.31,9.23,0.58
179359,76044,2018-01-15,2018-01-20,19597,1361,133,4,10,4,5,1,Yes,1,11.54,11.54,0.18,2.08,9.46,0.56
179360,76045,2018-01-15,2018-01-21,19598,1361,133,4,9,4,6,2,Yes,1,11.54,11.54,0.17,1.96,9.58,4.5
179361,76046,2018-01-15,2018-01-17,19599,1361,133,4,2,4,2,-2,No,1,11.54,11.54,0.16,1.85,9.69,-6.47
179362,76047,2018-01-15,2018-01-18,19600,1361,133,4,2,4,3,-1,No,1,11.54,11.54,0.15,1.73,9.81,2.84
179363,76048,2018-01-15,2018-01-19,19601,1361,139,4,22,4,4,0,No,1,11.54,11.54,0.13,1.5,10.04,2.91
179364,76049,2018-01-15,2018-01-20,19602,1361,139,4,14,4,5,1,Yes,1,11.54,11.54,0.12,1.38,10.16,1.27
179365,76050,2018-01-15,2018-01-17,19603,1361,136,2,8,1,2,1,Yes,1,11.54,11.54,0.1,1.15,10.39,3.43
179366,76051,2018-01-15,2018-01-17,19604,1361,127,2,14,1,2,1,Yes,1,11.54,11.54,0.09,1.04,10.5,3.15
179367,76052,2018-01-15,2018-01-18,19605,1361,127,3,9,2,3,1,Yes,1,11.54,11.54,0.07,0.81,10.73,-3.76
179368,76053,2018-01-15,2018-01-19,19606,1361,127,3,13,2,4,2,Yes,1,11.54,11.54,0.06,0.63,10.91,3.41
179369,76054,2018-01-15,2018-01-20,19607,1361,123,4,10,4,5,1,Yes,1,11.54,11.54,0.05,0.58,10.96,5.15
179370,76055,2018-01-15,2018-01-21,19608,1361,143,4,13,4,6,2,Yes,1,11.54,11.54,0.04,0.46,11.08,-0.22
179371,76056,2018-01-15,2018-01-17,19609,1361,125,4,6,4,2,-2,No,1,11.54,11.54,0.03,0.35,11.19,5.37
179372,76057,2018-01-15,2018-01-18,19610,1361,121,4,7,4,3,-1,No,1,11.54,11.54,0.02,0.23,11.31,0.25
179373,76058,2018-01-15,2018-01-19,19611,1361,121,4,19,4,4,0,No,1,11.54,11.54,0.01,0.12,11.42,5.71
179374,76059,2018-01-15,2018-01-20,19612,1361,140,4,9,4,5,1,Yes,1,11.54,11.54,0.0,0.0,11.54,3.9
179375,76060,2018-01-15,2018-01-21,19613,1361,140,4,9,4,6,2,Yes,1,11.54,11.54,0.25,2.89,8.66,4.15
179376,76061,2018-01-15,2018-01-17,19614,1361,127,4,16,4,2,-2,No,1,11.54,11.54,0.2,2.31,9.23,4.43
179377,76062,2018-01-15,2018-01-18,19615,1361,127,4,6,4,3,-1,No,1,11.54,11.54,0.18,2.08,9.46,2.37
179378,76063,2018-01-15,2018-01-17,19616,1361,127,2,13,1,2,1,Yes,1,11.54,11.54,0.17,1.96,9.58,1.05
179379,76064,2018-01-15,2018-01-20,19617,1361,139,4,9,4,5,1,Yes,1,11.54,11.54,0.16,1.85,9.69,0.57
179380,76065,2018-01-15,2018-01-21,19618,1361,139,4,10,4,6,2,Yes,1,11.54,11.54,0.15,1.73,9.81,1.11
179381,76066,2018-01-15,2018-01-17,19619,1361,139,4,5,4,2,-2,No,1,11.54,11.54,0.13,1.5,10.04,-0.5
179382,76067,2018-01-15,2018-01-18,19620,1361,139,4,6,4,3,-1,No,1,11.54,11.54,0.12,1.38,10.16,4.87
179383,76068,2018-01-15,2018-01-19,19621,1361,139,4,18,4,4,0,No,1,11.54,11.54,0.1,1.15,10.39,5.09
179384,76069,2018-01-15,2018-01-20,19622,1361,139,4,15,4,5,1,No,1,11.54,11.54,0.09,1.04,10.5,0.11
179385,76070,2018-01-15,2018-01-21,19623,1361,139,4,9,4,6,2,Yes,1,11.54,11.54,0.07,0.81,10.73,5.26
179386,76071,2018-01-15,2018-01-17,19624,1361,144,4,2,4,2,-2,No,1,11.54,11.54,0.06,0.63,10.91,3.16
179387,76072,2018-01-15,2018-01-18,19625,1361,144,4,2,4,3,-1,No,1,11.54,11.54,0.05,0.58,10.96,5.15
179388,76073,2018-01-15,2018-01-19,19626,1361,146,4,19,4,4,0,No,1,11.54,11.54,0.04,0.46,11.08,2.99
179389,76074,2018-01-15,2018-01-20,19627,1361,123,4,13,4,5,1,Yes,1,11.54,11.54,0.03,0.35,11.19,-6.35
179390,76075,2018-01-15,2018-01-21,19628,1361,123,4,13,4,6,2,Yes,1,11.54,11.54,0.02,0.23,11.31,2.26
179391,76076,2018-01-15,2018-01-17,19629,1361,139,4,6,4,2,-2,No,1,11.54,11.54,0.01,0.12,11.42,-9.52
179392,76077,2018-01-15,2018-01-16,19630,1361,146,1,13,0,1,1,Yes,1,11.54,11.54,0.0,0.0,11.54,3.61
179393,76078,2018-01-15,2018-01-19,19631,1361,133,3,8,2,4,2,Yes,1,11.54,11.54,0.25,2.89,8.66,3.03
179394,76079,2018-01-15,2018-01-20,19632,1361,133,3,9,2,5,3,Yes,1,11.54,11.54,0.2,2.31,9.23,4.34
179395,76080,2018-01-15,2018-01-21,19633,1361,127,3,9,2,6,4,Yes,1,11.54,11.54,0.18,2.08,9.46,-0.47
179396,76081,2018-01-15,2018-01-17,19634,1361,127,2,8,1,2,1,Yes,1,11.54,11.54,0.17,1.96,9.58,2.49
179397,76082,2018-01-15,2018-01-17,19635,1361,121,2,10,1,2,1,Yes,1,11.54,11.54,0.16,1.85,9.69,3.52
179398,76083,2018-01-15,2018-01-19,19636,1361,121,3,14,2,4,2,Yes,1,11.54,11.54,0.15,1.73,9.81,4.71
179399,76084,2018-01-15,2018-01-20,19637,1361,121,4,12,4,5,1,Yes,1,11.54,11.54,0.13,1.5,10.04,0.6
179400,76085,2018-01-15,2018-01-21,19638,1361,121,4,8,4,6,2,Yes,1,11.54,11.54,0.12,1.38,10.16,0.76
179401,76086,2018-01-15,2018-01-17,19639,1361,139,4,2,4,2,-2,No,1,11.54,11.54,0.1,1.15,10.39,-7.61
179402,76087,2018-01-15,2018-01-18,19640,1361,139,4,2,4,3,-1,No,1,11.54,11.54,0.09,1.04,10.5,3.55
179403,76088,2018-01-15,2018-01-19,19641,1361,139,4,18,4,4,0,No,1,11.54,11.54,0.07,0.81,10.73,3.76
179404,76089,2018-01-15,2018-01-20,19642,1361,127,4,13,4,5,1,Yes,1,11.54,11.54,0.06,0.63,10.91,4.47
179405,76090,2018-01-15,2018-01-21,19643,1361,139,4,9,4,6,2,Yes,1,11.54,11.54,0.05,0.58,10.96,2.85
179406,76091,2018-01-15,2018-01-17,19644,1361,139,4,2,4,2,-2,No,1,11.54,11.54,0.04,0.46,11.08,5.32
179407,76092,2018-01-15,2018-01-17,19645,1361,139,2,9,1,2,1,Yes,1,11.54,11.54,0.03,0.35,11.19,1.23
179408,76093,2018-01-15,2018-01-19,19646,1361,139,3,9,2,4,2,Yes,1,11.54,11.54,0.02,0.23,11.31,3.17
179409,76094,2018-01-15,2018-01-20,19647,1361,136,3,9,2,5,3,Yes,1,11.54,11.54,0.01,0.12,11.42,0.91
179410,76095,2018-01-15,2018-01-21,19648,1361,136,3,8,2,6,4,Yes,1,11.54,11.54,0.0,0.0,11.54,4.04
179411,76096,2018-01-15,2018-01-17,19649,1361,136,2,13,1,2,1,Yes,1,11.54,11.54,0.25,2.89,8.66,2.38
179412,76097,2018-01-15,2018-01-17,19650,1361,121,2,9,1,2,1,Yes,1,11.54,11.54,0.2,2.31,9.23,-14.77
179413,76098,2018-01-15,2018-01-19,19651,1361,121,4,21,4,4,0,No,1,11.54,11.54,0.18,2.08,9.46,-1.18
179414,76099,2018-01-15,2018-01-20,19652,1361,127,4,9,4,5,1,Yes,1,11.54,11.54,0.17,1.96,9.58,3.11
179415,76100,2018-01-15,2018-01-21,19653,1361,139,4,12,4,6,2,Yes,1,11.54,11.54,0.16,1.85,9.69,3.39
179416,76101,2018-01-15,2018-01-17,19654,1361,133,4,1,4,2,-2,No,1,11.54,11.54,0.15,1.73,9.81,4.61
179417,76102,2018-01-15,2018-01-18,19655,1361,127,4,2,4,3,-1,No,1,11.54,11.54,0.13,1.5,10.04,4.72
179418,76103,2018-01-15,2018-01-19,19656,1361,127,3,9,2,4,2,Yes,1,11.54,11.54,0.12,1.38,10.16,2.74
179419,76104,2018-01-15,2018-01-20,19657,1361,127,3,9,2,5,3,Yes,1,11.54,11.54,0.1,1.15,10.39,1.17
179420,76105,2018-01-15,2018-01-21,19658,1361,133,3,13,2,6,4,Yes,1,11.54,11.54,0.09,1.04,10.5,4.94
179421,76106,2018-01-15,2018-01-17,19659,1361,143,4,6,4,2,-2,No,1,11.54,11.54,0.07,0.81,10.73,3.97
179422,76107,2018-01-15,2018-01-18,19660,1361,143,4,6,4,3,-1,No,1,11.54,11.54,0.06,0.63,10.91,5.02
179423,76108,2018-01-15,2018-01-19,19661,1361,127,4,20,4,4,0,No,1,11.54,11.54,0.05,0.58,10.96,5.15
179424,76109,2018-01-16,2018-01-21,19662,1361,127,4,9,4,5,1,Yes,1,11.54,11.54,0.04,0.46,11.08,5.21
179425,76110,2018-01-16,2018-01-22,19663,1361,136,4,8,4,6,2,Yes,1,11.54,11.54,0.03,0.35,11.19,1.34
179426,76111,2018-01-16,2018-01-18,19664,1361,139,4,1,4,2,-2,No,1,11.54,11.54,0.02,0.23,11.31,0.23
179427,76112,2018-01-16,2018-01-19,19665,1361,139,4,7,4,3,-1,No,1,11.54,11.54,0.01,0.12,11.42,3.43
179428,76113,2018-01-16,2018-01-20,19666,1361,139,4,19,4,4,0,No,1,11.54,11.54,0.0,0.0,11.54,5.54
179429,76114,2018-01-16,2018-01-21,19667,1361,139,4,9,4,5,1,Yes,1,11.54,11.54,0.25,2.89,8.66,0.98
179430,76115,2018-01-16,2018-01-16,19668,1361,139,1,17,0,0,0,No,1,11.54,11.54,0.2,2.31,9.23,-20.77
179431,76116,2018-01-16,2018-01-16,19669,1361,127,1,18,0,0,0,No,1,11.54,11.54,0.18,2.08,9.46,-2.37
179432,76117,2018-01-16,2018-01-19,19670,1361,133,4,2,4,3,-1,No,1,11.54,11.54,0.17,1.96,9.58,2.68
179433,76118,2018-01-16,2018-01-20,19671,1361,145,4,18,4,4,0,No,1,11.54,11.54,0.16,1.85,9.69,-0.69
179434,76119,2018-01-16,2018-01-21,19672,1361,139,4,12,4,5,1,Yes,1,11.54,11.54,0.15,1.73,9.81,-7.85
179435,76120,2018-01-16,2018-01-22,19673,1361,127,4,9,4,6,2,Yes,1,11.54,11.54,0.13,1.5,10.04,-0.43
179436,76121,2018-01-16,2018-01-18,19674,1361,127,4,7,4,2,-2,No,1,11.54,11.54,0.12,1.38,10.16,2.84
179437,76122,2018-01-16,2018-01-19,19675,1361,143,3,12,2,3,1,Yes,1,11.54,11.54,0.1,1.15,10.39,-7.61
179438,76123,2018-01-16,2018-01-20,19676,1361,143,3,12,2,4,2,Yes,1,11.54,11.54,0.09,1.04,10.5,-2.1
179439,76124,2018-01-16,2018-01-21,19677,1361,127,4,10,4,5,1,Yes,1,11.54,11.54,0.07,0.81,10.73,5.37
179440,76125,2018-01-16,2018-01-22,19678,1361,127,3,8,2,6,4,Yes,1,11.54,11.54,0.06,0.63,10.91,4.91
179441,76126,2018-01-16,2018-01-18,19679,1361,127,3,18,2,2,0,No,1,11.54,11.54,0.05,0.58,10.96,0.55
179442,76127,2018-01-16,2018-01-19,19680,1361,127,4,3,4,3,-1,No,1,11.54,11.54,0.04,0.46,11.08,5.21
179443,76128,2018-01-16,2018-01-20,19681,1361,127,4,22,4,4,0,No,1,11.54,11.54,0.03,0.35,11.19,0.84
179444,76129,2018-01-16,2018-01-21,19682,1361,136,4,12,4,5,1,Yes,1,11.54,11.54,0.02,0.23,11.31,4.41
179445,76130,2018-01-16,2018-01-22,19683,1361,121,3,9,2,6,4,Yes,1,11.54,11.54,0.01,0.12,11.42,4.0
179446,76131,2018-01-16,2018-01-18,19684,1361,121,4,7,4,2,-2,No,1,11.54,11.54,0.0,0.0,11.54,3.75
179447,76132,2018-01-16,2018-01-19,19685,1361,122,4,1,4,3,-1,No,1,11.54,11.54,0.25,2.89,8.66,2.25
179448,76133,2018-01-16,2018-01-20,19686,1361,122,4,23,4,4,0,No,1,11.54,11.54,0.2,2.31,9.23,3.12
179449,76134,2018-01-16,2018-01-21,19687,1361,122,4,16,4,5,1,No,1,11.54,11.54,0.18,2.08,9.46,-15.14
179450,76135,2018-01-16,2018-01-22,19688,1361,122,4,13,4,6,2,Yes,1,11.54,11.54,0.17,1.96,9.58,3.0
179451,76136,2018-01-16,2018-01-16,19689,1361,122,1,17,0,0,0,No,1,11.54,11.54,0.16,1.85,9.69,3.68
179452,76137,2018-01-16,2018-01-16,19690,1361,127,1,23,0,0,0,No,1,11.54,11.54,0.15,1.73,9.81,3.32
179453,76138,2018-01-16,2018-01-18,19691,1361,127,2,9,1,2,1,Yes,1,11.54,11.54,0.13,1.5,10.04,4.72
179454,76139,2018-01-16,2018-01-21,19692,1361,127,4,9,4,5,1,Yes,1,11.54,11.54,0.12,1.38,10.16,4.87
179455,76140,2018-01-16,2018-01-22,19693,1361,127,4,8,4,6,2,Yes,1,11.54,11.54,0.1,1.15,10.39,2.7
179456,76141,2018-01-16,2018-01-18,19694,1361,133,4,7,4,2,-2,No,1,11.54,11.54,0.09,1.04,10.5,2.73
179457,76142,2018-01-16,2018-01-19,19695,1361,133,4,6,4,3,-1,No,1,11.54,11.54,0.07,0.81,10.73,2.04
179458,76143,2018-01-16,2018-01-20,19696,1361,133,4,19,4,4,0,No,1,11.54,11.54,0.06,0.63,10.91,3.49
179459,76144,2018-01-16,2018-01-21,19697,1361,145,4,13,4,5,1,Yes,1,11.54,11.54,0.05,0.58,10.96,2.85
179460,76145,2018-01-16,2018-01-22,19698,1361,145,4,10,4,6,2,Yes,1,11.54,11.54,0.04,0.46,11.08,4.02
179461,76146,2018-01-16,2018-01-18,19699,1361,139,4,2,4,2,-2,No,1,11.54,11.54,0.03,0.35,11.19,3.25
179462,76147,2018-01-16,2018-01-19,19700,1361,138,4,2,4,3,-1,No,1,11.54,11.54,0.02,0.23,11.31,3.11
179463,76148,2018-01-16,2018-01-20,19701,1361,138,4,22,4,4,0,No,1,11.54,11.54,0.01,0.12,11.42,3.08
179464,76149,2018-01-16,2018-01-17,19702,1361,138,1,9,0,1,1,Yes,1,11.54,11.54,0.0,0.0,11.54,5.54
179465,76150,2018-01-16,2018-01-22,19703,1361,138,4,12,4,6,2,Yes,1,11.54,11.54,0.25,2.89,8.66,-4.33
179466,76151,2018-01-16,2018-01-18,19704,1361,138,4,2,4,2,-2,No,1,11.54,11.54,0.2,2.31,9.23,-25.39
179467,76152,2018-01-16,2018-01-19,19705,1361,138,4,5,4,3,-1,No,1,11.54,11.54,0.18,2.08,9.46,-16.56
179468,76153,2018-01-16,2018-01-20,19706,1361,143,4,21,4,4,0,No,1,11.54,11.54,0.17,1.96,9.58,4.41
179469,76154,2018-01-16,2018-01-21,19707,1361,127,4,14,4,5,1,Yes,1,11.54,11.54,0.16,1.85,9.69,1.58
179470,76155,2018-01-16,2018-01-22,19708,1361,127,4,9,4,6,2,Yes,1,11.54,11.54,0.15,1.73,9.81,0.86
179471,76156,2018-01-16,2018-01-18,19709,1361,127,4,7,4,2,-2,No,1,11.54,11.54,0.13,1.5,10.04,2.71
179472,76157,2018-01-16,2018-01-19,19710,1361,127,4,1,4,3,-1,No,1,11.54,11.54,0.12,1.38,10.16,4.16
179473,76158,2018-01-16,2018-01-20,19711,1361,127,4,22,4,4,0,No,1,11.54,11.54,0.1,1.15,10.39,0.14
179474,76159,2018-01-16,2018-01-21,19712,1361,121,4,8,4,5,1,Yes,1,11.54,11.54,0.09,1.04,10.5,3.55
179475,76160,2018-01-16,2018-01-22,19713,1361,139,4,12,4,6,2,Yes,1,11.54,11.54,0.07,0.81,10.73,3.63
179476,76161,2018-01-16,2018-01-18,19714,1361,139,4,2,4,2,-2,No,1,11.54,11.54,0.06,0.63,10.91,3.82
179477,76162,2018-01-16,2018-01-19,19715,1361,133,4,7,4,3,-1,No,1,11.54,11.54,0.05,0.58,10.96,1.21
179478,76163,2018-01-16,2018-01-20,19716,1361,133,4,17,4,4,0,No,1,11.54,11.54,0.04,0.46,11.08,4.76
179479,76164,2018-01-16,2018-01-21,19717,1361,133,4,8,4,5,1,Yes,1,11.54,11.54,0.03,0.35,11.19,-2.24
179480,76165,2018-01-16,2018-01-22,19718,1361,121,4,9,4,6,2,Yes,1,11.54,11.54,0.02,0.23,11.31,3.17
179481,76166,2018-01-16,2018-01-18,19719,1361,133,4,5,4,2,-2,No,1,11.54,11.54,0.01,0.12,11.42,5.26
179482,76167,2018-01-16,2018-01-19,19720,1361,133,4,7,4,3,-1,No,1,11.54,11.54,0.0,0.0,11.54,3.9
179483,76168,2018-01-16,2018-01-20,19721,1361,125,4,22,4,4,0,No,1,11.54,11.54,0.25,2.89,8.66,3.25
179484,76169,2018-01-16,2018-01-21,19722,1361,125,4,16,4,5,1,No,1,11.54,11.54,0.2,2.31,9.23,4.15
179485,76170,2018-01-16,2018-01-18,19723,1361,129,2,9,1,2,1,Yes,1,11.54,11.54,0.18,2.08,9.46,1.51
179486,76171,2018-01-16,2018-01-18,19724,1361,129,2,9,1,2,1,Yes,1,11.54,11.54,0.17,1.96,9.58,2.3
179487,76172,2018-01-16,2018-01-18,19725,1361,129,2,14,1,2,1,Yes,1,11.54,11.54,0.16,1.85,9.69,4.56
179488,76173,2018-01-16,2018-01-18,19726,1361,129,2,9,1,2,1,Yes,1,11.54,11.54,0.15,1.73,9.81,3.19
179489,76174,2018-01-16,2018-01-18,19727,1361,129,2,9,1,2,1,Yes,1,11.54,11.54,0.13,1.5,10.04,3.64
179490,76175,2018-01-16,2018-01-22,19728,1361,141,4,13,4,6,2,Yes,1,11.54,11.54,0.12,1.38,10.16,3.43
179491,76176,2018-01-16,2018-01-18,19729,1361,145,4,2,4,2,-2,No,1,11.54,11.54,0.1,1.15,10.39,3.01
179492,76177,2018-01-16,2018-01-19,19730,1361,145,4,1,4,3,-1,No,1,11.54,11.54,0.09,1.04,10.5,3.05
179493,76178,2018-01-17,2018-01-21,19731,1361,127,4,18,4,4,0,No,1,11.54,11.54,0.07,0.81,10.73,5.15
179494,76179,2018-01-17,2018-01-22,19732,1361,127,4,8,4,5,1,Yes,1,11.54,11.54,0.06,0.63,10.91,5.34
179495,76180,2018-01-17,2018-01-23,19733,1361,145,4,9,4,6,2,Yes,1,11.54,11.54,0.05,0.58,10.96,3.71
179496,76181,2018-01-17,2018-01-19,19734,1361,145,4,2,4,2,-2,No,1,11.54,11.54,0.04,0.46,11.08,0.33
179497,76182,2018-01-17,2018-01-20,19735,1361,130,4,2,4,3,-1,No,1,11.54,11.54,0.03,0.35,11.19,0.22
179498,76183,2018-01-17,2018-01-21,19736,1361,139,3,8,2,4,2,Yes,1,11.54,11.54,0.02,0.23,11.31,3.28
179499,76184,2018-01-17,2018-01-22,19737,1361,139,3,9,2,5,3,Yes,1,11.54,11.54,0.01,0.12,11.42,1.43
179500,76185,2018-01-17,2018-01-23,19738,1361,145,3,10,2,6,4,Yes,1,11.54,11.54,0.0,0.0,11.54,4.15
179501,76186,2018-01-17,2018-01-19,19739,1361,145,2,9,1,2,1,Yes,1,11.54,11.54,0.25,2.89,8.66,4.15
179502,76187,2018-01-17,2018-01-19,19740,1361,145,2,12,1,2,1,Yes,1,11.54,11.54,0.2,2.31,9.23,1.38
179503,76188,2018-01-17,2018-01-19,19741,1361,141,2,14,1,2,1,Yes,1,11.54,11.54,0.18,2.08,9.46,0.47
179504,76189,2018-01-17,2018-01-22,19742,1361,141,4,14,4,5,1,Yes,1,11.54,11.54,0.17,1.96,9.58,4.6
179505,76190,2018-01-17,2018-01-23,19743,1361,141,4,9,4,6,2,Yes,1,11.54,11.54,0.16,1.85,9.69,3.15
179506,76191,2018-01-17,2018-01-19,19744,1361,141,3,21,2,2,0,No,1,11.54,11.54,0.15,1.73,9.81,-2.21
179507,76192,2018-01-17,2018-01-20,19745,1361,141,3,13,2,3,1,Yes,1,11.54,11.54,0.13,1.5,10.04,4.52
179508,76193,2018-01-17,2018-01-21,19746,1361,125,3,13,2,4,2,Yes,1,11.54,11.54,0.12,1.38,10.16,0.76
179509,76194,2018-01-17,2018-01-19,19747,1361,125,2,9,1,2,1,Yes,1,11.54,11.54,0.1,1.15,10.39,0.11
179510,76195,2018-01-17,2018-01-23,19748,1361,141,3,9,2,6,4,Yes,1,11.54,11.54,0.09,1.04,10.5,4.94
179511,76196,2018-01-17,2018-01-19,19749,1361,141,3,18,2,2,0,No,1,11.54,11.54,0.07,0.81,10.73,3.11
179512,76197,2018-01-17,2018-01-20,19750,1361,127,4,7,4,3,-1,No,1,11.54,11.54,0.06,0.63,10.91,2.42
179513,76198,2018-01-17,2018-01-21,19751,1361,139,4,18,4,4,0,No,1,11.54,11.54,0.05,0.58,10.96,5.26
179514,76199,2018-01-17,2018-01-22,19752,1361,139,4,10,4,5,1,Yes,1,11.54,11.54,0.04,0.46,11.08,4.99
179515,76200,2018-01-17,2018-01-23,19753,1361,139,4,9,4,6,2,Yes,1,11.54,11.54,0.03,0.35,11.19,2.91
179516,76201,2018-01-17,2018-01-19,19754,1361,141,4,2,4,2,-2,No,1,11.54,11.54,0.02,0.23,11.31,3.17
179517,76202,2018-01-17,2018-01-20,19755,1361,145,4,6,4,3,-1,No,1,11.54,11.54,0.01,0.12,11.42,3.86
179518,76203,2018-01-17,2018-01-21,19756,1361,145,4,17,4,4,0,No,1,11.54,11.54,0.0,0.0,11.54,1.44
179519,76204,2018-01-17,2018-01-22,19757,1361,133,4,8,4,5,1,Yes,1,11.54,11.54,0.25,2.89,8.66,0.65
179520,76205,2018-01-17,2018-01-23,19758,1361,139,4,12,4,6,2,Yes,1,11.54,11.54,0.2,2.31,9.23,0.92
179521,76206,2018-01-17,2018-01-19,19759,1361,139,3,18,2,2,0,No,1,11.54,11.54,0.18,2.08,9.46,2.96
179522,76207,2018-01-17,2018-01-20,19760,1361,127,4,2,4,3,-1,No,1,11.54,11.54,0.17,1.96,9.58,2.87
179523,76208,2018-01-17,2018-01-21,19761,1361,127,4,18,4,4,0,No,1,11.54,11.54,0.16,1.85,9.69,1.07
179524,76209,2018-01-17,2018-01-22,19762,1361,127,4,12,4,5,1,Yes,1,11.54,11.54,0.15,1.73,9.81,1.57
179525,76210,2018-01-17,2018-01-23,19763,1361,127,4,13,4,6,2,Yes,1,11.54,11.54,0.13,1.5,10.04,2.81
179526,76211,2018-01-17,2018-01-19,19764,1361,127,4,3,4,2,-2,No,1,11.54,11.54,0.12,1.38,10.16,2.74
179527,76212,2018-01-17,2018-01-20,19765,1361,127,4,6,4,3,-1,No,1,11.54,11.54,0.1,1.15,10.39,-1.17
179528,76213,2018-01-17,2018-01-21,19766,1361,127,4,17,4,4,0,No,1,11.54,11.54,0.09,1.04,10.5,2.94
179529,76214,2018-01-17,2018-01-22,19767,1361,127,3,9,2,5,3,Yes,1,11.54,11.54,0.07,0.81,10.73,3.22
179530,76215,2018-01-17,2018-01-23,19768,1362,121,4,13,4,6,2,Yes,1,39.75,39.75,0.07,2.78,36.97,-96.12
179531,76216,2018-01-17,2018-01-19,19769,1362,121,4,5,4,2,-2,No,1,39.75,39.75,0.06,2.19,37.56,11.76
179532,76217,2018-01-17,2018-01-20,19770,1362,139,4,6,4,3,-1,No,1,39.75,39.75,0.05,1.99,37.76,2.83
179533,76218,2018-01-17,2018-01-19,19771,1362,139,2,13,1,2,1,Yes,1,39.75,39.75,0.04,1.59,38.16,0.5
179534,76219,2018-01-17,2018-01-19,19772,1362,127,2,9,1,2,1,Yes,1,39.75,39.75,0.03,1.19,38.56,9.18
179535,76220,2018-01-17,2018-01-23,19773,1362,127,3,12,2,6,4,Yes,1,39.75,39.75,0.02,0.8,38.96,14.8
179536,76221,2018-01-17,2018-01-19,19774,1362,127,3,17,2,2,0,No,1,39.75,39.75,0.01,0.4,39.35,13.77
179537,76222,2018-01-17,2018-01-20,19775,1362,127,3,9,2,3,1,Yes,1,39.75,39.75,0.0,0.0,39.75,15.5
179538,76223,2018-01-17,2018-01-21,19776,1362,127,4,22,4,4,0,No,1,39.75,39.75,0.25,9.94,29.81,2.98
179539,76224,2018-01-17,2018-01-22,19777,1362,127,4,13,4,5,1,Yes,1,39.75,39.75,0.2,7.95,31.8,6.36
179540,76225,2018-01-17,2018-01-23,19778,1362,133,4,16,4,6,2,No,1,39.75,39.75,0.18,7.16,32.6,16.3
179541,76226,2018-01-17,2018-01-19,19779,1362,133,4,2,4,2,-2,No,1,39.75,39.75,0.17,6.76,32.99,15.18
179542,76227,2018-01-17,2018-01-20,19780,1362,133,4,2,4,3,-1,No,1,39.75,39.75,0.16,6.36,33.39,15.36
179543,76228,2018-01-17,2018-01-21,19781,1362,133,4,18,4,4,0,No,1,39.75,39.75,0.15,5.96,33.79,1.01
179544,76229,2018-01-17,2018-01-22,19782,1362,139,4,9,4,5,1,Yes,1,39.75,39.75,0.13,5.17,34.58,9.34
179545,76230,2018-01-17,2018-01-23,19783,1362,133,4,8,4,6,2,Yes,1,39.75,39.75,0.12,4.77,34.98,17.49
179546,76231,2018-01-17,2018-01-19,19784,1362,145,4,3,4,2,-2,No,1,39.75,39.75,0.1,3.98,35.78,17.17
179547,76232,2018-01-17,2018-01-20,19785,1362,145,4,5,4,3,-1,No,1,39.75,39.75,0.09,3.58,36.17,16.64
179548,76233,2018-01-17,2018-01-21,19786,1362,145,4,16,4,4,0,No,1,39.75,39.75,0.07,2.78,36.97,-1.07
179549,76234,2018-01-17,2018-01-22,19787,1362,143,4,13,4,5,1,Yes,1,39.75,39.75,0.06,2.19,37.56,-0.53
179550,76235,2018-01-17,2018-01-23,19788,1362,127,4,13,4,6,2,Yes,1,39.75,39.75,0.05,1.99,37.76,-11.86
179551,76236,2018-01-17,2018-01-19,19789,1362,127,4,1,4,2,-2,No,1,39.75,39.75,0.04,1.59,38.16,6.68
179552,76237,2018-01-17,2018-01-20,19790,1362,127,4,1,4,3,-1,No,1,39.75,39.75,0.03,1.19,38.56,14.65
179553,76238,2018-01-17,2018-01-21,19791,1362,127,4,17,4,4,0,No,1,39.75,39.75,0.02,0.8,38.96,12.47
179554,76239,2018-01-17,2018-01-22,19792,1362,127,4,9,4,5,1,Yes,1,39.75,39.75,0.01,0.4,39.35,18.89
179555,76240,2018-01-17,2018-01-23,19793,1362,121,4,13,4,6,2,Yes,1,39.75,39.75,0.0,0.0,39.75,19.48
179556,76241,2018-01-17,2018-01-19,19794,1362,121,4,6,4,2,-2,No,1,39.75,39.75,0.25,9.94,29.81,14.31
179557,76242,2018-01-17,2018-01-20,19795,1362,121,4,15,4,3,-1,No,1,39.75,39.75,0.2,7.95,31.8,0.32
179558,76243,2018-01-17,2018-01-21,19796,1362,123,3,9,2,4,2,Yes,1,39.75,39.75,0.18,7.16,32.6,3.26
179559,76244,2018-01-17,2018-01-22,19797,1362,139,3,10,2,5,3,Yes,1,39.75,39.75,0.17,6.76,32.99,-23.09
179560,76245,2018-01-17,2018-01-23,19798,1362,127,3,13,2,6,4,Yes,1,39.75,39.75,0.16,6.36,33.39,8.68
179561,76246,2018-01-18,2018-01-20,19799,1362,121,3,18,2,2,0,No,1,39.75,39.75,0.15,5.96,33.79,11.49
179562,76247,2018-01-18,2018-01-21,19800,1362,133,3,9,2,3,1,Yes,1,39.75,39.75,0.13,5.17,34.58,3.91
179563,76248,2018-01-18,2018-01-22,19801,1362,133,3,9,2,4,2,Yes,1,39.75,39.75,0.12,4.77,34.98,16.09
179564,76249,2018-01-18,2018-01-23,19802,1362,133,3,10,2,5,3,Yes,1,39.75,39.75,0.1,3.98,35.78,15.03
179565,76250,2018-01-18,2018-01-24,19803,1362,139,3,14,2,6,4,Yes,1,39.75,39.75,0.09,3.58,36.17,-30.13
179566,76251,2018-01-18,2018-01-20,19804,1362,139,3,21,2,2,0,No,1,39.75,39.75,0.07,2.78,36.97,10.35
179567,76252,2018-01-18,2018-01-20,19805,1362,139,2,12,1,2,1,Yes,1,39.75,39.75,0.06,2.19,37.56,10.14
179568,76253,2018-01-18,2018-01-22,19806,1362,133,4,22,4,4,0,No,1,39.75,39.75,0.05,1.99,37.76,15.86
179569,76254,2018-01-18,2018-01-23,19807,1362,133,4,9,4,5,1,Yes,1,39.75,39.75,0.04,1.59,38.16,18.32
179570,76255,2018-01-18,2018-01-24,19808,1362,141,4,8,4,6,2,Yes,1,39.75,39.75,0.03,1.19,38.56,-104.11
179571,76256,2018-01-18,2018-01-20,19809,1362,141,4,2,4,2,-2,No,1,39.75,39.75,0.02,0.8,38.96,18.7
179572,76257,2018-01-18,2018-01-21,19810,1362,127,3,8,2,3,1,Yes,1,39.75,39.75,0.01,0.4,39.35,19.68
179573,76258,2018-01-18,2018-01-22,19811,1362,127,3,9,2,4,2,Yes,1,39.75,39.75,0.0,0.0,39.75,10.34
179574,76259,2018-01-18,2018-01-23,19812,1362,127,3,9,2,5,3,Yes,1,39.75,39.75,0.25,9.94,29.81,14.31
179575,76260,2018-01-18,2018-01-24,19813,1362,133,4,9,4,6,2,Yes,1,39.75,39.75,0.2,7.95,31.8,8.9
179576,76261,2018-01-18,2018-01-20,19814,1362,136,4,5,4,2,-2,No,1,39.75,39.75,0.18,7.16,32.6,-5.74
179577,76262,2018-01-18,2018-01-21,19815,1362,121,4,5,4,3,-1,No,1,39.75,39.75,0.17,6.76,32.99,-56.09
179578,76263,2018-01-18,2018-01-22,19816,1362,143,4,18,4,4,0,No,1,39.75,39.75,0.16,6.36,33.39,8.68
179579,76264,2018-01-18,2018-01-20,19817,1362,143,2,13,1,2,1,Yes,1,39.75,39.75,0.15,5.96,33.79,9.12
179580,76265,2018-01-18,2018-01-24,19818,1362,141,3,14,2,6,4,Yes,1,39.75,39.75,0.13,5.17,34.58,5.88
179581,76266,2018-01-18,2018-01-20,19819,1362,141,3,20,2,2,0,No,1,39.75,39.75,0.12,4.77,34.98,6.16
179582,76267,2018-01-18,2018-01-21,19820,1362,121,3,12,2,3,1,Yes,1,39.75,39.75,0.1,3.98,35.78,2.68
179583,76268,2018-01-18,2018-01-22,19821,1362,121,3,13,2,4,2,Yes,1,39.75,39.75,0.09,3.58,36.17,-3.18
179584,76269,2018-01-18,2018-01-23,19822,1362,121,3,13,2,5,3,Yes,1,39.75,39.75,0.07,2.78,36.97,17.37
179585,76270,2018-01-18,2018-01-24,19823,1362,133,4,9,4,6,2,Yes,1,39.75,39.75,0.06,2.19,37.56,9.39
179586,76271,2018-01-18,2018-01-20,19824,1362,121,4,2,4,2,-2,No,1,39.75,39.75,0.05,1.99,37.76,3.32
179587,76272,2018-01-18,2018-01-21,19825,1362,133,4,6,4,3,-1,No,1,39.75,39.75,0.04,1.59,38.16,12.4
179588,76273,2018-01-18,2018-01-22,19826,1362,133,4,17,4,4,0,No,1,39.75,39.75,0.03,1.19,38.56,-9.18
179589,76274,2018-01-18,2018-01-23,19827,1362,133,4,13,4,5,1,Yes,1,39.75,39.75,0.02,0.8,38.96,12.19
179590,76275,2018-01-18,2018-01-24,19828,1362,133,4,9,4,6,2,Yes,1,39.75,39.75,0.01,0.4,39.35,18.5
179591,76276,2018-01-18,2018-01-20,19829,1362,121,4,2,4,2,-2,No,1,39.75,39.75,0.0,0.0,39.75,17.89
179592,76277,2018-01-18,2018-01-21,19830,1362,121,4,1,4,3,-1,No,1,39.75,39.75,0.25,9.94,29.81,5.07
179593,76278,2018-01-18,2018-01-22,19831,1362,121,3,9,2,4,2,Yes,1,39.75,39.75,0.2,7.95,31.8,11.45
179594,76279,2018-01-18,2018-01-23,19832,1362,127,3,13,2,5,3,Yes,1,39.75,39.75,0.18,7.16,32.6,8.47
179595,76280,2018-01-18,2018-01-24,19833,1362,127,3,15,2,6,4,No,1,39.75,39.75,0.17,6.76,32.99,15.18
179596,76281,2018-01-18,2018-01-20,19834,1362,127,3,21,2,2,0,No,1,39.75,39.75,0.16,6.36,33.39,8.68
179597,76282,2018-01-18,2018-01-21,19835,1362,127,3,13,2,3,1,Yes,1,39.75,39.75,0.15,5.96,33.79,10.58
179598,76283,2018-01-18,2018-01-22,19836,1362,139,3,8,2,4,2,Yes,1,39.75,39.75,0.13,5.17,34.58,10.37
179599,76284,2018-01-18,2018-01-23,19837,1362,139,3,14,2,5,3,Yes,1,39.75,39.75,0.12,4.77,34.98,10.14
179600,76285,2018-01-18,2018-01-24,19838,1362,121,4,11,4,6,2,Yes,1,39.75,39.75,0.1,3.98,35.78,1.07
179601,76286,2018-01-18,2018-01-20,19839,1362,133,4,7,4,2,-2,No,1,39.75,39.75,0.09,3.58,36.17,10.13
179602,76287,2018-01-18,2018-01-21,19840,1362,133,4,2,4,3,-1,No,1,39.75,39.75,0.07,2.78,36.97,9.98
179603,76288,2018-01-18,2018-01-22,19841,1362,133,4,17,4,4,0,No,1,39.75,39.75,0.06,2.19,37.56,4.7
179604,76289,2018-01-18,2018-01-23,19842,1362,127,4,14,4,5,1,Yes,1,39.75,39.75,0.05,1.99,37.76,18.88
179605,76290,2018-01-18,2018-01-24,19843,1362,127,4,12,4,6,2,Yes,1,39.75,39.75,0.04,1.59,38.16,-27.97
179606,76291,2018-01-18,2018-01-20,19844,1362,121,4,16,4,2,-2,No,1,39.75,39.75,0.03,1.19,38.56,18.12
179607,76292,2018-01-18,2018-01-21,19845,1362,121,4,2,4,3,-1,No,1,39.75,39.75,0.02,0.8,38.96,2.92
179608,76293,2018-01-18,2018-01-22,19846,1362,143,4,23,4,4,0,No,1,39.75,39.75,0.01,0.4,39.35,3.46
179609,76294,2018-01-18,2018-01-23,19847,1362,143,4,10,4,5,1,Yes,1,39.75,39.75,0.0,0.0,39.75,0.0
179610,76295,2018-01-18,2018-01-24,19848,1362,143,4,16,4,6,2,No,1,39.75,39.75,0.25,9.94,29.81,-11.93
179611,76296,2018-01-18,2018-01-20,19849,1362,143,4,1,4,2,-2,No,1,39.75,39.75,0.2,7.95,31.8,-13.86
179612,76297,2018-01-18,2018-01-21,19850,1362,143,4,5,4,3,-1,No,1,39.75,39.75,0.18,7.16,32.6,-21.74
179613,76298,2018-01-18,2018-01-22,19851,1362,143,4,17,4,4,0,No,1,39.75,39.75,0.17,6.76,32.99,-0.43
179614,76299,2018-01-18,2018-01-23,19852,1362,139,4,9,4,5,1,Yes,1,39.75,39.75,0.16,6.36,33.39,8.68
179615,76300,2018-01-18,2018-01-24,19853,1362,139,4,8,4,6,2,Yes,1,39.75,39.75,0.15,5.96,33.79,8.78
179616,76301,2018-01-18,2018-01-20,19854,1362,145,4,7,4,2,-2,No,1,39.75,39.75,0.13,5.17,34.58,16.25
179617,76302,2018-01-18,2018-01-21,19855,1362,145,4,6,4,3,-1,No,1,39.75,39.75,0.12,4.77,34.98,17.49
179618,76303,2018-01-18,2018-01-22,19856,1362,145,4,22,4,4,0,No,1,39.75,39.75,0.1,3.98,35.78,8.94
179619,76304,2018-01-18,2018-01-23,19857,1362,141,4,14,4,5,1,Yes,1,39.75,39.75,0.09,3.58,36.17,8.68
179620,76305,2018-01-18,2018-01-24,19858,1362,141,3,8,2,6,4,Yes,1,39.75,39.75,0.07,2.78,36.97,10.35
179621,76306,2018-01-18,2018-01-20,19859,1362,146,3,17,2,2,0,No,1,39.75,39.75,0.06,2.19,37.56,17.65
179622,76307,2018-01-18,2018-01-21,19860,1362,127,3,13,2,3,1,Yes,1,39.75,39.75,0.05,1.99,37.76,-28.96
179623,76308,2018-01-18,2018-01-22,19861,1362,133,3,14,2,4,2,Yes,1,39.75,39.75,0.04,1.59,38.16,12.4
179624,76309,2018-01-18,2018-01-23,19862,1362,121,3,13,2,5,3,Yes,1,39.75,39.75,0.03,1.19,38.56,13.5
179625,76310,2018-01-18,2018-01-24,19863,1362,138,3,10,2,6,4,Yes,1,39.75,39.75,0.02,0.8,38.96,10.52
179626,76311,2018-01-18,2018-01-20,19864,1362,138,2,11,1,2,1,Yes,1,39.75,39.75,0.01,0.4,39.35,19.28
179627,76312,2018-01-18,2018-01-20,19865,1362,138,2,9,1,2,1,Yes,1,39.75,39.75,0.0,0.0,39.75,19.48
179628,76313,2018-01-18,2018-01-22,19866,1362,138,3,12,2,4,2,Yes,1,39.75,39.75,0.25,9.94,29.81,14.31
179629,76314,2018-01-18,2018-01-23,19867,1362,138,4,8,4,5,1,Yes,1,39.75,39.75,0.2,7.95,31.8,15.26
179630,76315,2018-01-19,2018-01-25,19868,1362,121,4,10,4,6,2,Yes,1,39.75,39.75,0.18,7.16,32.6,0.0
179631,76316,2018-01-19,2018-01-21,19869,1362,127,4,2,4,2,-2,No,1,39.75,39.75,0.17,6.76,32.99,15.18
179632,76317,2018-01-19,2018-01-22,19870,1362,127,4,2,4,3,-1,No,1,39.75,39.75,0.16,6.36,33.39,-25.61
179633,76318,2018-01-19,2018-01-23,19871,1362,121,4,18,4,4,0,No,1,39.75,39.75,0.15,5.96,33.79,12.26
179634,76319,2018-01-19,2018-01-24,19872,1362,121,4,9,4,5,1,Yes,1,39.75,39.75,0.13,5.17,34.58,12.1
179635,76320,2018-01-19,2018-01-25,19873,1362,121,4,14,4,6,2,Yes,1,39.75,39.75,0.12,4.77,34.98,7.45
179636,76321,2018-01-19,2018-01-21,19874,1362,146,4,2,4,2,-2,No,1,39.75,39.75,0.1,3.98,35.78,6.26
179637,76322,2018-01-19,2018-01-21,19875,1362,146,2,9,1,2,1,Yes,1,39.75,39.75,0.09,3.58,36.17,5.43
179638,76323,2018-01-19,2018-01-23,19876,1362,146,4,18,4,4,0,No,1,39.75,39.75,0.07,2.78,36.97,4.18
179639,76324,2018-01-19,2018-01-24,19877,1362,139,4,8,4,5,1,Yes,1,39.75,39.75,0.06,2.19,37.56,-26.29
179640,76325,2018-01-19,2018-01-25,19878,1362,121,4,12,4,6,2,Yes,1,39.75,39.75,0.05,1.99,37.76,9.44
179641,76326,2018-01-19,2018-01-21,19879,1362,121,4,2,4,2,-2,No,1,39.75,39.75,0.04,1.59,38.16,16.03
179642,76327,2018-01-19,2018-01-22,19880,1362,121,4,2,4,3,-1,No,1,39.75,39.75,0.03,1.19,38.56,19.28
179643,76328,2018-01-19,2018-01-23,19881,1362,127,4,17,4,4,0,No,1,39.75,39.75,0.02,0.8,38.96,18.31
179644,76329,2018-01-19,2018-01-24,19882,1362,136,4,8,4,5,1,Yes,1,39.75,39.75,0.01,0.4,39.35,3.46
179645,76330,2018-01-19,2018-01-25,19883,1362,146,4,13,4,6,2,Yes,1,39.75,39.75,0.0,0.0,39.75,-6.96
179646,76331,2018-01-19,2018-01-21,19884,1362,133,4,3,4,2,-2,No,1,39.75,39.75,0.25,9.94,29.81,3.37
179647,76332,2018-01-19,2018-01-22,19885,1362,133,4,7,4,3,-1,No,1,39.75,39.75,0.2,7.95,31.8,2.8
179648,76333,2018-01-19,2018-01-23,19886,1362,136,4,18,4,4,0,No,1,39.75,39.75,0.18,7.16,32.6,11.08
179649,76334,2018-01-19,2018-01-24,19887,1362,121,4,12,4,5,1,Yes,1,39.75,39.75,0.17,6.76,32.99,-49.49
179650,76335,2018-01-19,2018-01-21,19888,1362,127,2,14,1,2,1,Yes,1,39.75,39.75,0.16,6.36,33.39,3.67
179651,76336,2018-01-19,2018-01-21,19889,1362,139,2,15,1,2,1,No,1,39.75,39.75,0.15,5.96,33.79,15.2
179652,76337,2018-01-19,2018-01-19,19890,1362,133,1,18,0,0,0,No,1,39.75,39.75,0.13,5.17,34.58,15.56
179653,76338,2018-01-19,2018-01-21,19891,1362,133,2,12,1,2,1,Yes,1,39.75,39.75,0.12,4.77,34.98,11.82
179654,76339,2018-01-19,2018-01-24,19892,1362,121,4,9,4,5,1,Yes,1,39.75,39.75,0.1,3.98,35.78,16.1
179655,76340,2018-01-19,2018-01-25,19893,1362,133,4,13,4,6,2,Yes,1,39.75,39.75,0.09,3.58,36.17,-3.18
179656,76341,2018-01-19,2018-01-21,19894,1362,133,4,5,4,2,-2,No,1,39.75,39.75,0.07,2.78,36.97,7.87
179657,76342,2018-01-19,2018-01-22,19895,1362,121,4,6,4,3,-1,No,1,39.75,39.75,0.06,2.19,37.56,18.03
179658,76343,2018-01-19,2018-01-23,19896,1362,121,4,22,4,4,0,No,1,39.75,39.75,0.05,1.99,37.76,8.99
179659,76344,2018-01-19,2018-01-24,19897,1362,121,4,13,4,5,1,Yes,1,39.75,39.75,0.04,1.59,38.16,6.68
179660,76345,2018-01-19,2018-01-25,19898,1362,145,3,13,2,6,4,Yes,1,39.75,39.75,0.03,1.19,38.56,14.0
179661,76346,2018-01-19,2018-01-21,19899,1362,145,3,22,2,2,0,No,1,39.75,39.75,0.02,0.8,38.96,-6.35
179662,76347,2018-01-19,2018-01-22,19900,1362,145,3,12,2,3,1,Yes,1,39.75,39.75,0.01,0.4,39.35,1.46
179663,76348,2018-01-19,2018-01-23,19901,1362,123,3,11,2,4,2,Yes,1,39.75,39.75,0.0,0.0,39.75,10.73
179664,76349,2018-01-19,2018-01-21,19902,1362,123,2,10,1,2,1,Yes,1,39.75,39.75,0.25,9.94,29.81,9.69
179665,76350,2018-01-19,2018-01-21,19903,1362,136,2,13,1,2,1,Yes,1,39.75,39.75,0.2,7.95,31.8,13.04
179666,76351,2018-01-19,2018-01-21,19904,1362,141,2,13,1,2,1,Yes,1,39.75,39.75,0.18,7.16,32.6,-25.0
179667,76352,2018-01-19,2018-01-21,19905,1362,127,2,13,1,2,1,Yes,1,39.75,39.75,0.17,6.76,32.99,15.18
179668,76353,2018-01-19,2018-01-23,19906,1362,127,3,15,2,4,2,No,1,39.75,39.75,0.16,6.36,33.39,12.02
179669,76354,2018-01-19,2018-01-24,19907,1362,127,4,10,4,5,1,Yes,1,39.75,39.75,0.15,5.96,33.79,11.83
179670,76355,2018-01-19,2018-01-25,19908,1362,146,4,13,4,6,2,Yes,1,39.75,39.75,0.13,5.17,34.58,12.1
179671,76356,2018-01-19,2018-01-21,19909,1362,146,4,7,4,2,-2,No,1,39.75,39.75,0.12,4.77,34.98,0.7
179672,76357,2018-01-19,2018-01-22,19910,1362,133,4,2,4,3,-1,No,1,39.75,39.75,0.1,3.98,35.78,2.15
179673,76358,2018-01-19,2018-01-23,19911,1362,127,4,18,4,4,0,No,1,39.75,39.75,0.09,3.58,36.17,-2.13
179674,76359,2018-01-19,2018-01-24,19912,1362,127,4,13,4,5,1,Yes,1,39.75,39.75,0.07,2.78,36.97,-27.1
179675,76360,2018-01-19,2018-01-20,19913,1362,127,1,9,0,1,1,Yes,1,39.75,39.75,0.06,2.19,37.56,0.38
179676,76361,2018-01-19,2018-01-21,19914,1362,127,3,18,2,2,0,No,1,39.75,39.75,0.05,1.99,37.76,11.33
179677,76362,2018-01-19,2018-01-22,19915,1362,127,3,9,2,3,1,Yes,1,39.75,39.75,0.04,1.59,38.16,4.77
179678,76363,2018-01-19,2018-01-23,19916,1362,127,4,16,4,4,0,No,1,39.75,39.75,0.03,1.19,38.56,-63.62
179679,76364,2018-01-19,2018-01-24,19917,1362,127,4,9,4,5,1,Yes,1,39.75,39.75,0.02,0.8,38.96,-66.22
179680,76365,2018-01-19,2018-01-25,19918,1362,121,4,10,4,6,2,Yes,1,39.75,39.75,0.01,0.4,39.35,-9.37
179681,76366,2018-01-19,2018-01-21,19919,1362,121,3,23,2,2,0,No,1,39.75,39.75,0.0,0.0,39.75,3.5
179682,76367,2018-01-19,2018-01-22,19920,1362,127,3,14,2,3,1,Yes,1,39.75,39.75,0.25,9.94,29.81,-2.62
179683,76368,2018-01-19,2018-01-23,19921,1362,127,3,9,2,4,2,Yes,1,39.75,39.75,0.2,7.95,31.8,10.49
179684,76369,2018-01-19,2018-01-24,19922,1362,127,4,13,4,5,1,Yes,1,39.75,39.75,0.18,7.16,32.6,15.97
179685,76370,2018-01-19,2018-01-25,19923,1362,127,4,9,4,6,2,Yes,1,39.75,39.75,0.17,6.76,32.99,15.51
179686,76371,2018-01-19,2018-01-21,19924,1362,127,4,2,4,2,-2,No,1,39.75,39.75,0.16,6.36,33.39,16.03
179687,76372,2018-01-19,2018-01-22,19925,1362,121,4,5,4,3,-1,No,1,39.75,39.75,0.15,5.96,33.79,-7.6
179688,76373,2018-01-19,2018-01-23,19926,1362,121,4,15,4,4,0,No,1,39.75,39.75,0.13,5.17,34.58,5.88
179689,76374,2018-01-19,2018-01-24,19927,1362,121,3,9,2,5,3,Yes,1,39.75,39.75,0.12,4.77,34.98,-25.64
179690,76375,2018-01-19,2018-01-25,19928,1362,121,4,10,4,6,2,Yes,1,39.75,39.75,0.1,3.98,35.78,-26.22
179691,76376,2018-01-19,2018-01-21,19929,1362,121,4,1,4,2,-2,No,1,39.75,39.75,0.09,3.58,36.17,-27.74
179692,76377,2018-01-19,2018-01-22,19930,1362,121,4,2,4,3,-1,No,1,39.75,39.75,0.07,2.78,36.97,12.94
179693,76378,2018-01-19,2018-01-23,19931,1362,121,4,22,4,4,0,No,1,39.75,39.75,0.06,2.19,37.56,-50.07
179694,76379,2018-01-19,2018-01-24,19932,1362,144,4,13,4,5,1,Yes,1,39.75,39.75,0.05,1.99,37.76,-27.68
179695,76380,2018-01-19,2018-01-25,19933,1362,144,4,8,4,6,2,Yes,1,39.75,39.75,0.04,1.59,38.16,-0.95
179696,76381,2018-01-19,2018-01-21,19934,1362,144,4,6,4,2,-2,No,1,39.75,39.75,0.03,1.19,38.56,-7.71
179697,76382,2018-01-19,2018-01-22,19935,1362,127,4,2,4,3,-1,No,1,39.75,39.75,0.02,0.8,38.96,7.79
179698,76383,2018-01-20,2018-01-24,19936,1362,123,4,17,4,4,0,No,1,39.75,39.75,0.01,0.4,39.35,8.85
179699,76384,2018-01-20,2018-01-25,19937,1362,123,4,8,4,5,1,Yes,1,39.75,39.75,0.0,0.0,39.75,3.98
179700,76385,2018-01-20,2018-01-26,19938,1362,127,4,9,4,6,2,Yes,1,39.75,39.75,0.25,9.94,29.81,3.37
179701,76386,2018-01-20,2018-01-22,19939,1362,133,3,18,2,2,0,No,1,39.75,39.75,0.2,7.95,31.8,-1.81
179702,76387,2018-01-20,2018-01-23,19940,1362,133,3,11,2,3,1,Yes,1,39.75,39.75,0.18,7.16,32.6,-13.85
179703,76388,2018-01-20,2018-01-24,19941,1362,133,4,18,4,4,0,No,1,39.75,39.75,0.17,6.76,32.99,7.42
179704,76389,2018-01-20,2018-01-25,19942,1362,133,3,13,2,5,3,Yes,1,39.75,39.75,0.16,6.36,33.39,16.7
179705,76390,2018-01-20,2018-01-26,19943,1362,139,4,13,4,6,2,Yes,1,39.75,39.75,0.15,5.96,33.79,16.22
179706,76391,2018-01-20,2018-01-22,19944,1362,139,3,18,2,2,0,No,1,39.75,39.75,0.13,5.17,34.58,-40.63
179707,76392,2018-01-20,2018-01-23,19945,1362,133,3,14,2,3,1,Yes,1,39.75,39.75,0.12,4.77,34.98,8.75
179708,76393,2018-01-20,2018-01-24,19946,1362,133,4,22,4,4,0,No,1,39.75,39.75,0.1,3.98,35.78,12.52
179709,76394,2018-01-20,2018-01-25,19947,1362,127,4,9,4,5,1,Yes,1,39.75,39.75,0.09,3.58,36.17,6.33
179710,76395,2018-01-20,2018-01-26,19948,1362,127,3,8,2,6,4,Yes,1,39.75,39.75,0.07,2.78,36.97,7.76
179711,76396,2018-01-20,2018-01-22,19949,1362,133,3,23,2,2,0,No,1,39.75,39.75,0.06,2.19,37.56,11.27
179712,76397,2018-01-20,2018-01-23,19950,1362,121,3,12,2,3,1,Yes,1,39.75,39.75,0.05,1.99,37.76,-94.41
179713,76398,2018-01-20,2018-01-24,19951,1362,133,4,20,4,4,0,No,1,39.75,39.75,0.04,1.59,38.16,-66.78
179714,76399,2018-01-20,2018-01-25,19952,1362,133,4,9,4,5,1,Yes,1,39.75,39.75,0.03,1.19,38.56,-65.55
179715,76400,2018-01-20,2018-01-26,19953,1362,133,4,13,4,6,2,Yes,1,39.75,39.75,0.02,0.8,38.96,13.24
179716,76401,2018-01-20,2018-01-22,19954,1362,133,4,3,4,2,-2,No,1,39.75,39.75,0.01,0.4,39.35,0.0
179717,76402,2018-01-20,2018-01-22,19955,1362,133,2,8,1,2,1,Yes,1,39.75,39.75,0.0,0.0,39.75,5.17
179718,76403,2018-01-20,2018-01-22,19956,1362,133,2,14,1,2,1,Yes,1,39.75,39.75,0.25,9.94,29.81,11.93
179719,76404,2018-01-20,2018-01-22,19957,1362,133,2,10,1,2,1,Yes,1,39.75,39.75,0.2,7.95,31.8,10.49
179720,76405,2018-01-20,2018-01-26,19958,1362,133,3,13,2,6,4,Yes,1,39.75,39.75,0.18,7.16,32.6,9.13
179721,76406,2018-01-20,2018-01-22,19959,1362,133,4,3,4,2,-2,No,1,39.75,39.75,0.17,6.76,32.99,10.72
179722,76407,2018-01-20,2018-01-23,19960,1362,133,3,12,2,3,1,Yes,1,39.75,39.75,0.16,6.36,33.39,12.02
179723,76408,2018-01-20,2018-01-24,19961,1362,125,3,14,2,4,2,Yes,1,39.75,39.75,0.15,5.96,33.79,9.73
179724,76409,2018-01-20,2018-01-25,19962,1362,125,3,13,2,5,3,Yes,1,39.75,39.75,0.13,5.17,34.58,12.97
179725,76410,2018-01-20,2018-01-26,19963,1362,125,3,14,2,6,4,Yes,1,39.75,39.75,0.12,4.77,34.98,-23.33
179726,76411,2018-01-20,2018-01-22,19964,1362,125,4,2,4,2,-2,No,1,39.75,39.75,0.1,3.98,35.78,12.52
179727,76412,2018-01-20,2018-01-23,19965,1362,125,4,7,4,3,-1,No,1,39.75,39.75,0.09,3.58,36.17,-1.37
179728,76413,2018-01-20,2018-01-24,19966,1362,127,4,17,4,4,0,No,1,39.75,39.75,0.07,2.78,36.97,-5.55
179729,76414,2018-01-20,2018-01-20,19967,1362,139,1,19,0,0,0,No,1,39.75,39.75,0.06,2.19,37.56,13.15
179730,76415,2018-01-20,2018-01-20,19968,1362,139,1,22,0,0,0,No,1,39.75,39.75,0.05,1.99,37.76,9.93
179731,76416,2018-01-20,2018-01-20,19969,1362,139,1,16,0,0,0,No,1,39.75,39.75,0.04,1.59,38.16,11.07
179732,76417,2018-01-20,2018-01-22,19970,1362,141,2,9,1,2,1,Yes,1,39.75,39.75,0.03,1.19,38.56,11.57
179733,76418,2018-01-20,2018-01-24,19971,1362,141,3,14,2,4,2,Yes,1,39.75,39.75,0.02,0.8,38.96,2.45
179734,76419,2018-01-20,2018-01-25,19972,1362,141,4,8,4,5,1,Yes,1,39.75,39.75,0.01,0.4,39.35,4.92
179735,76420,2018-01-20,2018-01-26,19973,1362,141,4,9,4,6,2,Yes,1,39.75,39.75,0.0,0.0,39.75,-33.11
179736,76421,2018-01-20,2018-01-22,19974,1362,133,4,2,4,2,-2,No,1,39.75,39.75,0.25,9.94,29.81,-22.87
179737,76422,2018-01-20,2018-01-23,19975,1362,133,4,7,4,3,-1,No,1,39.75,39.75,0.2,7.95,31.8,2.23
179738,76423,2018-01-20,2018-01-24,19976,1362,133,4,23,4,4,0,No,1,39.75,39.75,0.18,7.16,32.6,11.73
179739,76424,2018-01-20,2018-01-25,19977,1362,127,4,13,4,5,1,Yes,1,39.75,39.75,0.17,6.76,32.99,-57.74
179740,76425,2018-01-20,2018-01-26,19978,1362,143,4,9,4,6,2,Yes,1,39.75,39.75,0.16,6.36,33.39,-8.35
179741,76426,2018-01-20,2018-01-22,19979,1362,143,4,5,4,2,-2,No,1,39.75,39.75,0.15,5.96,33.79,-6.35
179742,76427,2018-01-20,2018-01-23,19980,1362,143,4,6,4,3,-1,No,1,39.75,39.75,0.13,5.17,34.58,4.32
179743,76428,2018-01-20,2018-01-24,19981,1362,133,4,18,4,4,0,No,1,39.75,39.75,0.12,4.77,34.98,3.5
179744,76429,2018-01-20,2018-01-25,19982,1362,127,4,9,4,5,1,Yes,1,39.75,39.75,0.1,3.98,35.78,2.93
179745,76430,2018-01-20,2018-01-26,19983,1362,133,4,9,4,6,2,Yes,1,39.75,39.75,0.09,3.58,36.17,7.6
179746,76431,2018-01-20,2018-01-22,19984,1362,133,4,2,4,2,-2,No,1,39.75,39.75,0.07,2.78,36.97,12.01
179747,76432,2018-01-20,2018-01-23,19985,1362,144,3,9,2,3,1,Yes,1,39.75,39.75,0.06,2.19,37.56,2.82
179748,76433,2018-01-20,2018-01-24,19986,1362,144,4,18,4,4,0,No,1,39.75,39.75,0.05,1.99,37.76,14.16
179749,76434,2018-01-20,2018-01-25,19987,1362,131,3,13,2,5,3,Yes,1,39.75,39.75,0.04,1.59,38.16,17.55
179750,76435,2018-01-20,2018-01-26,19988,1362,146,4,9,4,6,2,Yes,1,39.75,39.75,0.03,1.19,38.56,-27.95
179751,76436,2018-01-20,2018-01-22,19989,1362,146,4,2,4,2,-2,No,1,39.75,39.75,0.02,0.8,38.96,19.09
179752,76437,2018-01-20,2018-01-23,19990,1362,121,4,6,4,3,-1,No,1,39.75,39.75,0.01,0.4,39.35,18.1
179753,76438,2018-01-20,2018-01-21,19991,1362,121,1,13,0,1,1,Yes,1,39.75,39.75,0.0,0.0,39.75,10.34
179754,76439,2018-01-20,2018-01-22,19992,1362,127,2,9,1,2,1,Yes,1,39.75,39.75,0.25,9.94,29.81,8.05
179755,76440,2018-01-20,2018-01-22,19993,1362,127,2,13,1,2,1,Yes,1,39.75,39.75,0.2,7.95,31.8,14.63
179756,76441,2018-01-20,2018-01-22,19994,1362,141,2,12,1,2,1,Yes,1,39.75,39.75,0.18,7.16,32.6,-6.23
179757,76442,2018-01-20,2018-01-22,19995,1362,141,2,9,1,2,1,Yes,1,39.75,39.75,0.17,6.76,32.99,11.55
179758,76443,2018-01-20,2018-01-22,19996,1362,141,2,10,1,2,1,Yes,1,39.75,39.75,0.16,6.36,33.39,9.35
179759,76444,2018-01-20,2018-01-25,19997,1362,121,4,12,4,5,1,Yes,1,39.75,39.75,0.15,5.96,33.79,6.35
179760,76445,2018-01-20,2018-01-26,19998,1362,136,4,13,4,6,2,Yes,1,39.75,39.75,0.13,5.17,34.58,3.91
179761,76446,2018-01-20,2018-01-22,19999,1362,136,4,1,4,2,-2,No,1,39.75,39.75,0.12,4.77,34.98,3.08
179762,76447,2018-01-20,2018-01-23,20000,1362,136,3,10,2,3,1,Yes,1,39.75,39.75,0.1,3.98,35.78,4.04
179763,76448,2018-01-20,2018-01-24,20001,1362,136,3,8,2,4,2,Yes,1,39.75,39.75,0.09,3.58,36.17,-2.42
179764,76449,2018-01-20,2018-01-25,20002,1362,127,3,14,2,5,3,Yes,1,39.75,39.75,0.07,2.78,36.97,18.11
179765,76450,2018-01-20,2018-01-26,20003,1362,144,4,9,4,6,2,Yes,1,39.75,39.75,0.06,2.19,37.56,18.41
179766,76451,2018-01-20,2018-01-22,20004,1362,144,4,6,4,2,-2,No,1,39.75,39.75,0.05,1.99,37.76,-1.43
179767,76452,2018-01-21,2018-01-24,20005,1362,127,4,2,4,3,-1,No,1,39.75,39.75,0.04,1.59,38.16,-27.97
179768,76453,2018-01-21,2018-01-23,20006,1362,131,2,9,1,2,1,Yes,1,39.75,39.75,0.03,1.19,38.56,12.53
179769,76454,2018-01-21,2018-01-21,20007,1362,139,1,23,0,0,0,No,1,39.75,39.75,0.02,0.8,38.96,10.25
179770,76455,2018-01-21,2018-01-21,20008,1362,127,1,19,0,0,0,No,1,39.75,39.75,0.01,0.4,39.35,12.99
179771,76456,2018-01-21,2018-01-21,20009,1362,127,1,22,0,0,0,No,1,39.75,39.75,0.0,0.0,39.75,17.89
179772,76457,2018-01-21,2018-01-21,20010,1362,127,1,18,0,0,0,No,1,39.75,39.75,0.25,9.94,29.81,12.22
179773,76458,2018-01-21,2018-01-25,20011,1362,121,4,22,4,4,0,No,1,39.75,39.75,0.2,7.95,31.8,15.58
179774,76459,2018-01-21,2018-01-26,20012,1362,141,4,8,4,5,1,Yes,1,39.75,39.75,0.18,7.16,32.6,-52.15
179775,76460,2018-01-21,2018-01-27,20013,1362,141,4,13,4,6,2,Yes,1,39.75,39.75,0.17,6.76,32.99,10.33
179776,76461,2018-01-21,2018-01-23,20014,1362,141,4,2,4,2,-2,No,1,39.75,39.75,0.16,6.36,33.39,12.12
179777,76462,2018-01-21,2018-01-24,20015,1362,141,4,5,4,3,-1,No,1,39.75,39.75,0.15,5.96,33.79,10.98
179778,76463,2018-01-21,2018-01-25,20016,1362,141,4,22,4,4,0,No,1,39.75,39.75,0.13,5.17,34.58,16.95
179779,76464,2018-01-21,2018-01-26,20017,1362,141,4,9,4,5,1,Yes,1,39.75,39.75,0.12,4.77,34.98,10.95
179780,76465,2018-01-21,2018-01-27,20018,1362,143,4,12,4,6,2,Yes,1,39.75,39.75,0.1,3.98,35.78,12.52
179781,76466,2018-01-21,2018-01-23,20019,1362,143,4,6,4,2,-2,No,1,39.75,39.75,0.09,3.58,36.17,-24.13
179782,76467,2018-01-21,2018-01-24,20020,1362,143,4,5,4,3,-1,No,1,39.75,39.75,0.07,2.78,36.97,-8.61
179783,76468,2018-01-21,2018-01-25,20021,1362,127,4,22,4,4,0,No,1,39.75,39.75,0.06,2.19,37.56,-1.88
179784,76469,2018-01-21,2018-01-26,20022,1362,139,4,13,4,5,1,Yes,1,39.75,39.75,0.05,1.99,37.76,12.27
179785,76470,2018-01-21,2018-01-27,20023,1362,139,4,9,4,6,2,Yes,1,39.75,39.75,0.04,1.59,38.16,14.12
179786,76471,2018-01-21,2018-01-23,20024,1362,139,4,2,4,2,-2,No,1,39.75,39.75,0.03,1.19,38.56,0.0
179787,76472,2018-01-21,2018-01-24,20025,1362,133,4,2,4,3,-1,No,1,39.75,39.75,0.02,0.8,38.96,-19.13
179788,76473,2018-01-21,2018-01-25,20026,1362,133,4,18,4,4,0,No,1,39.75,39.75,0.01,0.4,39.35,4.92
179789,76474,2018-01-21,2018-01-21,20027,1362,133,1,22,0,0,0,No,1,39.75,39.75,0.0,0.0,39.75,14.71
179790,76475,2018-01-21,2018-01-21,20028,1362,127,1,18,0,0,0,No,1,39.75,39.75,0.25,9.94,29.81,7.75
179791,76476,2018-01-21,2018-01-23,20029,1362,139,2,13,1,2,1,Yes,1,39.75,39.75,0.2,7.95,31.8,14.31
179792,76477,2018-01-21,2018-01-23,20030,1362,139,2,14,1,2,1,Yes,1,39.75,39.75,0.18,7.16,32.6,14.99
179793,76478,2018-01-21,2018-01-23,20031,1362,139,2,14,1,2,1,Yes,1,39.75,39.75,0.17,6.76,32.99,3.3
179794,76479,2018-01-21,2018-01-23,20032,1362,127,2,13,1,2,1,Yes,1,39.75,39.75,0.16,6.36,33.39,9.68
179795,76480,2018-01-21,2018-01-27,20033,1362,127,4,13,4,6,2,Yes,1,39.75,39.75,0.15,5.96,33.79,16.22
179796,76481,2018-01-21,2018-01-23,20034,1362,146,4,2,4,2,-2,No,1,39.75,39.75,0.13,5.17,34.58,7.78
179797,76482,2018-01-21,2018-01-24,20035,1362,143,4,6,4,3,-1,No,1,39.75,39.75,0.12,4.77,34.98,-10.49
179798,76483,2018-01-21,2018-01-25,20036,1362,143,4,20,4,4,0,No,1,39.75,39.75,0.1,3.98,35.78,-25.04
179799,76484,2018-01-21,2018-01-26,20037,1362,143,4,13,4,5,1,Yes,1,39.75,39.75,0.09,3.58,36.17,-24.13
179800,76485,2018-01-21,2018-01-27,20038,1362,143,4,9,4,6,2,Yes,1,39.75,39.75,0.07,2.78,36.97,12.94
179801,76486,2018-01-21,2018-01-23,20039,1362,143,4,2,4,2,-2,No,1,39.75,39.75,0.06,2.19,37.56,2.25
179802,76487,2018-01-21,2018-01-24,20040,1362,143,4,2,4,3,-1,No,1,39.75,39.75,0.05,1.99,37.76,10.57
179803,76488,2018-01-21,2018-01-25,20041,1362,121,4,18,4,4,0,No,1,39.75,39.75,0.04,1.59,38.16,17.17
179804,76489,2018-01-21,2018-01-26,20042,1362,121,4,8,4,5,1,Yes,1,39.75,39.75,0.03,1.19,38.56,18.51
179805,76490,2018-01-21,2018-01-27,20043,1362,121,4,13,4,6,2,Yes,1,39.75,39.75,0.02,0.8,38.96,11.3
179806,76491,2018-01-21,2018-01-23,20044,1362,139,4,2,4,2,-2,No,1,39.75,39.75,0.01,0.4,39.35,10.63
179807,76492,2018-01-21,2018-01-23,20045,1362,133,2,12,1,2,1,Yes,1,39.75,39.75,0.0,0.0,39.75,1.51
179808,76493,2018-01-21,2018-01-23,20046,1362,133,2,9,1,2,1,Yes,1,39.75,39.75,0.25,9.94,29.81,-24.83
179809,76494,2018-01-21,2018-01-23,20047,1362,133,2,12,1,2,1,Yes,1,39.75,39.75,0.2,7.95,31.8,9.54
179810,76495,2018-01-21,2018-01-27,20048,1362,133,3,14,2,6,4,Yes,1,39.75,39.75,0.18,7.16,32.6,15.65
179811,76496,2018-01-21,2018-01-23,20049,1362,133,3,22,2,2,0,No,1,39.75,39.75,0.17,6.76,32.99,3.73
179812,76497,2018-01-21,2018-01-23,20050,1362,133,2,9,1,2,1,Yes,1,39.75,39.75,0.16,6.36,33.39,-26.71
179813,76498,2018-01-21,2018-01-25,20051,1362,125,4,23,4,4,0,No,1,39.75,39.75,0.15,5.96,33.79,-23.65
179814,76499,2018-01-21,2018-01-26,20052,1362,125,4,12,4,5,1,Yes,1,39.75,39.75,0.13,5.17,34.58,16.6
179815,76500,2018-01-21,2018-01-27,20053,1362,133,3,13,2,6,4,Yes,1,39.75,39.75,0.12,4.77,34.98,-59.47
179816,76501,2018-01-21,2018-01-23,20054,1362,139,3,22,2,2,0,No,1,39.75,39.75,0.1,3.98,35.78,-27.44
179817,76502,2018-01-21,2018-01-24,20055,1362,139,3,9,2,3,1,Yes,1,39.75,39.75,0.09,3.58,36.17,12.66
179818,76503,2018-01-21,2018-01-25,20056,1362,139,4,21,4,4,0,No,1,39.75,39.75,0.07,2.78,36.97,18.48
179819,76504,2018-01-21,2018-01-26,20057,1362,121,4,13,4,5,1,Yes,1,39.75,39.75,0.06,2.19,37.56,16.9
179820,76505,2018-01-21,2018-01-27,20058,1362,121,4,12,4,6,2,Yes,1,39.75,39.75,0.05,1.99,37.76,-28.96
179821,76506,2018-01-21,2018-01-23,20059,1362,121,2,13,1,2,1,Yes,1,39.75,39.75,0.04,1.59,38.16,12.4
179822,76507,2018-01-21,2018-01-24,20060,1362,130,3,8,2,3,1,Yes,1,39.75,39.75,0.03,1.19,38.56,4.36
179823,76508,2018-01-21,2018-01-23,20061,1362,130,2,8,1,2,1,Yes,1,39.75,39.75,0.02,0.8,38.96,19.48
179824,76509,2018-01-21,2018-01-23,20062,1362,130,2,9,1,2,1,Yes,1,39.75,39.75,0.01,0.4,39.35,12.99
179825,76510,2018-01-21,2018-01-23,20063,1362,130,2,13,1,2,1,Yes,1,39.75,39.75,0.0,0.0,39.75,10.73
179826,76511,2018-01-21,2018-01-23,20064,1362,130,4,2,4,2,-2,No,1,39.75,39.75,0.25,9.94,29.81,9.69
179827,76512,2018-01-21,2018-01-24,20065,1362,121,4,6,4,3,-1,No,1,39.75,39.75,0.2,7.95,31.8,4.77
179828,76513,2018-01-21,2018-01-25,20066,1362,121,4,19,4,4,0,No,1,39.75,39.75,0.18,7.16,32.6,-6.23
179829,76514,2018-01-21,2018-01-26,20067,1362,127,4,10,4,5,1,Yes,1,39.75,39.75,0.17,6.76,32.99,-56.09
179830,76515,2018-01-21,2018-01-27,20068,1362,143,3,9,2,6,4,Yes,1,39.75,39.75,0.16,6.36,33.39,-2.5
179831,76516,2018-01-21,2018-01-23,20069,1362,127,3,18,2,2,0,No,1,39.75,39.75,0.15,5.96,33.79,3.38
179832,76517,2018-01-21,2018-01-24,20070,1362,127,3,12,2,3,1,Yes,1,39.75,39.75,0.13,5.17,34.58,6.5
179833,76518,2018-01-21,2018-01-25,20071,1362,133,3,9,2,4,2,Yes,1,39.75,39.75,0.12,4.77,34.98,10.14
179834,76519,2018-01-21,2018-01-26,20072,1362,146,3,9,2,5,3,Yes,1,39.75,39.75,0.1,3.98,35.78,8.94
179835,76520,2018-01-22,2018-01-28,20073,1362,130,3,8,2,6,4,Yes,1,39.75,39.75,0.09,3.58,36.17,10.13
179836,76521,2018-01-22,2018-01-24,20074,1362,130,4,1,4,2,-2,No,1,39.75,39.75,0.07,2.78,36.97,7.8
179837,76522,2018-01-22,2018-01-25,20075,1362,130,4,5,4,3,-1,No,1,39.75,39.75,0.06,2.19,37.56,4.7
179838,76523,2018-01-22,2018-01-26,20076,1362,130,4,22,4,4,0,No,1,39.75,39.75,0.05,1.99,37.76,13.59
179839,76524,2018-01-22,2018-01-27,20077,1362,127,4,8,4,5,1,Yes,1,39.75,39.75,0.04,1.59,38.16,13.36
179840,76525,2018-01-22,2018-01-28,20078,1362,143,4,15,4,6,2,No,1,39.75,39.75,0.03,1.19,38.56,-1.66
179841,76526,2018-01-22,2018-01-24,20079,1362,127,3,18,2,2,0,No,1,39.75,39.75,0.02,0.8,38.96,-7.25
179842,76527,2018-01-22,2018-01-24,20080,1362,143,2,9,1,2,1,Yes,1,39.75,39.75,0.01,0.4,39.35,11.02
179843,76528,2018-01-22,2018-01-24,20081,1362,127,2,9,1,2,1,Yes,1,39.75,39.75,0.0,0.0,39.75,12.44
179844,76529,2018-01-22,2018-01-24,20082,1362,121,2,13,1,2,1,Yes,1,39.75,39.75,0.25,9.94,29.81,3.73
179845,76530,2018-01-22,2018-01-24,20083,1362,121,2,14,1,2,1,Yes,1,39.75,39.75,0.2,7.95,31.8,10.75
179846,76531,2018-01-22,2018-01-24,20084,1362,121,4,7,4,2,-2,No,1,39.75,39.75,0.18,7.16,32.6,7.17
179847,76532,2018-01-22,2018-01-25,20085,1362,121,4,1,4,3,-1,No,1,39.75,39.75,0.17,6.76,32.99,10.33
179848,76533,2018-01-22,2018-01-26,20086,1362,133,4,17,4,4,0,No,1,39.75,39.75,0.16,6.36,33.39,8.35
179849,76534,2018-01-22,2018-01-27,20087,1362,133,4,13,4,5,1,Yes,1,39.75,39.75,0.15,5.96,33.79,1.35
179850,76535,2018-01-22,2018-01-28,20088,1362,133,4,13,4,6,2,Yes,1,39.75,39.75,0.13,5.17,34.58,15.22
179851,76536,2018-01-22,2018-01-24,20089,1362,133,2,9,1,2,1,Yes,1,39.75,39.75,0.12,4.77,34.98,12.7
179852,76537,2018-01-22,2018-01-22,20090,1362,133,1,18,0,0,0,No,1,39.75,39.75,0.1,3.98,35.78,16.81
179853,76538,2018-01-22,2018-01-22,20091,1362,133,1,18,0,0,0,No,1,39.75,39.75,0.09,3.58,36.17,16.28
179854,76539,2018-01-22,2018-01-22,20092,1362,133,1,18,0,0,0,No,1,39.75,39.75,0.07,2.78,36.97,-62.84
179855,76540,2018-01-22,2018-01-22,20093,1362,133,1,22,0,0,0,No,1,39.75,39.75,0.06,2.19,37.56,10.89
179856,76541,2018-01-22,2018-01-22,20094,1362,127,1,18,0,0,0,No,1,39.75,39.75,0.05,1.99,37.76,-33.04
179857,76542,2018-01-22,2018-01-25,20095,1362,139,3,9,2,3,1,Yes,1,39.75,39.75,0.04,1.59,38.16,4.31
179858,76543,2018-01-22,2018-01-26,20096,1362,121,3,9,2,4,2,Yes,1,39.75,39.75,0.03,1.19,38.56,12.07
179859,76544,2018-01-22,2018-01-27,20097,1362,131,3,10,2,5,3,Yes,1,39.75,39.75,0.02,0.8,38.96,-7.79
179860,76545,2018-01-22,2018-01-28,20098,1362,131,3,14,2,6,4,Yes,1,39.75,39.75,0.01,0.4,39.35,14.17
179861,76546,2018-01-22,2018-01-24,20099,1362,127,4,1,4,2,-2,No,1,39.75,39.75,0.0,0.0,39.75,19.08
179862,76547,2018-01-22,2018-01-25,20100,1362,127,4,2,4,3,-1,No,1,39.75,39.75,0.25,9.94,29.81,7.75
179863,76548,2018-01-22,2018-01-26,20101,1362,141,4,20,4,4,0,No,1,39.75,39.75,0.2,7.95,31.8,12.72
179864,76549,2018-01-22,2018-01-22,20102,1362,141,1,20,0,0,0,No,1,39.75,39.75,0.18,7.16,32.6,-50.52
179865,76550,2018-01-22,2018-01-22,20103,1362,141,1,23,0,0,0,No,1,39.75,39.75,0.17,6.76,32.99,-4.12
179866,76551,2018-01-22,2018-01-24,20104,1362,141,4,6,4,2,-2,No,1,39.75,39.75,0.16,6.36,33.39,11.29
179867,76552,2018-01-22,2018-01-25,20105,1362,139,4,3,4,3,-1,No,1,39.75,39.75,0.15,5.96,33.79,16.22
179868,76553,2018-01-22,2018-01-26,20106,1362,121,4,16,4,4,0,No,1,39.75,39.75,0.13,5.17,34.58,-1.31
179869,76554,2018-01-22,2018-01-27,20107,1362,139,4,13,4,5,1,Yes,1,39.75,39.75,0.12,4.77,34.98,9.44
179870,76555,2018-01-22,2018-01-28,20108,1362,139,4,13,4,6,2,Yes,1,39.75,39.75,0.1,3.98,35.78,12.09
179871,76556,2018-01-22,2018-01-24,20109,1362,127,2,8,1,2,1,Yes,1,39.75,39.75,0.09,3.58,36.17,0.72
179872,76557,2018-01-22,2018-01-24,20110,1362,127,2,9,1,2,1,Yes,1,39.75,39.75,0.07,2.78,36.97,4.18
179873,76558,2018-01-22,2018-01-24,20111,1362,127,2,9,1,2,1,Yes,1,39.75,39.75,0.06,2.19,37.56,-10.18
179874,76559,2018-01-22,2018-01-27,20112,1362,127,3,14,2,5,3,Yes,1,39.75,39.75,0.05,1.99,37.76,16.99
179875,76560,2018-01-22,2018-01-28,20113,1362,127,3,13,2,6,4,Yes,1,39.75,39.75,0.04,1.59,38.16,17.17
179876,76561,2018-01-22,2018-01-24,20114,1362,143,3,18,2,2,0,No,1,39.75,39.75,0.03,1.19,38.56,18.89
179877,76562,2018-01-22,2018-01-24,20115,1362,143,2,9,1,2,1,Yes,1,39.75,39.75,0.02,0.8,38.96,7.01
179878,76563,2018-01-22,2018-01-26,20116,1362,121,3,9,2,4,2,Yes,1,39.75,39.75,0.01,0.4,39.35,10.63
179879,76564,2018-01-22,2018-01-27,20117,1362,121,4,15,4,5,1,No,1,39.75,39.75,0.0,0.0,39.75,4.49
179880,76565,2018-01-22,2018-01-28,20118,1362,139,3,13,2,6,4,Yes,1,39.75,39.75,0.25,9.94,29.81,14.91
179881,76566,2018-01-22,2018-01-24,20119,1362,133,3,18,2,2,0,No,1,39.75,39.75,0.2,7.95,31.8,14.95
179882,76567,2018-01-22,2018-01-25,20120,1362,133,4,5,4,3,-1,No,1,39.75,39.75,0.18,7.16,32.6,11.08
179883,76568,2018-01-22,2018-01-26,20121,1362,138,4,18,4,4,0,No,1,39.75,39.75,0.17,6.76,32.99,14.19
179884,76569,2018-01-22,2018-01-27,20122,1362,138,3,12,2,5,3,Yes,1,39.75,39.75,0.16,6.36,33.39,-0.47
179885,76570,2018-01-22,2018-01-24,20123,1362,121,2,14,1,2,1,Yes,1,39.75,39.75,0.15,5.96,33.79,4.22
179886,76571,2018-01-22,2018-01-24,20124,1362,121,4,3,4,2,-2,No,1,39.75,39.75,0.13,5.17,34.58,11.69
179887,76572,2018-01-22,2018-01-25,20125,1362,121,4,6,4,3,-1,No,1,39.75,39.75,0.12,4.77,34.98,12.24
179888,76573,2018-01-22,2018-01-26,20126,1362,136,4,23,4,4,0,No,1,39.75,39.75,0.1,3.98,35.78,3.15
179889,76574,2018-01-22,2018-01-27,20127,1362,143,4,15,4,5,1,No,1,39.75,39.75,0.09,3.58,36.17,3.26
179890,76575,2018-01-22,2018-01-28,20128,1362,143,4,13,4,6,2,Yes,1,39.75,39.75,0.07,2.78,36.97,9.24
179891,76576,2018-01-22,2018-01-24,20129,1362,143,3,22,2,2,0,No,1,39.75,39.75,0.06,2.19,37.56,10.89
179892,76577,2018-01-22,2018-01-25,20130,1362,143,4,2,4,3,-1,No,1,39.75,39.75,0.05,1.99,37.76,16.99
179893,76578,2018-01-22,2018-01-26,20131,1362,125,4,21,4,4,0,No,1,39.75,39.75,0.04,1.59,38.16,12.9
179894,76579,2018-01-22,2018-01-27,20132,1362,125,4,10,4,5,1,Yes,1,39.75,39.75,0.03,1.19,38.56,-59.76
179895,76580,2018-01-22,2018-01-28,20133,1362,125,4,9,4,6,2,Yes,1,39.75,39.75,0.02,0.8,38.96,14.14
179896,76581,2018-01-22,2018-01-24,20134,1362,127,3,23,2,2,0,No,1,39.75,39.75,0.01,0.4,39.35,-9.37
179897,76582,2018-01-22,2018-01-25,20135,1362,121,3,10,2,3,1,Yes,1,39.75,39.75,0.0,0.0,39.75,9.94
179898,76583,2018-01-22,2018-01-24,20136,1362,121,2,12,1,2,1,Yes,1,39.75,39.75,0.25,9.94,29.81,12.22
179899,76584,2018-01-22,2018-01-27,20137,1362,127,3,9,2,5,3,Yes,1,39.75,39.75,0.2,7.95,31.8,15.26
179900,76585,2018-01-22,2018-01-28,20138,1362,121,4,9,4,6,2,Yes,1,39.75,39.75,0.18,7.16,32.6,9.45
179901,76586,2018-01-22,2018-01-24,20139,1362,121,3,21,2,2,0,No,1,39.75,39.75,0.17,6.76,32.99,8.91
179902,76587,2018-01-22,2018-01-25,20140,1362,121,3,9,2,3,1,Yes,1,39.75,39.75,0.16,6.36,33.39,15.03
179903,76588,2018-01-22,2018-01-26,20141,1362,121,3,14,2,4,2,Yes,1,39.75,39.75,0.15,5.96,33.79,0.34
179904,76589,2018-01-23,2018-01-28,20142,1362,133,3,13,2,5,3,Yes,1,39.75,39.75,0.13,5.17,34.58,15.91
179905,76590,2018-01-23,2018-01-29,20143,1362,133,4,9,4,6,2,Yes,1,39.75,39.75,0.12,4.77,34.98,10.14
179906,76591,2018-01-23,2018-01-25,20144,1362,133,4,1,4,2,-2,No,1,39.75,39.75,0.1,3.98,35.78,9.66
179907,76592,2018-01-23,2018-01-25,20145,1362,121,2,9,1,2,1,Yes,1,39.75,39.75,0.09,3.58,36.17,-25.32
179908,76593,2018-01-23,2018-01-25,20146,1362,121,2,12,1,2,1,Yes,1,39.75,39.75,0.07,2.78,36.97,-64.69
179909,76594,2018-01-23,2018-01-28,20147,1362,139,4,14,4,5,1,Yes,1,39.75,39.75,0.06,2.19,37.56,4.7
179910,76595,2018-01-23,2018-01-25,20148,1362,139,2,12,1,2,1,Yes,1,39.75,39.75,0.05,1.99,37.76,11.82
179911,76596,2018-01-23,2018-01-25,20149,1362,121,2,14,1,2,1,Yes,1,39.75,39.75,0.04,1.59,38.16,15.65
179912,76597,2018-01-23,2018-01-25,20150,1362,121,2,12,1,2,1,Yes,1,39.75,39.75,0.03,1.19,38.56,18.12
179913,76598,2018-01-23,2018-01-25,20151,1362,121,2,9,1,2,1,Yes,1,39.75,39.75,0.02,0.8,38.96,12.08
179914,76599,2018-01-23,2018-01-25,20152,1362,139,2,14,1,2,1,Yes,1,39.75,39.75,0.01,0.4,39.35,18.89
179915,76600,2018-01-23,2018-01-25,20153,1362,127,2,14,1,2,1,Yes,1,39.75,39.75,0.0,0.0,39.75,19.88
179916,76601,2018-01-23,2018-01-25,20154,1362,127,2,8,1,2,1,Yes,1,39.75,39.75,0.25,9.94,29.81,14.01
179917,76602,2018-01-23,2018-01-25,20155,1362,127,2,9,1,2,1,Yes,1,39.75,39.75,0.2,7.95,31.8,1.91
179918,76603,2018-01-23,2018-01-25,20156,1362,127,2,9,1,2,1,Yes,1,39.75,39.75,0.18,7.16,32.6,13.04
179919,76604,2018-01-23,2018-01-25,20157,1362,121,2,9,1,2,1,Yes,1,39.75,39.75,0.17,6.76,32.99,5.28
179920,76605,2018-01-23,2018-01-29,20158,1362,121,4,9,4,6,2,Yes,1,39.75,39.75,0.16,6.36,33.39,0.4
179921,76606,2018-01-23,2018-01-25,20159,1362,123,4,5,4,2,-2,No,1,39.75,39.75,0.15,5.96,33.79,-24.77
179922,76607,2018-01-23,2018-01-26,20160,1362,123,4,2,4,3,-1,No,1,39.75,39.75,0.13,5.17,34.58,12.1
179923,76608,2018-01-23,2018-01-27,20161,1362,123,4,16,4,4,0,No,1,39.75,39.75,0.12,4.77,34.98,11.54
179924,76609,2018-01-23,2018-01-28,20162,1362,123,4,9,4,5,1,Yes,1,39.75,39.75,0.1,3.98,35.78,6.44
179925,76610,2018-01-23,2018-01-29,20163,1362,143,4,9,4,6,2,Yes,1,39.75,39.75,0.09,3.58,36.17,-31.11
179926,76611,2018-01-23,2018-01-25,20164,1362,125,4,3,4,2,-2,No,1,39.75,39.75,0.07,2.78,36.97,16.27
179927,76612,2018-01-23,2018-01-26,20165,1362,125,4,6,4,3,-1,No,1,39.75,39.75,0.06,2.19,37.56,8.45
179928,76613,2018-01-23,2018-01-27,20166,1362,125,4,22,4,4,0,No,1,39.75,39.75,0.05,1.99,37.76,-27.68
179929,76614,2018-01-23,2018-01-28,20167,1362,125,4,9,4,5,1,Yes,1,39.75,39.75,0.04,1.59,38.16,12.9
179930,76615,2018-01-23,2018-01-29,20168,1362,125,3,12,2,6,4,Yes,1,39.75,39.75,0.03,1.19,38.56,-9.64
179931,76616,2018-01-23,2018-01-25,20169,1362,142,3,20,2,2,0,No,1,39.75,39.75,0.02,0.8,38.96,3.9
179932,76617,2018-01-23,2018-01-26,20170,1362,127,4,2,4,3,-1,No,1,39.75,39.75,0.01,0.4,39.35,-69.54
179933,76618,2018-01-23,2018-01-27,20171,1362,127,4,18,4,4,0,No,1,39.75,39.75,0.0,0.0,39.75,-29.14
179934,76619,2018-01-23,2018-01-28,20172,1362,127,4,10,4,5,1,Yes,1,39.75,39.75,0.25,9.94,29.81,10.08
179935,76620,2018-01-23,2018-01-29,20173,1362,127,4,9,4,6,2,Yes,1,39.75,39.75,0.2,7.95,31.8,11.13
179936,76621,2018-01-23,2018-01-25,20174,1362,127,3,16,2,2,0,No,1,39.75,39.75,0.18,7.16,32.6,9.78
179937,76622,2018-01-23,2018-01-26,20175,1362,127,3,9,2,3,1,Yes,1,39.75,39.75,0.17,6.76,32.99,15.84
179938,76623,2018-01-23,2018-01-27,20176,1362,127,4,18,4,4,0,No,1,39.75,39.75,0.16,6.36,33.39,3.67
179939,76624,2018-01-23,2018-01-28,20177,1362,127,3,13,2,5,3,Yes,1,39.75,39.75,0.15,5.96,33.79,11.15
179940,76625,2018-01-23,2018-01-29,20178,1362,125,4,12,4,6,2,Yes,1,39.75,39.75,0.13,5.17,34.58,7.26
179941,76626,2018-01-23,2018-01-25,20179,1362,143,4,6,4,2,-2,No,1,39.75,39.75,0.12,4.77,34.98,10.49
179942,76627,2018-01-23,2018-01-26,20180,1362,143,4,2,4,3,-1,No,1,39.75,39.75,0.1,3.98,35.78,13.52
179943,76628,2018-01-23,2018-01-27,20181,1362,143,4,22,4,4,0,No,1,39.75,39.75,0.09,3.58,36.17,10.49
179944,76629,2018-01-23,2018-01-28,20182,1362,143,4,9,4,5,1,Yes,1,39.75,39.75,0.07,2.78,36.97,17.37
179945,76630,2018-01-23,2018-01-29,20183,1362,143,4,10,4,6,2,Yes,1,39.75,39.75,0.06,2.19,37.56,16.9
179946,76631,2018-01-23,2018-01-25,20184,1362,143,4,6,4,2,-2,No,1,39.75,39.75,0.05,1.99,37.76,10.95
179947,76632,2018-01-23,2018-01-26,20185,1362,143,3,8,2,3,1,Yes,1,39.75,39.75,0.04,1.59,38.16,9.16
179948,76633,2018-01-23,2018-01-27,20186,1362,139,4,18,4,4,0,No,1,39.75,39.75,0.03,1.19,38.56,10.41
179949,76634,2018-01-23,2018-01-28,20187,1362,133,4,9,4,5,1,Yes,1,39.75,39.75,0.02,0.8,38.96,11.3
179950,76635,2018-01-23,2018-01-29,20188,1362,139,3,9,2,6,4,Yes,1,39.75,39.75,0.01,0.4,39.35,18.5
179951,76636,2018-01-23,2018-01-25,20189,1362,121,2,9,1,2,1,Yes,1,39.75,39.75,0.0,0.0,39.75,-30.49
179952,76637,2018-01-23,2018-01-25,20190,1362,121,2,9,1,2,1,Yes,1,39.75,39.75,0.25,9.94,29.81,7.75
179953,76638,2018-01-23,2018-01-27,20191,1362,121,4,22,4,4,0,No,1,39.75,39.75,0.2,7.95,31.8,5.18
179954,76639,2018-01-23,2018-01-28,20192,1362,121,4,13,4,5,1,Yes,1,39.75,39.75,0.18,7.16,32.6,0.0
179955,76640,2018-01-23,2018-01-29,20193,1362,133,4,9,4,6,2,Yes,1,39.75,39.75,0.17,6.76,32.99,15.84
179956,76641,2018-01-23,2018-01-25,20194,1362,133,4,6,4,2,-2,No,1,39.75,39.75,0.16,6.36,33.39,9.35
179957,76642,2018-01-23,2018-01-26,20195,1362,133,4,6,4,3,-1,No,1,39.75,39.75,0.15,5.96,33.79,15.88
179958,76643,2018-01-23,2018-01-27,20196,1362,133,4,18,4,4,0,No,1,39.75,39.75,0.13,5.17,34.58,12.45
179959,76644,2018-01-23,2018-01-28,20197,1362,139,4,13,4,5,1,Yes,1,39.75,39.75,0.12,4.77,34.98,17.14
179960,76645,2018-01-23,2018-01-29,20198,1362,127,4,9,4,6,2,Yes,1,39.75,39.75,0.1,3.98,35.78,17.17
179961,76646,2018-01-23,2018-01-25,20199,1362,127,4,1,4,2,-2,No,1,39.75,39.75,0.09,3.58,36.17,18.09
179962,76647,2018-01-23,2018-01-26,20200,1362,139,4,1,4,3,-1,No,1,39.75,39.75,0.07,2.78,36.97,0.0
179963,76648,2018-01-23,2018-01-27,20201,1362,127,4,17,4,4,0,No,1,39.75,39.75,0.06,2.19,37.56,10.52
179964,76649,2018-01-23,2018-01-28,20202,1362,127,4,15,4,5,1,No,1,39.75,39.75,0.05,1.99,37.76,0.0
179965,76650,2018-01-23,2018-01-29,20203,1362,133,4,9,4,6,2,Yes,1,39.75,39.75,0.04,1.59,38.16,-1.91
179966,76651,2018-01-23,2018-01-25,20204,1362,127,4,5,4,2,-2,No,1,39.75,39.75,0.03,1.19,38.56,12.72
179967,76652,2018-01-23,2018-01-26,20205,1362,127,4,15,4,3,-1,No,1,39.75,39.75,0.02,0.8,38.96,9.74
179968,76653,2018-01-23,2018-01-27,20206,1362,127,4,19,4,4,0,No,1,39.75,39.75,0.01,0.4,39.35,13.3
179969,76654,2018-01-23,2018-01-28,20207,1362,121,4,13,4,5,1,Yes,1,39.75,39.75,0.0,0.0,39.75,17.89
179970,76655,2018-01-23,2018-01-29,20208,1362,127,4,9,4,6,2,Yes,1,39.75,39.75,0.25,9.94,29.81,0.89
179971,76656,2018-01-23,2018-01-25,20209,1362,127,4,5,4,2,-2,No,1,39.75,39.75,0.2,7.95,31.8,0.38
179972,76657,2018-01-24,2018-01-27,20210,1362,127,3,12,2,3,1,Yes,1,39.75,39.75,0.18,7.16,32.6,14.34
179973,76658,2018-01-24,2018-01-28,20211,1362,145,4,23,4,4,0,No,1,39.75,39.75,0.17,6.76,32.99,15.51
179974,76659,2018-01-24,2018-01-29,20212,1362,145,4,13,4,5,1,Yes,1,39.75,39.75,0.16,6.36,33.39,-22.27
179975,76660,2018-01-24,2018-01-30,20213,1362,145,4,9,4,6,2,Yes,1,39.75,39.75,0.15,5.96,33.79,2.53
179976,76661,2018-01-24,2018-01-26,20214,1362,145,4,6,4,2,-2,No,1,39.75,39.75,0.13,5.17,34.58,11.24
179977,76662,2018-01-24,2018-01-27,20215,1362,145,4,3,4,3,-1,No,1,39.75,39.75,0.12,4.77,34.98,11.37
179978,76663,2018-01-24,2018-01-28,20216,1362,145,4,18,4,4,0,No,1,39.75,39.75,0.1,3.98,35.78,12.52
179979,76664,2018-01-24,2018-01-29,20217,1362,127,4,9,4,5,1,Yes,1,39.75,39.75,0.09,3.58,36.17,12.66
179980,76665,2018-01-24,2018-01-30,20218,1362,141,3,9,2,6,4,Yes,1,39.75,39.75,0.07,2.78,36.97,17.37
179981,76666,2018-01-24,2018-01-26,20219,1362,133,3,18,2,2,0,No,1,39.75,39.75,0.06,2.19,37.56,18.03
179982,76667,2018-01-24,2018-01-27,20220,1362,121,3,12,2,3,1,Yes,1,39.75,39.75,0.05,1.99,37.76,9.82
179983,76668,2018-01-24,2018-01-28,20221,1362,121,3,12,2,4,2,Yes,1,39.75,39.75,0.04,1.59,38.16,11.07
179984,76669,2018-01-24,2018-01-29,20222,1362,145,3,12,2,5,3,Yes,1,39.75,39.75,0.03,1.19,38.56,-63.62
179985,76670,2018-01-24,2018-01-30,20223,1362,146,4,13,4,6,2,Yes,1,39.75,39.75,0.02,0.8,38.96,5.84
179986,76671,2018-01-24,2018-01-26,20224,1362,146,4,7,4,2,-2,No,1,39.75,39.75,0.01,0.4,39.35,16.92
179987,76672,2018-01-24,2018-01-27,20225,1362,146,4,1,4,3,-1,No,1,39.75,39.75,0.0,0.0,39.75,15.11
179988,76673,2018-01-24,2018-01-28,20226,1362,146,4,22,4,4,0,No,1,39.75,39.75,0.25,9.94,29.81,7.45
179989,76674,2018-01-24,2018-01-29,20227,1362,139,4,14,4,5,1,Yes,1,39.75,39.75,0.2,7.95,31.8,5.09
179990,76675,2018-01-24,2018-01-30,20228,1362,139,4,8,4,6,2,Yes,1,39.75,39.75,0.18,7.16,32.6,1.96
179991,76676,2018-01-24,2018-01-26,20229,1362,139,4,2,4,2,-2,No,1,39.75,39.75,0.17,6.76,32.99,15.51
179992,76677,2018-01-24,2018-01-27,20230,1362,139,4,7,4,3,-1,No,1,39.75,39.75,0.16,6.36,33.39,15.36
179993,76678,2018-01-24,2018-01-26,20231,1362,139,2,13,1,2,1,Yes,1,39.75,39.75,0.15,5.96,33.79,15.54
179994,76679,2018-01-24,2018-01-29,20232,1362,141,4,12,4,5,1,Yes,1,39.75,39.75,0.13,5.17,34.58,1.38
179995,76680,2018-01-24,2018-01-30,20233,1362,121,4,9,4,6,2,Yes,1,39.75,39.75,0.12,4.77,34.98,16.44
179996,76681,2018-01-24,2018-01-26,20234,1362,121,4,6,4,2,-2,No,1,39.75,39.75,0.1,3.98,35.78,15.74
179997,76682,2018-01-24,2018-01-27,20235,1362,121,4,7,4,3,-1,No,1,39.75,39.75,0.09,3.58,36.17,-6.8
179998,76683,2018-01-24,2018-01-28,20236,1362,127,4,18,4,4,0,No,1,39.75,39.75,0.07,2.78,36.97,10.35
179999,76684,2018-01-24,2018-01-29,20237,1362,127,4,12,4,5,1,Yes,1,39.75,39.75,0.06,2.19,37.56,0.75
180000,76685,2018-01-24,2018-01-30,20238,1362,127,4,13,4,6,2,Yes,1,39.75,39.75,0.05,1.99,37.76,13.59
180001,76686,2018-01-24,2018-01-26,20239,1362,127,4,1,4,2,-2,No,1,39.75,39.75,0.04,1.59,38.16,14.31
180002,76687,2018-01-24,2018-01-27,20240,1362,121,3,10,2,3,1,Yes,1,39.75,39.75,0.03,1.19,38.56,13.03
180003,76688,2018-01-24,2018-01-28,20241,1362,133,3,10,2,4,2,Yes,1,39.75,39.75,0.02,0.8,38.96,-68.17
180004,76689,2018-01-24,2018-01-29,20242,1362,121,3,9,2,5,3,Yes,1,39.75,39.75,0.01,0.4,39.35,-62.96
180005,76690,2018-01-24,2018-01-30,20243,1362,121,4,8,4,6,2,Yes,1,39.75,39.75,0.0,0.0,39.75,6.48
180006,76691,2018-01-24,2018-01-26,20244,1362,121,4,2,4,2,-2,No,1,39.75,39.75,0.25,9.94,29.81,-13.42
180007,76692,2018-01-24,2018-01-27,20245,1362,121,4,2,4,3,-1,No,1,39.75,39.75,0.2,7.95,31.8,-6.36
180008,76693,2018-01-24,2018-01-28,20246,1362,127,4,18,4,4,0,No,1,39.75,39.75,0.18,7.16,32.6,15.65
180009,76694,2018-01-24,2018-01-29,20247,1362,121,4,9,4,5,1,Yes,1,39.75,39.75,0.17,6.76,32.99,11.22
180010,76695,2018-01-24,2018-01-30,20248,1362,133,4,13,4,6,2,Yes,1,39.75,39.75,0.16,6.36,33.39,12.02
180011,76696,2018-01-24,2018-01-26,20249,1362,133,4,6,4,2,-2,No,1,39.75,39.75,0.15,5.96,33.79,-52.37
180012,76697,2018-01-24,2018-01-27,20250,1362,127,4,3,4,3,-1,No,1,39.75,39.75,0.13,5.17,34.58,16.6
180013,76698,2018-01-24,2018-01-28,20251,1362,144,3,13,2,4,2,Yes,1,39.75,39.75,0.12,4.77,34.98,-54.22
180014,76699,2018-01-24,2018-01-29,20252,1362,144,4,9,4,5,1,Yes,1,39.75,39.75,0.1,3.98,35.78,12.09
180015,76700,2018-01-24,2018-01-30,20253,1362,144,4,13,4,6,2,Yes,1,39.75,39.75,0.09,3.58,36.17,12.23
180016,76701,2018-01-24,2018-01-26,20254,1362,127,3,17,2,2,0,No,1,39.75,39.75,0.07,2.78,36.97,12.5
180017,76702,2018-01-24,2018-01-27,20255,1362,121,4,1,4,3,-1,No,1,39.75,39.75,0.06,2.19,37.56,6.57
180018,76703,2018-01-24,2018-01-28,20256,1362,131,4,21,4,4,0,No,1,39.75,39.75,0.05,1.99,37.76,0.0
180019,76704,2018-01-24,2018-01-29,20257,1362,131,3,8,2,5,3,Yes,1,39.75,39.75,0.04,1.59,38.16,-20.99
180020,76705,2018-01-24,2018-01-30,20258,1362,143,3,10,2,6,4,Yes,1,39.75,39.75,0.03,1.19,38.56,-10.45
180021,76706,2018-01-24,2018-01-26,20259,1362,133,3,22,2,2,0,No,1,39.75,39.75,0.02,0.8,38.96,-7.32
180022,76707,2018-01-24,2018-01-27,20260,1362,133,4,1,4,3,-1,No,1,39.75,39.75,0.01,0.4,39.35,-6.89
180023,76708,2018-01-24,2018-01-28,20261,1362,127,4,18,4,4,0,No,1,39.75,39.75,0.0,0.0,39.75,12.92
180024,76709,2018-01-24,2018-01-29,20262,1362,127,4,14,4,5,1,Yes,1,39.75,39.75,0.25,9.94,29.81,8.05
180025,76710,2018-01-24,2018-01-25,20263,1362,121,1,13,0,1,1,Yes,1,39.75,39.75,0.2,7.95,31.8,3.59
180026,76711,2018-01-24,2018-01-26,20264,1362,125,2,9,1,2,1,Yes,1,39.75,39.75,0.18,7.16,32.6,-3.72
180027,76712,2018-01-24,2018-01-27,20265,1362,125,4,7,4,3,-1,No,1,39.75,39.75,0.17,6.76,32.99,2.05
180028,76713,2018-01-24,2018-01-28,20266,1362,127,4,22,4,4,0,No,1,39.75,39.75,0.16,6.36,33.39,10.45
180029,76714,2018-01-24,2018-01-29,20267,1362,127,4,13,4,5,1,Yes,1,39.75,39.75,0.15,5.96,33.79,7.2
180030,76715,2018-01-24,2018-01-30,20268,1362,121,4,14,4,6,2,Yes,1,39.75,39.75,0.13,5.17,34.58,16.25
180031,76716,2018-01-24,2018-01-26,20269,1362,121,4,1,4,2,-2,No,1,39.75,39.75,0.12,4.77,34.98,16.79
180032,76717,2018-01-24,2018-01-27,20270,1362,127,4,5,4,3,-1,No,1,39.75,39.75,0.1,3.98,35.78,-1.36
180033,76718,2018-01-24,2018-01-28,20271,1362,127,3,12,2,4,2,Yes,1,39.75,39.75,0.09,3.58,36.17,-94.05
180034,76719,2018-01-24,2018-01-29,20272,1362,127,3,14,2,5,3,Yes,1,39.75,39.75,0.07,2.78,36.97,6.47
180035,76720,2018-01-24,2018-01-30,20273,1362,121,4,13,4,6,2,Yes,1,39.75,39.75,0.06,2.19,37.56,-24.79
180036,76721,2018-01-24,2018-01-26,20274,1362,127,4,3,4,2,-2,No,1,39.75,39.75,0.05,1.99,37.76,12.27
180037,76722,2018-01-24,2018-01-27,20275,1362,121,4,1,4,3,-1,No,1,39.75,39.75,0.04,1.59,38.16,-8.59
180038,76723,2018-01-24,2018-01-28,20276,1362,121,4,22,4,4,0,No,1,39.75,39.75,0.03,1.19,38.56,14.0
180039,76724,2018-01-24,2018-01-29,20277,1362,133,3,13,2,5,3,Yes,1,39.75,39.75,0.02,0.8,38.96,12.66
180040,76725,2018-01-24,2018-01-30,20278,1362,121,3,13,2,6,4,Yes,1,39.75,39.75,0.01,0.4,39.35,18.1
180041,76726,2018-01-25,2018-01-27,20279,1362,121,4,6,4,2,-2,No,1,39.75,39.75,0.0,0.0,39.75,1.99
180042,76727,2018-01-25,2018-01-28,20280,1362,143,4,2,4,3,-1,No,1,39.75,39.75,0.25,9.94,29.81,4.47
180043,76728,2018-01-25,2018-01-29,20281,1362,127,4,17,4,4,0,No,1,39.75,39.75,0.2,7.95,31.8,8.27
180044,76729,2018-01-25,2018-01-30,20282,1362,127,4,9,4,5,1,Yes,1,39.75,39.75,0.18,7.16,32.6,11.02
180045,76730,2018-01-25,2018-01-31,20283,1362,127,4,13,4,6,2,Yes,1,39.75,39.75,0.17,6.76,32.99,15.51
180046,76731,2018-01-25,2018-01-27,20284,1362,127,4,1,4,2,-2,No,1,39.75,39.75,0.16,6.36,33.39,9.68
180047,76732,2018-01-25,2018-01-28,20285,1362,136,4,2,4,3,-1,No,1,39.75,39.75,0.15,5.96,33.79,12.5
180048,76733,2018-01-25,2018-01-29,20286,1362,133,4,18,4,4,0,No,1,39.75,39.75,0.13,5.17,34.58,3.91
180049,76734,2018-01-25,2018-01-30,20287,1362,133,4,9,4,5,1,Yes,1,39.75,39.75,0.12,4.77,34.98,9.09
180050,76735,2018-01-25,2018-01-31,20288,1362,133,4,8,4,6,2,Yes,1,39.75,39.75,0.1,3.98,35.78,0.72
180051,76736,2018-01-25,2018-01-27,20289,1362,133,4,6,4,2,-2,No,1,39.75,39.75,0.09,3.58,36.17,11.32
180052,76737,2018-01-25,2018-01-28,20290,1362,127,4,15,4,3,-1,No,1,39.75,39.75,0.07,2.78,36.97,4.18
180053,76738,2018-01-25,2018-01-29,20291,1362,127,4,19,4,4,0,No,1,39.75,39.75,0.06,2.19,37.56,1.88
180054,76739,2018-01-25,2018-01-30,20292,1362,127,4,9,4,5,1,Yes,1,39.75,39.75,0.05,1.99,37.76,17.37
180055,76740,2018-01-25,2018-01-31,20293,1362,133,4,12,4,6,2,Yes,1,39.75,39.75,0.04,1.59,38.16,0.0
180056,76741,2018-01-25,2018-01-27,20294,1362,121,3,18,2,2,0,No,1,39.75,39.75,0.03,1.19,38.56,18.51
180057,76742,2018-01-25,2018-01-27,20295,1362,121,2,12,1,2,1,Yes,1,39.75,39.75,0.02,0.8,38.96,4.4
180058,76743,2018-01-25,2018-01-27,20296,1362,121,2,9,1,2,1,Yes,1,39.75,39.75,0.01,0.4,39.35,-0.98
180059,76744,2018-01-25,2018-01-30,20297,1362,121,3,8,2,5,3,Yes,1,39.75,39.75,0.0,0.0,39.75,10.34
180060,76745,2018-01-25,2018-01-31,20298,1362,121,3,13,2,6,4,Yes,1,39.75,39.75,0.25,9.94,29.81,14.01
180061,76746,2018-01-25,2018-01-27,20299,1362,121,3,18,2,2,0,No,1,39.75,39.75,0.2,7.95,31.8,13.67
180062,76747,2018-01-25,2018-01-28,20300,1362,121,3,9,2,3,1,Yes,1,39.75,39.75,0.18,7.16,32.6,9.13
180063,76748,2018-01-25,2018-01-29,20301,1362,121,3,9,2,4,2,Yes,1,39.75,39.75,0.17,6.76,32.99,14.85
180064,76749,2018-01-25,2018-01-27,20302,1362,121,2,9,1,2,1,Yes,1,39.75,39.75,0.16,6.36,33.39,8.68
180065,76750,2018-01-25,2018-01-27,20303,1362,127,2,8,1,2,1,Yes,1,39.75,39.75,0.15,5.96,33.79,9.29
180066,76751,2018-01-25,2018-01-27,20304,1362,127,2,9,1,2,1,Yes,1,39.75,39.75,0.13,5.17,34.58,5.64
180067,76752,2018-01-25,2018-01-28,20305,1362,127,3,13,2,3,1,Yes,1,39.75,39.75,0.12,4.77,34.98,10.95
180068,76753,2018-01-25,2018-01-29,20306,1362,127,3,13,2,4,2,Yes,1,39.75,39.75,0.1,3.98,35.78,9.7
180069,76754,2018-01-25,2018-01-30,20307,1362,127,4,9,4,5,1,Yes,1,39.75,39.75,0.09,3.58,36.17,13.38
180070,76755,2018-01-25,2018-01-31,20308,1362,121,4,10,4,6,2,Yes,1,39.75,39.75,0.07,2.78,36.97,16.64
180071,76756,2018-01-25,2018-01-27,20309,1362,121,4,6,4,2,-2,No,1,39.75,39.75,0.06,2.19,37.56,13.15
180072,76757,2018-01-25,2018-01-28,20310,1362,121,4,6,4,3,-1,No,1,39.75,39.75,0.05,1.99,37.76,9.44
180073,76758,2018-01-25,2018-01-29,20311,1362,133,4,21,4,4,0,No,1,39.75,39.75,0.04,1.59,38.16,12.9
180074,76759,2018-01-25,2018-01-30,20312,1362,133,3,13,2,5,3,Yes,1,39.75,39.75,0.03,1.19,38.56,12.53
180075,76760,2018-01-25,2018-01-31,20313,1362,133,3,8,2,6,4,Yes,1,39.75,39.75,0.02,0.8,38.96,1.56
180076,76761,2018-01-25,2018-01-27,20314,1362,133,4,5,4,2,-2,No,1,39.75,39.75,0.01,0.4,39.35,10.63
180077,76762,2018-01-25,2018-01-28,20315,1362,127,4,6,4,3,-1,No,1,39.75,39.75,0.0,0.0,39.75,3.18
180078,76763,2018-01-25,2018-01-29,20316,1362,133,4,22,4,4,0,No,1,39.75,39.75,0.25,9.94,29.81,3.37
180079,76764,2018-01-25,2018-01-30,20317,1362,133,4,9,4,5,1,Yes,1,39.75,39.75,0.2,7.95,31.8,-23.31
180080,76765,2018-01-25,2018-01-27,20318,1362,121,2,15,1,2,1,No,1,39.75,39.75,0.18,7.16,32.6,-25.0
180081,76766,2018-01-25,2018-01-27,20319,1362,145,4,2,4,2,-2,No,1,39.75,39.75,0.17,6.76,32.99,11.98
180082,76767,2018-01-25,2018-01-28,20320,1362,133,3,13,2,3,1,Yes,1,39.75,39.75,0.16,6.36,33.39,4.17
180083,76768,2018-01-25,2018-01-29,20321,1362,127,3,8,2,4,2,Yes,1,39.75,39.75,0.15,5.96,33.79,2.13
180084,76769,2018-01-25,2018-01-30,20322,1362,127,3,13,2,5,3,Yes,1,39.75,39.75,0.13,5.17,34.58,2.59
180085,76770,2018-01-25,2018-01-31,20323,1362,121,4,13,4,6,2,Yes,1,39.75,39.75,0.12,4.77,34.98,12.7
180086,76771,2018-01-25,2018-01-27,20324,1362,121,4,15,4,2,-2,No,1,39.75,39.75,0.1,3.98,35.78,12.52
180087,76772,2018-01-25,2018-01-28,20325,1362,139,4,3,4,3,-1,No,1,39.75,39.75,0.09,3.58,36.17,11.76
180088,76773,2018-01-25,2018-01-29,20326,1362,133,4,21,4,4,0,No,1,39.75,39.75,0.07,2.78,36.97,-19.11
180089,76774,2018-01-25,2018-01-30,20327,1362,133,4,9,4,5,1,Yes,1,39.75,39.75,0.06,2.19,37.56,-10.63
180090,76775,2018-01-25,2018-01-31,20328,1362,133,4,13,4,6,2,Yes,1,39.75,39.75,0.05,1.99,37.76,-7.55
180091,76776,2018-01-25,2018-01-26,20329,1362,133,1,13,0,1,1,Yes,1,39.75,39.75,0.04,1.59,38.16,18.7
180092,76777,2018-01-25,2018-01-26,20330,1362,133,1,8,0,1,1,Yes,1,39.75,39.75,0.03,1.19,38.56,18.12
180093,76778,2018-01-25,2018-01-26,20331,1362,133,1,13,0,1,1,Yes,1,39.75,39.75,0.02,0.8,38.96,10.13
180094,76779,2018-01-25,2018-01-26,20332,1362,133,1,9,0,1,1,Yes,1,39.75,39.75,0.01,0.4,39.35,18.5
180095,76780,2018-01-25,2018-01-26,20333,1362,133,1,9,0,1,1,Yes,1,39.75,39.75,0.0,0.0,39.75,19.48
180096,76781,2018-01-25,2018-01-26,20334,1362,127,1,13,0,1,1,Yes,1,39.75,39.75,0.25,9.94,29.81,14.31
180097,76782,2018-01-25,2018-01-26,20335,1362,127,1,14,0,1,1,Yes,1,39.75,39.75,0.2,7.95,31.8,15.58
180098,76783,2018-01-25,2018-01-26,20336,1362,127,1,15,0,1,1,No,1,39.75,39.75,0.18,7.16,32.6,12.71
180099,76784,2018-01-25,2018-01-26,20337,1362,139,1,9,0,1,1,Yes,1,39.75,39.75,0.17,6.76,32.99,9.57
180100,76785,2018-01-25,2018-01-26,20338,1362,127,1,9,0,1,1,Yes,1,39.75,39.75,0.16,6.36,33.39,16.03
180101,76786,2018-01-25,2018-01-26,20339,1362,127,1,13,0,1,1,Yes,1,39.75,39.75,0.15,5.96,33.79,15.88
180102,76787,2018-01-25,2018-01-28,20340,1362,127,4,7,4,3,-1,No,1,39.75,39.75,0.13,5.17,34.58,17.29
180103,76788,2018-01-25,2018-01-29,20341,1362,127,4,18,4,4,0,No,1,39.75,39.75,0.12,4.77,34.98,2.06
180104,76789,2018-01-25,2018-01-30,20342,1362,144,4,11,4,5,1,Yes,1,39.75,39.75,0.1,3.98,35.78,4.47
180105,76790,2018-01-25,2018-01-31,20343,1362,144,4,9,4,6,2,Yes,1,39.75,39.75,0.09,3.58,36.17,9.51
180106,76791,2018-01-25,2018-01-27,20344,1362,144,4,1,4,2,-2,No,1,39.75,39.75,0.07,2.78,36.97,4.62
180107,76792,2018-01-25,2018-01-26,20345,1362,127,1,9,0,1,1,Yes,1,39.75,39.75,0.06,2.19,37.56,11.76
180108,76793,2018-01-25,2018-01-26,20346,1362,133,1,9,0,1,1,Yes,1,39.75,39.75,0.05,1.99,37.76,13.22
180109,76794,2018-01-26,2018-01-28,20347,1362,133,2,8,1,2,1,Yes,1,39.75,39.75,0.04,1.59,38.16,-3.05
180110,76795,2018-01-26,2018-02-01,20348,1362,133,3,8,2,6,4,Yes,1,39.75,39.75,0.03,1.19,38.56,-0.77
180111,76796,2018-01-26,2018-01-28,20349,1362,133,3,19,2,2,0,No,1,39.75,39.75,0.02,0.8,38.96,5.06
180112,76797,2018-01-26,2018-01-29,20350,1362,133,4,6,4,3,-1,No,1,39.75,39.75,0.01,0.4,39.35,7.08
180113,76798,2018-01-26,2018-01-30,20351,1362,133,4,17,4,4,0,No,1,39.75,39.75,0.0,0.0,39.75,12.92
180114,76799,2018-01-26,2018-01-31,20352,1362,133,4,8,4,5,1,Yes,1,39.75,39.75,0.25,9.94,29.81,8.2
180115,76800,2018-01-26,2018-01-28,20353,1362,133,2,12,1,2,1,Yes,1,39.75,39.75,0.2,7.95,31.8,8.75
180116,76801,2018-01-26,2018-01-28,20354,1362,133,2,13,1,2,1,Yes,1,39.75,39.75,0.18,7.16,32.6,-25.0
180117,76802,2018-01-26,2018-01-28,20355,1362,121,2,9,1,2,1,Yes,1,39.75,39.75,0.17,6.76,32.99,11.15
180118,76803,2018-01-26,2018-01-30,20356,1362,141,4,18,4,4,0,No,1,39.75,39.75,0.16,6.36,33.39,2.5
180119,76804,2018-01-26,2018-01-28,20357,1362,141,2,9,1,2,1,Yes,1,39.75,39.75,0.15,5.96,33.79,10.58
180120,76805,2018-01-26,2018-01-28,20358,1362,141,2,13,1,2,1,Yes,1,39.75,39.75,0.13,5.17,34.58,3.01
180121,76806,2018-01-26,2018-01-28,20359,1362,141,2,14,1,2,1,Yes,1,39.75,39.75,0.12,4.77,34.98,-1.75
180122,76807,2018-01-26,2018-01-28,20360,1362,127,2,8,1,2,1,Yes,1,39.75,39.75,0.1,3.98,35.78,7.16
180123,76808,2018-01-26,2018-01-30,20361,1362,127,4,21,4,4,0,No,1,39.75,39.75,0.09,3.58,36.17,5.9
180124,76809,2018-01-26,2018-01-31,20362,1362,127,4,14,4,5,1,Yes,1,39.75,39.75,0.07,2.78,36.97,9.72
180125,76810,2018-01-26,2018-02-01,20363,1362,121,4,9,4,6,2,Yes,1,39.75,39.75,0.06,2.19,37.56,14.09
180126,76811,2018-01-26,2018-01-28,20364,1362,121,4,6,4,2,-2,No,1,39.75,39.75,0.05,1.99,37.76,10.95
180127,76812,2018-01-26,2018-01-29,20365,1362,145,4,15,4,3,-1,No,1,39.75,39.75,0.04,1.59,38.16,18.32
180128,76813,2018-01-26,2018-01-30,20366,1362,121,4,17,4,4,0,No,1,39.75,39.75,0.03,1.19,38.56,17.74
180129,76814,2018-01-26,2018-01-31,20367,1362,121,4,10,4,5,1,Yes,1,39.75,39.75,0.02,0.8,38.96,19.09
180130,76815,2018-01-26,2018-02-01,20368,1362,121,4,14,4,6,2,Yes,1,39.75,39.75,0.01,0.4,39.35,-9.37
180131,76816,2018-01-26,2018-01-28,20369,1362,121,4,1,4,2,-2,No,1,39.75,39.75,0.0,0.0,39.75,10.34
180132,76817,2018-01-26,2018-01-29,20370,1362,133,4,1,4,3,-1,No,1,39.75,39.75,0.25,9.94,29.81,11.93
180133,76818,2018-01-26,2018-01-30,20371,1362,133,4,18,4,4,0,No,1,39.75,39.75,0.2,7.95,31.8,-3.59
180134,76819,2018-01-26,2018-01-31,20372,1362,125,4,9,4,5,1,Yes,1,39.75,39.75,0.18,7.16,32.6,-25.0
180135,76820,2018-01-26,2018-02-01,20373,1362,127,3,12,2,6,4,Yes,1,39.75,39.75,0.17,6.76,32.99,-25.31
180136,76821,2018-01-26,2018-01-28,20374,1362,127,3,18,2,2,0,No,1,39.75,39.75,0.16,6.36,33.39,10.45
180137,76822,2018-01-26,2018-01-29,20375,1362,127,3,9,2,3,1,Yes,1,39.75,39.75,0.15,5.96,33.79,10.98
180138,76823,2018-01-26,2018-01-30,20376,1362,127,4,21,4,4,0,No,1,39.75,39.75,0.13,5.17,34.58,8.99
180139,76824,2018-01-26,2018-01-31,20377,1363,127,4,14,4,5,1,Yes,1,215.82,215.82,0.18,38.85,176.97,11.15
180140,76825,2018-01-26,2018-02-01,20378,1363,127,4,15,4,6,2,No,1,215.82,215.82,0.17,36.69,179.13,84.19
180141,76826,2018-01-26,2018-01-28,20379,1363,136,2,9,1,2,1,Yes,1,215.82,215.82,0.16,34.53,181.29,65.26
180142,76827,2018-01-26,2018-01-29,20380,1363,146,4,2,4,3,-1,No,1,215.82,215.82,0.15,32.37,183.45,71.54
180143,76828,2018-01-26,2018-01-30,20381,1363,146,4,18,4,4,0,No,1,215.82,215.82,0.13,28.06,187.76,46.94
180144,76829,2018-01-26,2018-01-31,20382,1363,121,4,9,4,5,1,Yes,1,215.82,215.82,0.12,25.9,189.92,55.08
180145,76830,2018-01-26,2018-02-01,20383,1363,133,4,8,4,6,2,Yes,1,215.82,215.82,0.1,21.58,194.24,67.98
180146,76831,2018-01-26,2018-01-28,20384,1363,133,4,2,4,2,-2,No,1,215.82,215.82,0.09,19.42,196.4,34.96
180147,76832,2018-01-26,2018-01-29,20385,1363,133,3,9,2,3,1,Yes,1,215.82,215.82,0.07,15.11,200.71,96.34
180148,76833,2018-01-26,2018-01-30,20386,1363,133,3,14,2,4,2,Yes,1,215.82,215.82,0.06,11.87,203.95,26.51
180149,76834,2018-01-26,2018-01-31,20387,1363,143,3,13,2,5,3,Yes,1,215.82,215.82,0.05,10.79,205.03,51.26
180150,76835,2018-01-26,2018-02-01,20388,1363,133,4,11,4,6,2,Yes,1,215.82,215.82,0.04,8.63,207.19,70.03
180151,76836,2018-01-26,2018-01-28,20389,1363,145,3,17,2,2,0,No,1,215.82,215.82,0.03,6.47,209.35,20.93
180152,76837,2018-01-26,2018-01-29,20390,1363,127,4,2,4,3,-1,No,1,215.82,215.82,0.02,4.32,211.5,15.86
180153,76838,2018-01-26,2018-01-30,20391,1363,127,4,21,4,4,0,No,1,215.82,215.82,0.01,2.16,213.66,19.23
180154,76839,2018-01-26,2018-01-31,20392,1363,121,4,9,4,5,1,Yes,1,215.82,215.82,0.0,0.0,215.82,101.44
180155,76840,2018-01-26,2018-02-01,20393,1363,121,4,12,4,6,2,Yes,1,215.82,215.82,0.25,53.96,161.87,-70.09
180156,76841,2018-01-26,2018-01-28,20394,1363,127,4,2,4,2,-2,No,1,215.82,215.82,0.2,43.16,172.66,-29.52
180157,76842,2018-01-26,2018-01-29,20395,1363,133,3,8,2,3,1,Yes,1,215.82,215.82,0.18,38.85,176.97,49.55
180158,76843,2018-01-26,2018-01-30,20396,1363,133,3,9,2,4,2,Yes,1,215.82,215.82,0.17,36.69,179.13,-12.72
180159,76844,2018-01-26,2018-01-28,20397,1363,133,2,12,1,2,1,Yes,1,215.82,215.82,0.16,34.53,181.29,61.28
180160,76845,2018-01-26,2018-02-01,20398,1363,139,4,8,4,6,2,Yes,1,215.82,215.82,0.15,32.37,183.45,64.21
180161,76846,2018-01-26,2018-01-28,20399,1363,146,4,6,4,2,-2,No,1,215.82,215.82,0.13,28.06,187.76,78.86
180162,76847,2018-01-26,2018-01-29,20400,1363,127,4,2,4,3,-1,No,1,215.82,215.82,0.12,25.9,189.92,-11.21
180163,76848,2018-01-26,2018-01-30,20401,1363,127,4,18,4,4,0,No,1,215.82,215.82,0.1,21.58,194.24,97.12
180164,76849,2018-01-26,2018-01-31,20402,1363,121,4,9,4,5,1,Yes,1,215.82,215.82,0.09,19.42,196.4,0.0
180165,76850,2018-01-26,2018-02-01,20403,1363,121,4,14,4,6,2,Yes,1,215.82,215.82,0.07,15.11,200.71,10.04
180166,76851,2018-01-26,2018-01-28,20404,1363,127,4,7,4,2,-2,No,1,215.82,215.82,0.06,11.87,203.95,17.95
180167,76852,2018-01-26,2018-01-29,20405,1363,127,4,5,4,3,-1,No,1,215.82,215.82,0.05,10.79,205.03,-143.52
180168,76853,2018-01-26,2018-01-27,20406,1363,127,1,14,0,1,1,Yes,1,215.82,215.82,0.04,8.63,207.19,54.49
180169,76854,2018-01-26,2018-01-27,20407,1363,127,1,13,0,1,1,Yes,1,215.82,215.82,0.03,6.47,209.35,-167.48
180170,76855,2018-01-26,2018-01-28,20408,1363,127,2,12,1,2,1,Yes,1,215.82,215.82,0.02,4.32,211.5,-359.56
180171,76856,2018-01-26,2018-01-28,20409,1363,139,2,10,1,2,1,Yes,1,215.82,215.82,0.01,2.16,213.66,-149.56
180172,76857,2018-01-26,2018-01-29,20410,1363,127,4,2,4,3,-1,No,1,215.82,215.82,0.0,0.0,215.82,37.77
180173,76858,2018-01-26,2018-01-30,20411,1363,127,4,22,4,4,0,No,1,215.82,215.82,0.25,53.96,161.87,45.32
180174,76859,2018-01-26,2018-01-31,20412,1363,127,4,9,4,5,1,Yes,1,215.82,215.82,0.2,43.16,172.66,64.75
180175,76860,2018-01-26,2018-02-01,20413,1363,133,4,9,4,6,2,Yes,1,215.82,215.82,0.18,38.85,176.97,57.52
180176,76861,2018-01-26,2018-01-28,20414,1363,139,4,5,4,2,-2,No,1,215.82,215.82,0.17,36.69,179.13,89.57
180177,76862,2018-01-26,2018-01-29,20415,1363,139,4,7,4,3,-1,No,1,215.82,215.82,0.16,34.53,181.29,88.83
180178,76863,2018-01-27,2018-01-31,20416,1363,139,3,9,2,4,2,Yes,1,215.82,215.82,0.15,32.37,183.45,7.34
180179,76864,2018-01-27,2018-02-01,20417,1363,127,4,14,4,5,1,Yes,1,215.82,215.82,0.13,28.06,187.76,65.72
180180,76865,2018-01-27,2018-02-02,20418,1363,121,4,9,4,6,2,Yes,1,215.82,215.82,0.12,25.9,189.92,59.45
180181,76866,2018-01-27,2018-01-29,20419,1363,142,4,4,4,2,-2,No,1,215.82,215.82,0.1,21.58,194.24,50.5
180182,76867,2018-01-27,2018-01-30,20420,1363,142,4,2,4,3,-1,No,1,215.82,215.82,0.09,19.42,196.4,51.06
180183,76868,2018-01-27,2018-01-31,20421,1363,139,4,21,4,4,0,No,1,215.82,215.82,0.07,15.11,200.71,90.32
180184,76869,2018-01-27,2018-02-01,20422,1363,127,3,14,2,5,3,Yes,1,215.82,215.82,0.06,11.87,203.95,57.11
180185,76870,2018-01-27,2018-02-02,20423,1363,127,4,9,4,6,2,Yes,1,215.82,215.82,0.05,10.79,205.03,102.51
180186,76871,2018-01-27,2018-01-29,20424,1363,146,4,2,4,2,-2,No,1,215.82,215.82,0.04,8.63,207.19,74.59
180187,76872,2018-01-27,2018-01-30,20425,1363,146,4,2,4,3,-1,No,1,215.82,215.82,0.03,6.47,209.35,75.36
180188,76873,2018-01-27,2018-01-31,20426,1363,146,4,18,4,4,0,No,1,215.82,215.82,0.02,4.32,211.5,66.2
180189,76874,2018-01-27,2018-02-01,20427,1363,139,4,14,4,5,1,Yes,1,215.82,215.82,0.01,2.16,213.66,104.69
180190,76875,2018-01-27,2018-02-02,20428,1363,143,4,14,4,6,2,Yes,1,215.82,215.82,0.0,0.0,215.82,103.59
180191,76876,2018-01-27,2018-01-29,20429,1363,127,4,2,4,2,-2,No,1,215.82,215.82,0.25,53.96,161.87,6.47
180192,76877,2018-01-27,2018-01-30,20430,1363,133,4,3,4,3,-1,No,1,215.82,215.82,0.2,43.16,172.66,74.24
180193,76878,2018-01-27,2018-01-31,20431,1363,133,4,17,4,4,0,No,1,215.82,215.82,0.18,38.85,176.97,76.1
180194,76879,2018-01-27,2018-02-01,20432,1363,133,4,13,4,5,1,Yes,1,215.82,215.82,0.17,36.69,179.13,53.74
180195,76880,2018-01-27,2018-02-02,20433,1363,133,4,9,4,6,2,Yes,1,215.82,215.82,0.16,34.53,181.29,87.02
180196,76881,2018-01-27,2018-01-29,20434,1363,133,4,7,4,2,-2,No,1,215.82,215.82,0.15,32.37,183.45,60.54
180197,76882,2018-01-27,2018-01-27,20435,1363,141,1,22,0,0,0,No,1,215.82,215.82,0.13,28.06,187.76,52.57
180198,76883,2018-01-27,2018-01-31,20436,1363,141,4,18,4,4,0,No,1,215.82,215.82,0.12,25.9,189.92,85.46
180199,76884,2018-01-27,2018-02-01,20437,1363,145,4,9,4,5,1,Yes,1,215.82,215.82,0.1,21.58,194.24,5.83
180200,76885,2018-01-27,2018-02-02,20438,1363,141,4,12,4,6,2,Yes,1,215.82,215.82,0.09,19.42,196.4,14.73
180201,76886,2018-01-27,2018-01-29,20439,1363,133,4,6,4,2,-2,No,1,215.82,215.82,0.07,15.11,200.71,15.05
180202,76887,2018-01-27,2018-01-30,20440,1363,133,4,1,4,3,-1,No,1,215.82,215.82,0.06,11.87,203.95,97.9
180203,76888,2018-01-27,2018-01-31,20441,1363,125,4,18,4,4,0,No,1,215.82,215.82,0.05,10.79,205.03,67.66
180204,76889,2018-01-27,2018-02-01,20442,1363,139,4,13,4,5,1,Yes,1,215.82,215.82,0.04,8.63,207.19,60.08
180205,76890,2018-01-27,2018-02-02,20443,1363,146,4,13,4,6,2,Yes,1,215.82,215.82,0.03,6.47,209.35,102.58
180206,76891,2018-01-27,2018-01-29,20444,1363,139,4,2,4,2,-2,No,1,215.82,215.82,0.02,4.32,211.5,4.23
180207,76892,2018-01-27,2018-01-30,20445,1363,127,4,6,4,3,-1,No,1,215.82,215.82,0.01,2.16,213.66,104.69
180208,76893,2018-01-27,2018-01-31,20446,1363,143,4,17,4,4,0,No,1,215.82,215.82,0.0,0.0,215.82,62.59
180209,76894,2018-01-27,2018-02-01,20447,1363,143,4,14,4,5,1,Yes,1,215.82,215.82,0.25,53.96,161.87,-37.71
180210,76895,2018-01-27,2018-01-29,20448,1363,143,2,9,1,2,1,Yes,1,215.82,215.82,0.2,43.16,172.66,-36.78
180211,76896,2018-01-27,2018-01-29,20449,1363,143,2,13,1,2,1,Yes,1,215.82,215.82,0.18,38.85,176.97,33.27
180212,76897,2018-01-27,2018-01-29,20450,1363,143,2,16,1,2,1,No,1,215.82,215.82,0.17,36.69,179.13,-143.3
180213,76898,2018-01-27,2018-01-29,20451,1363,143,2,13,1,2,1,Yes,1,215.82,215.82,0.16,34.53,181.29,47.14
180214,76899,2018-01-27,2018-02-01,20452,1363,143,4,8,4,5,1,Yes,1,215.82,215.82,0.15,32.37,183.45,66.59
180215,76900,2018-01-27,2018-01-29,20453,1363,143,2,9,1,2,1,Yes,1,215.82,215.82,0.13,28.06,187.76,82.62
180216,76901,2018-01-27,2018-01-29,20454,1363,139,2,13,1,2,1,Yes,1,215.82,215.82,0.12,25.9,189.92,74.07
180217,76902,2018-01-27,2018-01-29,20455,1363,139,2,9,1,2,1,Yes,1,215.82,215.82,0.1,21.58,194.24,33.02
180218,76903,2018-01-27,2018-01-29,20456,1363,139,2,13,1,2,1,Yes,1,215.82,215.82,0.09,19.42,196.4,33.39
180219,76904,2018-01-27,2018-02-01,20457,1363,139,3,9,2,5,3,Yes,1,215.82,215.82,0.07,15.11,200.71,96.34
180220,76905,2018-01-27,2018-02-02,20458,1363,139,4,14,4,6,2,Yes,1,215.82,215.82,0.06,11.87,203.95,97.9
180221,76906,2018-01-27,2018-01-29,20459,1363,133,4,6,4,2,-2,No,1,215.82,215.82,0.05,10.79,205.03,12.3
180222,76907,2018-01-27,2018-01-28,20460,1363,133,1,14,0,1,1,Yes,1,215.82,215.82,0.04,8.63,207.19,99.45
180223,76908,2018-01-27,2018-01-29,20461,1363,121,2,9,1,2,1,Yes,1,215.82,215.82,0.03,6.47,209.35,52.34
180224,76909,2018-01-27,2018-01-29,20462,1363,133,2,10,1,2,1,Yes,1,215.82,215.82,0.02,4.32,211.5,65.57
180225,76910,2018-01-27,2018-02-02,20463,1363,133,4,14,4,6,2,Yes,1,215.82,215.82,0.01,2.16,213.66,104.69
180226,76911,2018-01-27,2018-01-29,20464,1363,131,4,6,4,2,-2,No,1,215.82,215.82,0.0,0.0,215.82,56.11
180227,76912,2018-01-27,2018-01-30,20465,1363,131,4,2,4,3,-1,No,1,215.82,215.82,0.25,53.96,161.87,-89.03
180228,76913,2018-01-27,2018-01-31,20466,1363,131,3,8,2,4,2,Yes,1,215.82,215.82,0.2,43.16,172.66,44.89
180229,76914,2018-01-27,2018-02-01,20467,1363,131,3,9,2,5,3,Yes,1,215.82,215.82,0.18,38.85,176.97,4.42
180230,76915,2018-01-27,2018-02-02,20468,1363,127,3,9,2,6,4,Yes,1,215.82,215.82,0.17,36.69,179.13,62.7
180231,76916,2018-01-27,2018-01-29,20469,1363,127,3,22,2,2,0,No,1,215.82,215.82,0.16,34.53,181.29,-43.15
180232,76917,2018-01-27,2018-01-30,20470,1363,127,3,13,2,3,1,Yes,1,215.82,215.82,0.15,32.37,183.45,64.21
180233,76918,2018-01-27,2018-01-31,20471,1363,121,4,19,4,4,0,No,1,215.82,215.82,0.13,28.06,187.76,68.16
180234,76919,2018-01-27,2018-02-01,20472,1363,121,4,13,4,5,1,Yes,1,215.82,215.82,0.12,25.9,189.92,64.19
180235,76920,2018-01-27,2018-02-02,20473,1363,121,3,8,2,6,4,Yes,1,215.82,215.82,0.1,21.58,194.24,67.98
180236,76921,2018-01-27,2018-01-29,20474,1363,127,3,19,2,2,0,No,1,215.82,215.82,0.09,19.42,196.4,24.55
180237,76922,2018-01-27,2018-01-30,20475,1363,127,3,8,2,3,1,Yes,1,215.82,215.82,0.07,15.11,200.71,42.75
180238,76923,2018-01-27,2018-01-31,20476,1363,127,3,14,2,4,2,Yes,1,215.82,215.82,0.06,11.87,203.95,71.38
180239,76924,2018-01-27,2018-02-01,20477,1363,127,3,10,2,5,3,Yes,1,215.82,215.82,0.05,10.79,205.03,71.76
180240,76925,2018-01-27,2018-02-02,20478,1363,141,3,8,2,6,4,Yes,1,215.82,215.82,0.04,8.63,207.19,58.01
180241,76926,2018-01-27,2018-01-29,20479,1363,127,3,22,2,2,0,No,1,215.82,215.82,0.03,6.47,209.35,87.93
180242,76927,2018-01-27,2018-01-30,20480,1363,141,3,8,2,3,1,Yes,1,215.82,215.82,0.02,4.32,211.5,18.61
180243,76928,2018-01-27,2018-01-31,20481,1363,141,3,9,2,4,2,Yes,1,215.82,215.82,0.01,2.16,213.66,-12.61
180244,76929,2018-01-27,2018-02-01,20482,1363,141,3,12,2,5,3,Yes,1,215.82,215.82,0.0,0.0,215.82,103.59
180245,76930,2018-01-27,2018-02-02,20483,1363,146,3,11,2,6,4,Yes,1,215.82,215.82,0.25,53.96,161.87,58.76
180246,76931,2018-01-28,2018-01-30,20484,1363,146,2,9,1,2,1,Yes,1,215.82,215.82,0.2,43.16,172.66,15.19
180247,76932,2018-01-28,2018-01-30,20485,1363,139,2,9,1,2,1,Yes,1,215.82,215.82,0.18,38.85,176.97,15.57
180248,76933,2018-01-28,2018-02-01,20486,1363,139,4,22,4,4,0,No,1,215.82,215.82,0.17,36.69,179.13,73.44
180249,76934,2018-01-28,2018-02-02,20487,1363,139,4,9,4,5,1,Yes,1,215.82,215.82,0.16,34.53,181.29,11.24
180250,76935,2018-01-28,2018-02-03,20488,1363,127,4,9,4,6,2,Yes,1,215.82,215.82,0.15,32.37,183.45,-146.76
180251,76936,2018-01-28,2018-01-30,20489,1363,127,4,2,4,2,-2,No,1,215.82,215.82,0.13,28.06,187.76,61.02
180252,76937,2018-01-28,2018-01-31,20490,1363,127,4,2,4,3,-1,No,1,215.82,215.82,0.12,25.9,189.92,22.22
180253,76938,2018-01-28,2018-02-01,20491,1363,127,4,22,4,4,0,No,1,215.82,215.82,0.1,21.58,194.24,89.35
180254,76939,2018-01-28,2018-02-02,20492,1363,139,4,12,4,5,1,Yes,1,215.82,215.82,0.09,19.42,196.4,80.52
180255,76940,2018-01-28,2018-01-30,20493,1363,141,2,11,1,2,1,Yes,1,215.82,215.82,0.07,15.11,200.71,58.21
180256,76941,2018-01-28,2018-01-30,20494,1363,141,2,13,1,2,1,Yes,1,215.82,215.82,0.06,11.87,203.95,50.99
180257,76942,2018-01-28,2018-01-30,20495,1363,127,2,8,1,2,1,Yes,1,215.82,215.82,0.05,10.79,205.03,-11.69
180258,76943,2018-01-28,2018-01-30,20496,1363,127,2,8,1,2,1,Yes,1,215.82,215.82,0.04,8.63,207.19,77.7
180259,76944,2018-01-28,2018-02-02,20497,1363,127,4,14,4,5,1,Yes,1,215.82,215.82,0.03,6.47,209.35,70.76
180260,76945,2018-01-28,2018-02-03,20498,1363,127,4,11,4,6,2,Yes,1,215.82,215.82,0.02,4.32,211.5,26.44
180261,76946,2018-01-28,2018-01-30,20499,1363,127,4,2,4,2,-2,No,1,215.82,215.82,0.01,2.16,213.66,70.51
180262,76947,2018-01-28,2018-01-30,20500,1363,127,2,9,1,2,1,Yes,1,215.82,215.82,0.0,0.0,215.82,62.59
180263,76948,2018-01-28,2018-01-30,20501,1363,127,2,13,1,2,1,Yes,1,215.82,215.82,0.25,53.96,161.87,50.18
180264,76949,2018-01-28,2018-02-02,20502,1363,133,4,9,4,5,1,Yes,1,215.82,215.82,0.2,43.16,172.66,58.36
180265,76950,2018-01-28,2018-02-03,20503,1363,143,4,9,4,6,2,Yes,1,215.82,215.82,0.18,38.85,176.97,61.94
180266,76951,2018-01-28,2018-01-30,20504,1363,143,4,6,4,2,-2,No,1,215.82,215.82,0.17,36.69,179.13,82.4
180267,76952,2018-01-28,2018-01-31,20505,1363,133,4,2,4,3,-1,No,1,215.82,215.82,0.16,34.53,181.29,87.02
180268,76953,2018-01-28,2018-02-01,20506,1363,133,4,21,4,4,0,No,1,215.82,215.82,0.15,32.37,183.45,-23.66
180269,76954,2018-01-28,2018-01-28,20507,1363,133,1,20,0,0,0,No,1,215.82,215.82,0.13,28.06,187.76,-61.77
180270,76955,2018-01-28,2018-01-28,20508,1363,127,1,21,0,0,0,No,1,215.82,215.82,0.12,25.9,189.92,23.74
180271,76956,2018-01-28,2018-01-28,20509,1363,127,1,17,0,0,0,No,1,215.82,215.82,0.1,21.58,194.24,89.35
180272,76957,2018-01-28,2018-01-28,20510,1363,127,1,17,0,0,0,No,1,215.82,215.82,0.09,19.42,196.4,66.38
180273,76958,2018-01-28,2018-01-28,20511,1363,127,1,23,0,0,0,No,1,215.82,215.82,0.07,15.11,200.71,0.0
180274,76959,2018-01-28,2018-02-02,20512,1363,127,3,16,2,5,3,No,1,215.82,215.82,0.06,11.87,203.95,68.94
180275,76960,2018-01-28,2018-02-03,20513,1363,127,4,9,4,6,2,Yes,1,215.82,215.82,0.05,10.79,205.03,100.46
180276,76961,2018-01-28,2018-01-30,20514,1363,127,3,18,2,2,0,No,1,215.82,215.82,0.04,8.63,207.19,-145.03
180277,76962,2018-01-28,2018-01-31,20515,1363,127,3,14,2,3,1,Yes,1,215.82,215.82,0.03,6.47,209.35,98.39
180278,76963,2018-01-28,2018-02-01,20516,1363,127,3,12,2,4,2,Yes,1,215.82,215.82,0.02,4.32,211.5,-9.09
180279,76964,2018-01-28,2018-02-02,20517,1363,127,3,8,2,5,3,Yes,1,215.82,215.82,0.01,2.16,213.66,-9.19
180280,76965,2018-01-28,2018-02-03,20518,1363,127,3,13,2,6,4,Yes,1,215.82,215.82,0.0,0.0,215.82,75.54
180281,76966,2018-01-28,2018-01-30,20519,1363,143,4,6,4,2,-2,No,1,215.82,215.82,0.25,53.96,161.87,-113.31
180282,76967,2018-01-28,2018-01-31,20520,1363,143,3,9,2,3,1,Yes,1,215.82,215.82,0.2,43.16,172.66,15.19
180283,76968,2018-01-28,2018-02-01,20521,1363,131,4,20,4,4,0,No,1,215.82,215.82,0.18,38.85,176.97,61.94
180284,76969,2018-01-28,2018-02-02,20522,1363,145,4,10,4,5,1,Yes,1,215.82,215.82,0.17,36.69,179.13,22.39
180285,76970,2018-01-28,2018-02-03,20523,1363,145,4,14,4,6,2,Yes,1,215.82,215.82,0.16,34.53,181.29,18.13
180286,76971,2018-01-28,2018-01-30,20524,1363,129,4,2,4,2,-2,No,1,215.82,215.82,0.15,32.37,183.45,38.52
180287,76972,2018-01-28,2018-01-31,20525,1363,125,4,6,4,3,-1,No,1,215.82,215.82,0.13,28.06,187.76,54.45
180288,76973,2018-01-28,2018-02-01,20526,1363,125,3,15,2,4,2,No,1,215.82,215.82,0.12,25.9,189.92,55.08
180289,76974,2018-01-28,2018-02-02,20527,1363,127,4,13,4,5,1,Yes,1,215.82,215.82,0.1,21.58,194.24,89.35
180290,76975,2018-01-28,2018-02-03,20528,1363,127,4,14,4,6,2,Yes,1,215.82,215.82,0.09,19.42,196.4,19.64
180291,76976,2018-01-28,2018-01-30,20529,1363,127,4,2,4,2,-2,No,1,215.82,215.82,0.07,15.11,200.71,62.82
180292,76977,2018-01-28,2018-01-31,20530,1363,127,4,7,4,3,-1,No,1,215.82,215.82,0.06,11.87,203.95,15.3
180293,76978,2018-01-28,2018-02-01,20531,1363,121,4,21,4,4,0,No,1,215.82,215.82,0.05,10.79,205.03,57.41
180294,76979,2018-01-28,2018-01-29,20532,1363,121,1,14,0,1,1,Yes,1,215.82,215.82,0.04,8.63,207.19,93.23
180295,76980,2018-01-28,2018-01-30,20533,1363,121,2,12,1,2,1,Yes,1,215.82,215.82,0.03,6.47,209.35,100.49
180296,76981,2018-01-28,2018-01-30,20534,1363,121,3,17,2,2,0,No,1,215.82,215.82,0.02,4.32,211.5,76.78
180297,76982,2018-01-28,2018-01-31,20535,1363,143,3,9,2,3,1,Yes,1,215.82,215.82,0.01,2.16,213.66,55.55
180298,76983,2018-01-28,2018-01-30,20536,1363,143,2,12,1,2,1,Yes,1,215.82,215.82,0.0,0.0,215.82,-45.97
180299,76984,2018-01-28,2018-02-02,20537,1363,139,4,9,4,5,1,Yes,1,215.82,215.82,0.25,53.96,161.87,12.14
180300,76985,2018-01-28,2018-01-29,20538,1363,146,1,13,0,1,1,Yes,1,215.82,215.82,0.2,43.16,172.66,62.16
180301,76986,2018-01-28,2018-01-30,20539,1363,146,3,22,2,2,0,No,1,215.82,215.82,0.18,38.85,176.97,44.24
180302,76987,2018-01-28,2018-01-30,20540,1363,146,2,13,1,2,1,Yes,1,215.82,215.82,0.17,36.69,179.13,85.98
180303,76988,2018-01-28,2018-01-30,20541,1363,146,2,13,1,2,1,Yes,1,215.82,215.82,0.16,34.53,181.29,22.66
180304,76989,2018-01-28,2018-02-02,20542,1363,136,3,14,2,5,3,Yes,1,215.82,215.82,0.15,32.37,183.45,-2.38
180305,76990,2018-01-28,2018-02-03,20543,1363,136,3,9,2,6,4,Yes,1,215.82,215.82,0.13,28.06,187.76,63.84
180306,76991,2018-01-28,2018-01-30,20544,1363,136,4,6,4,2,-2,No,1,215.82,215.82,0.12,25.9,189.92,49.38
180307,76992,2018-01-28,2018-01-31,20545,1363,136,4,2,4,3,-1,No,1,215.82,215.82,0.1,21.58,194.24,50.5
180308,76993,2018-01-28,2018-02-01,20546,1363,136,4,22,4,4,0,No,1,215.82,215.82,0.09,19.42,196.4,51.06
180309,76994,2018-01-28,2018-02-02,20547,1363,136,4,8,4,5,1,Yes,1,215.82,215.82,0.07,15.11,200.71,68.24
180310,76995,2018-01-28,2018-02-03,20548,1363,136,3,13,2,6,4,Yes,1,215.82,215.82,0.06,11.87,203.95,15.3
180311,76996,2018-01-28,2018-01-30,20549,1363,136,3,18,2,2,0,No,1,215.82,215.82,0.05,10.79,205.03,38.55
180312,76997,2018-01-28,2018-01-30,20550,1363,139,2,12,1,2,1,Yes,1,215.82,215.82,0.04,8.63,207.19,99.45
180313,76998,2018-01-28,2018-02-01,20551,1363,139,4,18,4,4,0,No,1,215.82,215.82,0.03,6.47,209.35,75.99
180314,76999,2018-01-28,2018-02-02,20552,1363,139,4,9,4,5,1,Yes,1,215.82,215.82,0.02,4.32,211.5,76.78
180315,77000,2018-01-29,2018-02-04,20553,1363,133,3,12,2,6,4,Yes,1,215.82,215.82,0.01,2.16,213.66,76.92
180316,77001,2018-01-29,2018-01-31,20554,1363,133,4,6,4,2,-2,No,1,215.82,215.82,0.0,0.0,215.82,16.19
180317,77002,2018-01-29,2018-02-01,20555,1363,133,4,7,4,3,-1,No,1,215.82,215.82,0.25,53.96,161.87,54.71
180318,77003,2018-01-29,2018-02-02,20556,1363,127,4,22,4,4,0,No,1,215.82,215.82,0.2,43.16,172.66,55.25
180319,77004,2018-01-29,2018-02-03,20557,1363,127,3,9,2,5,3,Yes,1,215.82,215.82,0.18,38.85,176.97,58.4
180320,77005,2018-01-29,2018-02-04,20558,1363,127,4,14,4,6,2,Yes,1,215.82,215.82,0.17,36.69,179.13,80.61
180321,77006,2018-01-29,2018-01-31,20559,1363,127,3,18,2,2,0,No,1,215.82,215.82,0.16,34.53,181.29,81.58
180322,77007,2018-01-29,2018-01-31,20560,1363,121,2,9,1,2,1,Yes,1,215.82,215.82,0.15,32.37,183.45,86.22
180323,77008,2018-01-29,2018-02-02,20561,1363,121,3,9,2,4,2,Yes,1,215.82,215.82,0.13,28.06,187.76,-13.33
180324,77009,2018-01-29,2018-02-03,20562,1363,121,3,9,2,5,3,Yes,1,215.82,215.82,0.12,25.9,189.92,55.08
180325,77010,2018-01-29,2018-02-04,20563,1363,127,4,12,4,6,2,Yes,1,215.82,215.82,0.1,21.58,194.24,87.41
180326,77011,2018-01-29,2018-01-31,20564,1363,139,3,22,2,2,0,No,1,215.82,215.82,0.09,19.42,196.4,92.31
180327,77012,2018-01-29,2018-02-01,20565,1363,127,3,12,2,3,1,Yes,1,215.82,215.82,0.07,15.11,200.71,17.66
180328,77013,2018-01-29,2018-02-02,20566,1363,133,3,9,2,4,2,Yes,1,215.82,215.82,0.06,11.87,203.95,76.48
180329,77014,2018-01-29,2018-02-03,20567,1363,133,3,9,2,5,3,Yes,1,215.82,215.82,0.05,10.79,205.03,57.41
180330,77015,2018-01-29,2018-02-04,20568,1363,127,3,9,2,6,4,Yes,1,215.82,215.82,0.04,8.63,207.19,97.38
180331,77016,2018-01-29,2018-01-31,20569,1363,127,3,22,2,2,0,No,1,215.82,215.82,0.03,6.47,209.35,58.62
180332,77017,2018-01-29,2018-02-01,20570,1363,127,4,3,4,3,-1,No,1,215.82,215.82,0.02,4.32,211.5,-42.3
180333,77018,2018-01-29,2018-02-02,20571,1363,139,3,8,2,4,2,Yes,1,215.82,215.82,0.01,2.16,213.66,61.96
180334,77019,2018-01-29,2018-02-03,20572,1363,133,4,10,4,5,1,Yes,1,215.82,215.82,0.0,0.0,215.82,105.75
180335,77020,2018-01-29,2018-02-04,20573,1363,139,4,13,4,6,2,Yes,1,215.82,215.82,0.25,53.96,161.87,21.53
180336,77021,2018-01-29,2018-01-31,20574,1363,127,4,2,4,2,-2,No,1,215.82,215.82,0.2,43.16,172.66,79.42
180337,77022,2018-01-29,2018-02-01,20575,1363,139,4,6,4,3,-1,No,1,215.82,215.82,0.18,38.85,176.97,84.95
180338,77023,2018-01-29,2018-02-02,20576,1363,139,4,22,4,4,0,No,1,215.82,215.82,0.17,36.69,179.13,85.98
180339,77024,2018-01-29,2018-02-03,20577,1363,139,4,13,4,5,1,Yes,1,215.82,215.82,0.16,34.53,181.29,32.63
180340,77025,2018-01-29,2018-02-04,20578,1363,139,4,13,4,6,2,Yes,1,215.82,215.82,0.15,32.37,183.45,11.01
180341,77026,2018-01-29,2018-01-31,20579,1363,139,4,2,4,2,-2,No,1,215.82,215.82,0.13,28.06,187.76,45.06
180342,77027,2018-01-29,2018-02-01,20580,1363,121,4,2,4,3,-1,No,1,215.82,215.82,0.12,25.9,189.92,-117.75
180343,77028,2018-01-29,2018-02-02,20581,1363,122,3,9,2,4,2,Yes,1,215.82,215.82,0.1,21.58,194.24,46.23
180344,77029,2018-01-29,2018-01-29,20582,1363,122,1,19,0,0,0,No,1,215.82,215.82,0.09,19.42,196.4,24.55
180345,77030,2018-01-29,2018-02-04,20583,1363,121,4,10,4,6,2,Yes,1,215.82,215.82,0.07,15.11,200.71,98.35
180346,77031,2018-01-29,2018-01-31,20584,1363,123,4,5,4,2,-2,No,1,215.82,215.82,0.06,11.87,203.95,97.9
180347,77032,2018-01-29,2018-02-01,20585,1363,139,4,6,4,3,-1,No,1,215.82,215.82,0.05,10.79,205.03,55.36
180348,77033,2018-01-29,2018-01-31,20586,1363,139,2,9,1,2,1,Yes,1,215.82,215.82,0.04,8.63,207.19,18.23
180349,77034,2018-01-29,2018-01-31,20587,1363,127,2,13,1,2,1,Yes,1,215.82,215.82,0.03,6.47,209.35,20.93
180350,77035,2018-01-29,2018-02-04,20588,1363,133,3,9,2,6,4,Yes,1,215.82,215.82,0.02,4.32,211.5,-348.98
180351,77036,2018-01-29,2018-01-31,20589,1363,133,3,15,2,2,0,No,1,215.82,215.82,0.01,2.16,213.66,69.44
180352,77037,2018-01-29,2018-02-01,20590,1363,127,3,12,2,3,1,Yes,1,215.82,215.82,0.0,0.0,215.82,-275.17
180353,77038,2018-01-29,2018-02-02,20591,1363,139,4,18,4,4,0,No,1,215.82,215.82,0.25,53.96,161.87,-9.23
180354,77039,2018-01-29,2018-02-03,20592,1363,139,4,9,4,5,1,Yes,1,215.82,215.82,0.2,43.16,172.66,21.58
180355,77040,2018-01-29,2018-02-04,20593,1363,127,4,8,4,6,2,Yes,1,215.82,215.82,0.18,38.85,176.97,11.15
180356,77041,2018-01-29,2018-01-31,20594,1363,121,3,18,2,2,0,No,1,215.82,215.82,0.17,36.69,179.13,29.2
180357,77042,2018-01-29,2018-02-01,20595,1363,127,4,2,4,3,-1,No,1,215.82,215.82,0.16,34.53,181.29,48.95
180358,77043,2018-01-29,2018-01-31,20596,1363,139,2,9,1,2,1,Yes,1,215.82,215.82,0.15,32.37,183.45,56.87
180359,77044,2018-01-29,2018-01-31,20597,1363,146,2,9,1,2,1,Yes,1,215.82,215.82,0.13,28.06,187.76,-34.92
180360,77045,2018-01-29,2018-02-04,20598,1363,146,4,13,4,6,2,Yes,1,215.82,215.82,0.12,25.9,189.92,34.19
180361,77046,2018-01-29,2018-01-31,20599,1363,127,4,2,4,2,-2,No,1,215.82,215.82,0.1,21.58,194.24,-161.8
180362,77047,2018-01-29,2018-02-01,20600,1363,127,4,1,4,3,-1,No,1,215.82,215.82,0.09,19.42,196.4,66.38
180363,77048,2018-01-29,2018-02-02,20601,1363,131,4,22,4,4,0,No,1,215.82,215.82,0.07,15.11,200.71,70.25
180364,77049,2018-01-29,2018-01-31,20602,1363,131,2,9,1,2,1,Yes,1,215.82,215.82,0.06,11.87,203.95,15.3
180365,77050,2018-01-29,2018-02-04,20603,1363,139,4,12,4,6,2,Yes,1,215.82,215.82,0.05,10.79,205.03,98.41
180366,77051,2018-01-29,2018-01-31,20604,1363,139,4,6,4,2,-2,No,1,215.82,215.82,0.04,8.63,207.19,15.54
180367,77052,2018-01-29,2018-02-01,20605,1363,121,4,5,4,3,-1,No,1,215.82,215.82,0.03,6.47,209.35,12.56
180368,77053,2018-01-29,2018-02-02,20606,1363,133,4,18,4,4,0,No,1,215.82,215.82,0.02,4.32,211.5,15.86
180369,77054,2018-01-29,2018-02-03,20607,1363,143,4,13,4,5,1,Yes,1,215.82,215.82,0.01,2.16,213.66,106.83
180370,77055,2018-01-29,2018-02-04,20608,1363,133,4,9,4,6,2,Yes,1,215.82,215.82,0.0,0.0,215.82,5.4
180371,77056,2018-01-29,2018-01-31,20609,1363,127,4,3,4,2,-2,No,1,215.82,215.82,0.25,53.96,161.87,58.76
180372,77057,2018-01-29,2018-02-01,20610,1363,127,4,6,4,3,-1,No,1,215.82,215.82,0.2,43.16,172.66,62.67
180373,77058,2018-01-29,2018-02-02,20611,1363,127,4,23,4,4,0,No,1,215.82,215.82,0.18,38.85,176.97,-38.4
180374,77059,2018-01-29,2018-02-03,20612,1363,139,4,13,4,5,1,Yes,1,215.82,215.82,0.17,36.69,179.13,48.37
180375,77060,2018-01-29,2018-02-04,20613,1363,139,4,13,4,6,2,Yes,1,215.82,215.82,0.16,34.53,181.29,83.39
180376,77061,2018-01-29,2018-01-31,20614,1363,139,4,6,4,2,-2,No,1,215.82,215.82,0.15,32.37,183.45,-105.48
180377,77062,2018-01-29,2018-02-01,20615,1363,139,4,2,4,3,-1,No,1,215.82,215.82,0.13,28.06,187.76,80.74
180378,77063,2018-01-29,2018-02-02,20616,1363,139,4,18,4,4,0,No,1,215.82,215.82,0.12,25.9,189.92,66.47
180379,77064,2018-01-29,2018-02-03,20617,1363,139,4,10,4,5,1,Yes,1,215.82,215.82,0.1,21.58,194.24,-38.85
180380,77065,2018-01-29,2018-02-04,20618,1363,145,4,9,4,6,2,Yes,1,215.82,215.82,0.09,19.42,196.4,54.99
180381,77066,2018-01-29,2018-01-31,20619,1363,127,4,6,4,2,-2,No,1,215.82,215.82,0.07,15.11,200.71,62.22
180382,77067,2018-01-29,2018-02-01,20620,1363,127,4,2,4,3,-1,No,1,215.82,215.82,0.06,11.87,203.95,-35.69
180383,77068,2018-01-30,2018-02-03,20621,1363,127,4,17,4,4,0,No,1,215.82,215.82,0.05,10.79,205.03,-55.56
180384,77069,2018-01-30,2018-02-04,20622,1363,125,3,8,2,5,3,Yes,1,215.82,215.82,0.04,8.63,207.19,-352.22
180385,77070,2018-01-30,2018-02-05,20623,1363,125,3,8,2,6,4,Yes,1,215.82,215.82,0.03,6.47,209.35,78.5
180386,77071,2018-01-30,2018-02-01,20624,1363,121,2,14,1,2,1,Yes,1,215.82,215.82,0.02,4.32,211.5,71.49
180387,77072,2018-01-30,2018-02-02,20625,1363,121,4,6,4,3,-1,No,1,215.82,215.82,0.01,2.16,213.66,100.42
180388,77073,2018-01-30,2018-02-03,20626,1363,133,4,22,4,4,0,No,1,215.82,215.82,0.0,0.0,215.82,71.22
180389,77074,2018-01-30,2018-02-04,20627,1363,133,4,13,4,5,1,Yes,1,215.82,215.82,0.25,53.96,161.87,45.32
180390,77075,2018-01-30,2018-02-05,20628,1363,143,4,12,4,6,2,Yes,1,215.82,215.82,0.2,43.16,172.66,48.34
180391,77076,2018-01-30,2018-02-01,20629,1363,127,4,3,4,2,-2,No,1,215.82,215.82,0.18,38.85,176.97,86.72
180392,77077,2018-01-30,2018-02-02,20630,1363,141,4,2,4,3,-1,No,1,215.82,215.82,0.17,36.69,179.13,87.77
180393,77078,2018-01-30,2018-02-03,20631,1363,133,4,17,4,4,0,No,1,215.82,215.82,0.16,34.53,181.29,45.32
180394,77079,2018-01-30,2018-02-01,20632,1363,133,2,9,1,2,1,Yes,1,215.82,215.82,0.15,32.37,183.45,51.37
180395,77080,2018-01-30,2018-02-01,20633,1363,133,2,9,1,2,1,Yes,1,215.82,215.82,0.13,28.06,187.76,50.7
180396,77081,2018-01-30,2018-02-01,20634,1363,139,2,15,1,2,1,No,1,215.82,215.82,0.12,25.9,189.92,21.46
180397,77082,2018-01-30,2018-02-02,20635,1363,139,4,16,4,3,-1,No,1,215.82,215.82,0.1,21.58,194.24,63.13
180398,77083,2018-01-30,2018-02-03,20636,1363,133,4,18,4,4,0,No,1,215.82,215.82,0.09,19.42,196.4,-157.12
180399,77084,2018-01-30,2018-02-04,20637,1363,127,4,16,4,5,1,No,1,215.82,215.82,0.07,15.11,200.71,6.02
180400,77085,2018-01-30,2018-02-05,20638,1363,133,4,9,4,6,2,Yes,1,215.82,215.82,0.06,11.87,203.95,97.9
180401,77086,2018-01-30,2018-02-01,20639,1363,133,4,1,4,2,-2,No,1,215.82,215.82,0.05,10.79,205.03,-37.52
180402,77087,2018-01-30,2018-02-02,20640,1363,133,4,5,4,3,-1,No,1,215.82,215.82,0.04,8.63,207.19,101.52
180403,77088,2018-01-30,2018-02-03,20641,1363,133,4,21,4,4,0,No,1,215.82,215.82,0.03,6.47,209.35,-172.71
180404,77089,2018-01-30,2018-02-04,20642,1363,133,4,16,4,5,1,No,1,215.82,215.82,0.02,4.32,211.5,-465.31
180405,77090,2018-01-30,2018-02-01,20643,1363,127,2,9,1,2,1,Yes,1,215.82,215.82,0.01,2.16,213.66,98.28
180406,77091,2018-01-30,2018-01-30,20644,1363,127,1,15,0,0,0,No,1,215.82,215.82,0.0,0.0,215.82,103.59
180407,77092,2018-01-30,2018-01-30,20645,1363,121,1,18,0,0,0,No,1,215.82,215.82,0.25,53.96,161.87,16.19
180408,77093,2018-01-30,2018-02-01,20646,1363,127,2,9,1,2,1,Yes,1,215.82,215.82,0.2,43.16,172.66,16.23
180409,77094,2018-01-30,2018-02-04,20647,1363,133,4,8,4,5,1,Yes,1,215.82,215.82,0.18,38.85,176.97,66.36
180410,77095,2018-01-30,2018-02-05,20648,1363,133,3,14,2,6,4,Yes,1,215.82,215.82,0.17,36.69,179.13,17.91
180411,77096,2018-01-30,2018-02-01,20649,1363,133,3,18,2,2,0,No,1,215.82,215.82,0.16,34.53,181.29,-2.54
180412,77097,2018-01-30,2018-02-02,20650,1363,139,3,15,2,3,1,No,1,215.82,215.82,0.15,32.37,183.45,43.66
180413,77098,2018-01-30,2018-02-03,20651,1363,139,4,22,4,4,0,No,1,215.82,215.82,0.13,28.06,187.76,14.08
180414,77099,2018-01-30,2018-02-04,20652,1363,121,4,14,4,5,1,Yes,1,215.82,215.82,0.12,25.9,189.92,-9.5
180415,77100,2018-01-30,2018-02-05,20653,1363,139,4,11,4,6,2,Yes,1,215.82,215.82,0.1,21.58,194.24,3.88
180416,77101,2018-01-30,2018-02-01,20654,1363,131,4,7,4,2,-2,No,1,215.82,215.82,0.09,19.42,196.4,-343.69
180417,77102,2018-01-30,2018-02-02,20655,1363,142,4,2,4,3,-1,No,1,215.82,215.82,0.07,15.11,200.71,76.27
180418,77103,2018-01-30,2018-02-03,20656,1363,142,4,23,4,4,0,No,1,215.82,215.82,0.06,11.87,203.95,23.05
180419,77104,2018-01-30,2018-02-04,20657,1363,142,3,8,2,5,3,Yes,1,215.82,215.82,0.05,10.79,205.03,76.89
180420,77105,2018-01-30,2018-02-05,20658,1363,142,4,9,4,6,2,Yes,1,215.82,215.82,0.04,8.63,207.19,16.57
180421,77106,2018-01-30,2018-02-01,20659,1363,133,4,7,4,2,-2,No,1,215.82,215.82,0.03,6.47,209.35,20.93
180422,77107,2018-01-30,2018-02-02,20660,1363,133,4,2,4,3,-1,No,1,215.82,215.82,0.02,4.32,211.5,69.8
180423,77108,2018-01-30,2018-02-03,20661,1363,127,4,18,4,4,0,No,1,215.82,215.82,0.01,2.16,213.66,74.78
180424,77109,2018-01-30,2018-02-04,20662,1363,133,4,9,4,5,1,Yes,1,215.82,215.82,0.0,0.0,215.82,97.12
180425,77110,2018-01-30,2018-02-05,20663,1363,127,4,9,4,6,2,Yes,1,215.82,215.82,0.25,53.96,161.87,46.94
180426,77111,2018-01-30,2018-02-01,20664,1363,127,4,2,4,2,-2,No,1,215.82,215.82,0.2,43.16,172.66,32.46
180427,77112,2018-01-30,2018-02-02,20665,1363,123,3,12,2,3,1,Yes,1,215.82,215.82,0.18,38.85,176.97,-92.03
180428,77113,2018-01-30,2018-02-03,20666,1363,123,4,18,4,4,0,No,1,215.82,215.82,0.17,36.69,179.13,80.61
180429,77114,2018-01-30,2018-02-04,20667,1363,133,3,14,2,5,3,Yes,1,215.82,215.82,0.16,34.53,181.29,67.98
180430,77115,2018-01-30,2018-02-05,20668,1363,133,4,9,4,6,2,Yes,1,215.82,215.82,0.15,32.37,183.45,53.2
180431,77116,2018-01-30,2018-02-01,20669,1363,142,4,7,4,2,-2,No,1,215.82,215.82,0.13,28.06,187.76,56.33
180432,77117,2018-01-30,2018-02-02,20670,1363,142,4,16,4,3,-1,No,1,215.82,215.82,0.12,25.9,189.92,77.87
180433,77118,2018-01-30,2018-02-03,20671,1363,146,4,21,4,4,0,No,1,215.82,215.82,0.1,21.58,194.24,56.33
180434,77119,2018-01-30,2018-02-04,20672,1363,146,4,9,4,5,1,Yes,1,215.82,215.82,0.09,19.42,196.4,37.12
180435,77120,2018-01-30,2018-02-05,20673,1363,146,4,14,4,6,2,Yes,1,215.82,215.82,0.07,15.11,200.71,96.34
180436,77121,2018-01-30,2018-02-01,20674,1363,146,4,7,4,2,-2,No,1,215.82,215.82,0.06,11.87,203.95,67.3
180437,77122,2018-01-30,2018-02-02,20675,1363,136,4,2,4,3,-1,No,1,215.82,215.82,0.05,10.79,205.03,102.51
180438,77123,2018-01-30,2018-02-03,20676,1363,127,4,21,4,4,0,No,1,215.82,215.82,0.04,8.63,207.19,99.45
180439,77124,2018-01-30,2018-02-04,20677,1363,127,4,14,4,5,1,Yes,1,215.82,215.82,0.03,6.47,209.35,52.34
180440,77125,2018-01-30,2018-02-05,20678,1363,139,3,9,2,6,4,Yes,1,215.82,215.82,0.02,4.32,211.5,61.34
180441,77126,2018-01-30,2018-02-01,20679,1363,139,3,23,2,2,0,No,1,215.82,215.82,0.01,2.16,213.66,98.28
180442,77127,2018-01-30,2018-02-02,20680,1363,139,3,14,2,3,1,Yes,1,215.82,215.82,0.0,0.0,215.82,56.11
180443,77128,2018-01-30,2018-02-03,20681,1363,139,3,9,2,4,2,Yes,1,215.82,215.82,0.25,53.96,161.87,50.18
180444,77129,2018-01-30,2018-02-04,20682,1363,139,3,9,2,5,3,Yes,1,215.82,215.82,0.2,43.16,172.66,51.8
180445,77130,2018-01-30,2018-02-01,20683,1363,143,2,13,1,2,1,Yes,1,215.82,215.82,0.18,38.85,176.97,49.55
180446,77131,2018-01-30,2018-02-01,20684,1363,143,2,10,1,2,1,Yes,1,215.82,215.82,0.17,36.69,179.13,53.74
180447,77132,2018-01-30,2018-02-02,20685,1363,143,3,13,2,3,1,Yes,1,215.82,215.82,0.16,34.53,181.29,58.92
180448,77133,2018-01-30,2018-02-01,20686,1363,143,2,9,1,2,1,Yes,1,215.82,215.82,0.15,32.37,183.45,-119.24
180449,77134,2018-01-30,2018-02-04,20687,1363,143,4,13,4,5,1,Yes,1,215.82,215.82,0.13,28.06,187.76,61.02
180450,77135,2018-01-30,2018-02-05,20688,1363,146,4,14,4,6,2,Yes,1,215.82,215.82,0.12,25.9,189.92,14.24
180451,77136,2018-01-30,2018-02-01,20689,1363,121,2,14,1,2,1,Yes,1,215.82,215.82,0.1,21.58,194.24,42.73
180452,77137,2018-01-31,2018-02-02,20690,1363,133,2,13,1,2,1,Yes,1,215.82,215.82,0.09,19.42,196.4,96.23
180453,77138,2018-01-31,2018-02-04,20691,1363,133,4,18,4,4,0,No,1,215.82,215.82,0.07,15.11,200.71,-25.09
180454,77139,2018-01-31,2018-02-05,20692,1363,133,4,8,4,5,1,Yes,1,215.82,215.82,0.06,11.87,203.95,97.9
180455,77140,2018-01-31,2018-02-06,20693,1363,133,4,8,4,6,2,Yes,1,215.82,215.82,0.05,10.79,205.03,75.86
180456,77141,2018-01-31,2018-02-02,20694,1363,133,4,1,4,2,-2,No,1,215.82,215.82,0.04,8.63,207.19,53.87
180457,77142,2018-01-31,2018-02-03,20695,1363,121,4,5,4,3,-1,No,1,215.82,215.82,0.03,6.47,209.35,75.99
180458,77143,2018-01-31,2018-02-04,20696,1363,121,4,18,4,4,0,No,1,215.82,215.82,0.02,4.32,211.5,78.26
180459,77144,2018-01-31,2018-02-05,20697,1363,121,4,14,4,5,1,Yes,1,215.82,215.82,0.01,2.16,213.66,72.22
180460,77145,2018-01-31,2018-02-06,20698,1363,121,4,9,4,6,2,Yes,1,215.82,215.82,0.0,0.0,215.82,-75.54
180461,77146,2018-01-31,2018-02-02,20699,1363,121,4,2,4,2,-2,No,1,215.82,215.82,0.25,53.96,161.87,54.71
180462,77147,2018-01-31,2018-02-02,20700,1363,139,2,9,1,2,1,Yes,1,215.82,215.82,0.2,43.16,172.66,44.89
180463,77148,2018-01-31,2018-02-02,20701,1363,123,2,14,1,2,1,Yes,1,215.82,215.82,0.18,38.85,176.97,-274.31
180464,77149,2018-01-31,2018-02-02,20702,1363,142,2,14,1,2,1,Yes,1,215.82,215.82,0.17,36.69,179.13,60.55
180465,77150,2018-01-31,2018-02-06,20703,1363,142,4,8,4,6,2,Yes,1,215.82,215.82,0.16,34.53,181.29,-120.92
180466,77151,2018-01-31,2018-02-02,20704,1363,139,3,23,2,2,0,No,1,215.82,215.82,0.15,32.37,183.45,66.59
180467,77152,2018-01-31,2018-02-03,20705,1363,133,3,13,2,3,1,Yes,1,215.82,215.82,0.13,28.06,187.76,-309.81
180468,77153,2018-01-31,2018-02-04,20706,1363,133,3,9,2,4,2,Yes,1,215.82,215.82,0.12,25.9,189.92,-148.14
180469,77154,2018-01-31,2018-02-05,20707,1363,139,3,8,2,5,3,Yes,1,215.82,215.82,0.1,21.58,194.24,12.24
180470,77155,2018-01-31,2018-02-06,20708,1363,133,4,13,4,6,2,Yes,1,215.82,215.82,0.09,19.42,196.4,73.65
180471,77156,2018-01-31,2018-02-02,20709,1363,133,3,22,2,2,0,No,1,215.82,215.82,0.07,15.11,200.71,10.04
180472,77157,2018-01-31,2018-02-03,20710,1363,133,4,2,4,3,-1,No,1,215.82,215.82,0.06,11.87,203.95,25.49
180473,77158,2018-01-31,2018-02-04,20711,1363,121,4,22,4,4,0,No,1,215.82,215.82,0.05,10.79,205.03,34.85
180474,77159,2018-01-31,2018-02-05,20712,1363,121,4,9,4,5,1,Yes,1,215.82,215.82,0.04,8.63,207.19,78.73
180475,77160,2018-01-31,2018-02-06,20713,1363,121,4,8,4,6,2,Yes,1,215.82,215.82,0.03,6.47,209.35,54.43
180476,77161,2018-01-31,2018-02-02,20714,1363,121,4,6,4,2,-2,No,1,215.82,215.82,0.02,4.32,211.5,97.29
180477,77162,2018-01-31,2018-02-03,20715,1363,143,4,6,4,3,-1,No,1,215.82,215.82,0.01,2.16,213.66,18.8
180478,77163,2018-01-31,2018-02-04,20716,1363,143,4,22,4,4,0,No,1,215.82,215.82,0.0,0.0,215.82,35.18
180479,77164,2018-01-31,2018-02-05,20717,1363,133,3,12,2,5,3,Yes,1,215.82,215.82,0.25,53.96,161.87,12.14
180480,77165,2018-01-31,2018-02-06,20718,1363,121,3,9,2,6,4,Yes,1,215.82,215.82,0.2,43.16,172.66,50.07
180481,77166,2018-01-31,2018-02-02,20719,1363,121,3,18,2,2,0,No,1,215.82,215.82,0.18,38.85,176.97,8.85
180482,77167,2018-01-31,2018-02-03,20720,1363,121,3,9,2,3,1,Yes,1,215.82,215.82,0.17,36.69,179.13,53.74
180483,77168,2018-01-31,2018-02-04,20721,1363,139,3,14,2,4,2,Yes,1,215.82,215.82,0.16,34.53,181.29,48.95
180484,77169,2018-01-31,2018-02-05,20722,1363,139,4,9,4,5,1,Yes,1,215.82,215.82,0.15,32.37,183.45,57.42
180485,77170,2018-01-31,2018-02-06,20723,1363,139,4,14,4,6,2,Yes,1,215.82,215.82,0.13,28.06,187.76,14.08
180486,77171,2018-01-31,2018-02-02,20724,1363,139,4,2,4,2,-2,No,1,215.82,215.82,0.12,25.9,189.92,18.99
180487,77172,2018-01-31,2018-02-03,20725,1363,127,4,6,4,3,-1,No,1,215.82,215.82,0.1,21.58,194.24,89.35
180488,77173,2018-01-31,2018-02-04,20726,1363,127,4,21,4,4,0,No,1,215.82,215.82,0.09,19.42,196.4,3.93
180489,77174,2018-01-31,2018-02-05,20727,1363,127,4,13,4,5,1,Yes,1,215.82,215.82,0.07,15.11,200.71,98.35
180490,77175,2018-01-31,2018-02-06,20728,1363,136,4,13,4,6,2,Yes,1,215.82,215.82,0.06,11.87,203.95,67.3
180491,77176,2018-01-31,2018-02-02,20729,1363,136,4,2,4,2,-2,No,1,215.82,215.82,0.05,10.79,205.03,55.36
180492,77177,2018-01-31,2018-02-03,20730,1363,136,4,16,4,3,-1,No,1,215.82,215.82,0.04,8.63,207.19,67.34
180493,77178,2018-01-31,2018-02-04,20731,1363,127,3,14,2,4,2,Yes,1,215.82,215.82,0.03,6.47,209.35,-14.86
180494,77179,2018-01-31,2018-02-05,20732,1363,121,4,13,4,5,1,Yes,1,215.82,215.82,0.02,4.32,211.5,-39.34
180495,77180,2018-01-31,2018-02-06,20733,1363,146,3,12,2,6,4,Yes,1,215.82,215.82,0.01,2.16,213.66,-363.23
180496,77181,2018-01-31,2018-02-02,20734,1363,146,4,2,4,2,-2,No,1,215.82,215.82,0.0,0.0,215.82,64.75
180497,77182,2018-01-31,2018-02-03,20735,1363,133,3,14,2,3,1,Yes,1,215.82,215.82,0.25,53.96,161.87,58.76
180498,77183,2018-01-31,2018-02-04,20736,1363,127,4,18,4,4,0,No,1,215.82,215.82,0.2,43.16,172.66,81.15
180499,77184,2018-01-31,2018-02-05,20737,1363,127,4,16,4,5,1,No,1,215.82,215.82,0.18,38.85,176.97,8.85
180500,77185,2018-01-31,2018-02-06,20738,1363,133,4,9,4,6,2,Yes,1,215.82,215.82,0.17,36.69,179.13,65.02
180501,77186,2018-01-31,2018-02-02,20739,1363,144,4,1,4,2,-2,No,1,215.82,215.82,0.16,34.53,181.29,76.14
180502,77187,2018-01-31,2018-02-02,20740,1363,144,2,12,1,2,1,Yes,1,215.82,215.82,0.15,32.37,183.45,59.62
180503,77188,2018-01-31,2018-02-02,20741,1363,127,2,8,1,2,1,Yes,1,215.82,215.82,0.13,28.06,187.76,93.88
180504,77189,2018-01-31,2018-02-05,20742,1363,127,3,9,2,5,3,Yes,1,215.82,215.82,0.12,25.9,189.92,89.26
180505,77190,2018-01-31,2018-02-06,20743,1363,121,4,9,4,6,2,Yes,1,215.82,215.82,0.1,21.58,194.24,17.09
180506,77191,2018-01-31,2018-02-02,20744,1363,127,4,7,4,2,-2,No,1,215.82,215.82,0.09,19.42,196.4,-20.23
180507,77192,2018-01-31,2018-02-03,20745,1363,127,4,7,4,3,-1,No,1,215.82,215.82,0.07,15.11,200.71,-301.07
180508,77193,2018-01-31,2018-02-04,20746,1363,127,4,21,4,4,0,No,1,215.82,215.82,0.06,11.87,203.95,71.38
180509,77194,2018-01-31,2018-02-05,20747,1363,127,3,13,2,5,3,Yes,1,215.82,215.82,0.05,10.79,205.03,71.76
180510,77195,2018-01-31,2018-02-02,20748,1363,127,2,14,1,2,1,Yes,1,215.82,215.82,0.04,8.63,207.19,-51.8
180511,77196,2018-01-31,2018-02-02,20749,1363,127,3,18,2,2,0,No,1,215.82,215.82,0.03,6.47,209.35,-48.78
180512,77197,2018-01-31,2018-02-03,20750,1363,139,3,9,2,3,1,Yes,1,215.82,215.82,0.02,4.32,211.5,21.15
180513,77198,2018-01-31,2018-02-02,20751,1363,133,2,8,1,2,1,Yes,1,215.82,215.82,0.01,2.16,213.66,70.51
180514,77199,2018-01-31,2018-02-02,20752,1363,127,2,13,1,2,1,Yes,1,215.82,215.82,0.0,0.0,215.82,103.59
180515,77200,2018-01-31,2018-02-06,20753,1363,139,4,14,4,6,2,Yes,1,215.82,215.82,0.25,53.96,161.87,-107.96
180516,77201,2018-01-31,2018-02-02,20754,1363,139,4,2,4,2,-2,No,1,215.82,215.82,0.2,43.16,172.66,-126.56
180517,77202,2018-01-31,2018-02-03,20755,1360,139,4,2,4,3,-1,No,1,327.75,327.75,0.04,13.11,314.64,91.25
180518,77203,2018-01-31,2018-02-04,20756,1361,139,4,22,4,4,0,No,1,11.54,11.54,0.06,0.63,10.91,1.53
180519,77204,2018-01-31,2018-02-01,20757,1362,127,1,8,0,1,1,Yes,1,39.75,39.75,0.12,4.77,34.98,9.79
